school,midcareer_pay,annual_cost,median_debt,total_cost,roi_debt_adjusted,earn_premium,break_even_years,sector
Alabama A & M University,40628.0,10024.0,16600.0,10024.0,1.397047086991221,2208.0,12.057971014492754,Public
University of Alabama at Birmingham,54501.0,8832.0,15832.0,8832.0,3.3782835144927534,16081.0,1.5337354642124246,Public
Amridge University,37621.0,,13385.0,,,-799.0,,Private_nonprofit
University of Alabama in Huntsville,61767.0,11770.0,13905.0,11770.0,3.0664401019541208,23347.0,1.0997130252280807,Public
Alabama State University,34502.0,11248.0,17500.0,11248.0,0.5115576102418208,-3918.0,,Public
The University of Alabama,59221.0,11900.0,17986.0,11900.0,2.465126050420168,20801.0,1.436757848180376,Public
Central Alabama Community College,33506.0,5040.0,5500.0,5040.0,4.556746031746032,-4914.0,,Public
Athens State University,50273.0,,14861.0,,,11853.0,,Public
Auburn University at Montgomery,44391.0,9436.0,13119.0,9436.0,2.314116150911403,5971.0,3.7774242170490706,Public
Auburn University,65337.0,12536.0,17750.0,12536.0,2.7960274409700063,26917.0,1.125162536686852,Public
Birmingham-Southern College,59481.0,22750.0,16000.0,22750.0,0.9112527472527473,21061.0,1.8398936422771948,Private_nonprofit
Chattahoochee Valley Community College,36438.0,5040.0,5900.0,5040.0,5.059126984126984,-1982.0,,Public
South University-Montgomery,34421.0,18238.0,13000.0,18238.0,0.17452571553898455,-3999.0,,Private_forprofit
Enterprise State Community College,42572.0,5040.0,5500.0,5040.0,6.355555555555555,4152.0,2.5385356454720616,Public
Coastal Alabama Community College,34894.0,4980.0,5500.0,4980.0,4.902409638554217,-3526.0,,Public
Faulkner University,43457.0,23920.0,15000.0,23920.0,0.18967391304347825,5037.0,7.726821520746476,Private_nonprofit
Gadsden State Community College,32937.0,4032.0,,4032.0,,-5483.0,,Public
New Beginning College of Cosmetology,,,6100.0,,,,,Private_forprofit
George C Wallace Community College-Dothan,31399.0,4920.0,,4920.0,,-7021.0,,Public
George C Wallace State Community College-Hanceville,39842.0,4980.0,8200.0,4980.0,5.3538152610441765,1422.0,9.268635724331928,Public
George C Wallace State Community College-Selma,31598.0,4680.0,,4680.0,,-6822.0,,Public
Herzing University-Birmingham,36909.0,13420.0,11756.0,13420.0,0.8742921013412817,-1511.0,,Private_nonprofit
Huntingdon College,49601.0,28650.0,20000.0,28650.0,0.03319371727748691,11181.0,4.351131383597174,Private_nonprofit
Heritage Christian University,42597.0,11982.0,,11982.0,,4177.0,,Private_nonprofit
J. F. Drake State Community and Technical College,28281.0,5130.0,,5130.0,,-10139.0,,Public
J F Ingram State Technical College,,6084.0,,6084.0,,,,Public
Jacksonville State University,45235.0,12426.0,14000.0,12426.0,1.5136809914694995,6815.0,3.8776228906823182,Public
Jefferson State Community College,40719.0,5040.0,4500.0,5040.0,6.186309523809523,2299.0,4.149630274032188,Public
John C Calhoun State Community College,38192.0,5060.0,6010.0,5060.0,5.3600790513834,-228.0,,Public
Lawson State Community College,31701.0,4980.0,,4980.0,,-6719.0,,Public
University of West Alabama,44232.0,10990.0,13000.0,10990.0,1.8418562329390356,5812.0,4.1276668960770815,Public
Lurleen B Wallace Community College,32307.0,4980.0,,4980.0,,-6113.0,,Public
Marion Military Institute,59644.0,9538.0,5500.0,9538.0,4.676661773956805,21224.0,0.7085375047116472,Public
Miles College,32627.0,12714.0,15691.0,12714.0,0.33207487808714803,-5793.0,,Private_nonprofit
University of Mobile,43611.0,26120.0,19000.0,26120.0,-0.057771822358346096,5191.0,8.691966865729146,Private_nonprofit
University of Montevallo,42957.0,13710.0,16000.0,13710.0,0.9662290299051787,4537.0,6.5483799867754025,Public
Northwest Shoals Community College,33828.0,5071.0,5500.0,5071.0,4.586274896470124,-4592.0,,Public
University of North Alabama,45415.0,11990.0,15781.0,11990.0,1.471559633027523,6995.0,3.97012151536812,Public
Northeast Alabama Community College,34913.0,4980.0,4400.0,4980.0,5.12710843373494,-3507.0,,Public
Oakwood University,42488.0,21838.0,21500.0,21838.0,-0.03892297829471563,4068.0,10.65339233038348,Private_nonprofit
Reid State Technical College,28982.0,6100.0,,6100.0,,-9438.0,,Public
Bishop State Community College,29916.0,5280.0,,5280.0,,-8504.0,,Public
Samford University,58469.0,38144.0,15750.0,38144.0,0.11994022651006711,20049.0,2.688114120405008,Private_nonprofit
Selma University,,4800.0,,4800.0,,,,Private_nonprofit
Shelton State Community College,35014.0,5067.0,,5067.0,,-3406.0,,Public
Snead State Community College,35735.0,5472.0,6450.0,5472.0,4.351790935672515,-2685.0,,Public
University of South Alabama,49379.0,9676.0,17750.0,9676.0,2.2688094253823894,10959.0,2.5026006022447302,Public
Spring Hill College,51500.0,23270.0,21500.0,23270.0,0.289213579716373,13080.0,3.422782874617737,Private_nonprofit
Stillman College,35421.0,11392.0,16000.0,11392.0,0.7047928370786517,-2999.0,,Private_nonprofit
Talladega College,32229.0,15650.0,15000.0,15650.0,0.10089456869009585,-6191.0,,Private_nonprofit
H Councill Trenholm State Community College,32183.0,4890.0,,4890.0,,-6237.0,,Public
Troy University,42062.0,9792.0,15985.0,9792.0,1.6630923202614378,3642.0,7.0777045579352,Public
Tuskegee University,49641.0,23440.0,21250.0,23440.0,0.21122013651877133,11221.0,3.982710988325461,Private_nonprofit
United States Sports Academy,55257.0,18900.0,10976.0,18900.0,1.3429100529100528,16837.0,1.774425372691097,Private_nonprofit
Bevill State Community College,34107.0,4678.0,,4678.0,,-4313.0,,Public
University of Alaska Anchorage,51871.0,7566.0,11231.0,7566.0,4.371398361089082,13451.0,1.3974425693257007,Public
Alaska Bible College,,10930.0,,10930.0,,,,Private_nonprofit
University of Alaska Fairbanks,48866.0,8640.0,11283.0,8640.0,3.3498842592592593,10446.0,1.9072372199885124,Public
University of Alaska Southeast,48475.0,6960.0,10500.0,6960.0,4.45617816091954,10055.0,1.73644952759821,Public
Alaska Pacific University,54271.0,20760.0,12696.0,20760.0,1.0026493256262043,15851.0,2.1106554791495804,Private_nonprofit
Alaska Vocational Technical Center,51083.0,,5500.0,,,12663.0,,Public
Charter College,35504.0,18678.0,11884.0,18678.0,0.264589356462148,-2916.0,,Private_forprofit
Alaska Career College,34468.0,,7199.0,,,-3952.0,,Private_forprofit
Empire Beauty School-Tucson,25073.0,,8028.0,,,-13347.0,,Private_forprofit
Carrington College-Phoenix North,36718.0,,9298.0,,,-1702.0,,Private_forprofit
Carrington College-Mesa,36718.0,,9298.0,,,-1702.0,,Private_forprofit
Carrington College-Tucson,36718.0,,9298.0,,,-1702.0,,Private_forprofit
Arizona Academy of Beauty,21201.0,,4750.0,,,-17219.0,,Private_forprofit
Miller-Motte College-Arizona Automotive Institute,31102.0,,10661.0,,,-7318.0,,Private_forprofit
Brookline College-Phoenix,29576.0,,9500.0,,,-8844.0,,Private_forprofit
Arizona State University Campus Immersion,62668.0,12051.0,13610.0,12051.0,3.0708654883412163,24248.0,1.0582728472451337,Public
Arizona Western College,36857.0,3020.0,4500.0,3020.0,9.714238410596026,-1563.0,,Public
University of Arizona,59979.0,13626.0,13750.0,13626.0,2.392705122559812,21559.0,1.2698177095412588,Public
Central Arizona College,40513.0,2250.0,6157.0,2250.0,14.269333333333334,2093.0,4.016722408026756,Public
Charles of Italy Beauty College,26269.0,,7000.0,,,-12151.0,,Private_forprofit
Cochise County Community College District,38033.0,2232.0,5500.0,2232.0,13.575716845878135,-387.0,,Public
Empire Beauty School-Chandler,23921.0,,7851.0,,,-14499.0,,Private_forprofit
Avalon Institute-Mesa,30803.0,,6312.0,,,-7617.0,,Private_forprofit
Eastern Arizona College,38018.0,2352.0,,2352.0,,-402.0,,Public
Embry-Riddle Aeronautical University-Prescott,84131.0,42204.0,14250.0,42204.0,0.6557909202919154,45711.0,1.2350200170637264,Private_nonprofit
The School of Architecture,,,,,,,,Private_nonprofit
Glendale Community College,43108.0,2358.0,4500.0,2358.0,15.373197625106021,4688.0,1.4628839590443685,Public
Grand Canyon University,42186.0,17450.0,12500.0,17450.0,0.7012034383954154,3766.0,7.952734997344662,Private_forprofit
GateWay Community College,46147.0,2358.0,4500.0,2358.0,16.662001696352842,7727.0,0.8875372071955481,Public
Mesa Community College,44034.0,2358.0,4500.0,2358.0,15.76590330788804,5614.0,1.2215888849305307,Public
Mohave Community College,35522.0,2136.0,8000.0,2136.0,11.884831460674157,-2898.0,,Public
Universal Technical Institute of Arizona Inc-Motorcycle Mechanics Institute Division,48341.0,,10247.0,,,9921.0,,Private_forprofit
Dine College,29188.0,1410.0,,1410.0,,-9232.0,,Public
Northern Arizona University,54384.0,12652.0,12916.0,12652.0,2.2775845716092316,15964.0,1.601603608118266,Public
Northland Pioneer College,34199.0,2428.0,,2428.0,,-4221.0,,Public
Phoenix College,40870.0,2358.0,5250.0,2358.0,14.106022052586939,2450.0,3.1053061224489795,Public
Pima Community College,39810.0,2370.0,4500.0,2370.0,13.89873417721519,1390.0,4.942446043165468,Public
Pima Medical Institute-Tucson,38673.0,,9500.0,,,253.0,,Private_forprofit
Pima Medical Institute-Albuquerque,30917.0,,5250.0,,,-7503.0,,Private_forprofit
Prescott College,42359.0,35685.0,12500.0,35685.0,-0.16326187473728457,3939.0,12.232800203097232,Private_nonprofit
Refrigeration School Inc,52953.0,,7917.0,,,14533.0,,Private_forprofit
Rio Salado College,41015.0,2358.0,4375.0,2358.0,14.538592027141645,2595.0,2.5946050096339115,Public
Roberto-Venn School of Luthiery,35209.0,,7307.0,,,-3211.0,,Private_forprofit
Scottsdale Community College,47905.0,2358.0,4500.0,2358.0,17.40754877014419,9485.0,0.7230363732208751,Public
South Mountain Community College,39825.0,2358.0,4500.0,2358.0,13.98091603053435,1405.0,4.881138790035587,Public
Arizona Christian University,51612.0,34697.0,6251.0,34697.0,0.30734645646597686,13192.0,3.104002425712553,Private_nonprofit
Universal Technical Institute of Arizona Inc,52873.0,,11183.0,,,14453.0,,Private_forprofit
Yavapai College,39890.0,2838.0,6762.0,2838.0,10.673009161381254,1470.0,6.530612244897959,Public
University of Arkansas at Little Rock,45265.0,8455.0,14500.0,8455.0,2.638675340035482,6845.0,3.3535427319211104,Public
University of Arkansas for Medical Sciences,73827.0,,13000.0,,,35407.0,,Public
Arkansas Baptist College,28418.0,8760.0,8250.0,8760.0,1.302283105022831,-10002.0,,Private_nonprofit
Arkansas Beauty School-Little Rock,18078.0,,6333.0,,,-20342.0,,Private_forprofit
Arkansas Beauty College,16857.0,,7000.0,,,-21563.0,,Private_forprofit
Lyon College,44232.0,31000.0,10699.0,31000.0,0.08170967741935484,5812.0,7.174638678596009,Private_nonprofit
Arkansas Technical School,16209.0,,9833.0,,,-22211.0,,Private_forprofit
University of Arkansas,58191.0,9748.0,15749.0,9748.0,3.3539187525646286,19771.0,1.2896161043953265,Public
University of Arkansas at Pine Bluff,35550.0,9019.0,14328.0,9019.0,1.3530324869719481,-2870.0,,Public
Arkansas State University-Beebe,36603.0,3216.0,5500.0,3216.0,8.671330845771145,-1817.0,,Public
Arkansas State University,42617.0,7754.0,15000.0,7754.0,2.561645602269796,4197.0,5.421491541577317,Public
Arkansas Tech University,41766.0,8508.0,11350.0,8508.0,2.5749882463563707,3346.0,5.934847579199044,Public
University of Arkansas at Monticello,36902.0,8868.0,11364.0,8868.0,1.8797925124041497,-1518.0,,Public
Arthur's Beauty College,21954.0,,7931.0,,,-16466.0,,Private_forprofit
Baptist Health College Little Rock,62244.0,13593.0,9500.0,13593.0,2.880232472596189,23824.0,0.9693166554734721,Private_nonprofit
Black River Technical College,34818.0,4584.0,6000.0,4584.0,5.286649214659686,-3602.0,,Public
University of Central Arkansas,45938.0,10118.0,13000.0,10118.0,2.2553864400079067,7518.0,3.075019952114924,Public
Central Baptist College,46789.0,19680.0,12876.0,19680.0,0.7232215447154472,8369.0,3.8900704982674155,Private_nonprofit
Cossatot Community College of the University of Arkansas,33775.0,3906.0,,3906.0,,-4645.0,,Public
Crowley's Ridge College,39533.0,16440.0,13918.0,16440.0,0.5580900243309003,1113.0,27.275831087151843,Private_nonprofit
East Arkansas Community College,28471.0,3960.0,4750.0,3960.0,4.990151515151515,-9949.0,,Public
Paul Mitchell the School-Little Rock,24765.0,,9833.0,,,-13655.0,,Private_forprofit
National Park College,32444.0,5600.0,6250.0,5600.0,3.6775,-5976.0,,Public
University of Arkansas Community College-Batesville,33706.0,3558.0,7085.0,3558.0,6.482012366498033,-4714.0,,Public
Harding University,52876.0,24888.0,21601.0,24888.0,0.25662970106075217,14456.0,3.215896513558384,Private_nonprofit
Henderson State University,43459.0,7885.0,12000.0,7885.0,2.9897273303741283,5039.0,3.9462194879936496,Public
Hendrix College,60376.0,36650.0,19500.0,36650.0,0.11530695770804911,21956.0,2.557387502277282,Private_nonprofit
Hot Springs Beauty College,21563.0,,8000.0,,,-16857.0,,Private_forprofit
Jefferson Regional School of Nursing,73975.0,,7500.0,,,35555.0,,Private_nonprofit
John Brown University,53907.0,30832.0,17000.0,30832.0,0.1970355474831344,15487.0,3.088525860399044,Private_nonprofit
Career Academy of Hair Design,21567.0,,5531.0,,,-16853.0,,Private_forprofit
Academy of Salon and Spa,16941.0,,4398.0,,,-21479.0,,Private_forprofit
Arkansas State University Mid-South,31857.0,3048.0,,3048.0,,-6563.0,,Public
Arkansas Northeastern College,33169.0,2570.0,,2570.0,,-5251.0,,Public
New Tyler Barber College Inc,18715.0,,9500.0,,,-19705.0,,Private_forprofit
North Arkansas College,34653.0,3168.0,5928.0,3168.0,8.067234848484848,-3767.0,,Public
Northwest Technical Institute,41513.0,5184.0,,5184.0,,3093.0,,Public
Ouachita Baptist University,51673.0,32480.0,15000.0,32480.0,0.12909482758620688,13253.0,3.582585075077341,Private_nonprofit
Arkansas State University Three Rivers,37374.0,3568.0,6500.0,3568.0,7.653026905829597,-1046.0,,Public
Ozarka College,29314.0,3820.0,7713.0,3820.0,4.6547120418848165,-9106.0,,Public
University of the Ozarks,44384.0,25950.0,11000.0,25950.0,0.2864739884393064,5964.0,6.1955063715627094,Private_nonprofit
University of Arkansas Community College-Morrilton,34924.0,3504.0,6300.0,3504.0,7.168949771689498,-3496.0,,Public
Philander Smith University,38427.0,13014.0,14750.0,13014.0,0.8193483940371907,7.0,3966.285714285714,Private_nonprofit
Phillips Community College of the University of Arkansas,29552.0,3230.0,3500.0,3230.0,7.065634674922601,-8868.0,,Public
Southeast Arkansas College,33603.0,4960.0,6186.0,4960.0,4.527620967741935,-4817.0,,Public
University of Aesthetics & Cosmetology,26754.0,,9833.0,,,-11666.0,,Private_forprofit
University of Arkansas-Pulaski Technical College,34722.0,4848.0,7000.0,4848.0,4.718234323432343,-3698.0,,Public
University of Arkansas Hope-Texarkana,34162.0,3400.0,3500.0,3400.0,8.018235294117646,-4258.0,,Public
University of Arkansas Community College Rich Mountain,30037.0,3528.0,4875.0,3528.0,6.132086167800454,-8383.0,,Public
Paul Mitchell the School-Arkansas,20077.0,,9753.0,,,-18343.0,,Private_forprofit
Searcy Beauty College,19896.0,,9500.0,,,-18524.0,,Private_forprofit
Shorter College,,6246.0,22625.0,6246.0,,,,Private_nonprofit
Williams Baptist University,38484.0,20330.0,9500.0,20330.0,0.42567634038366947,64.0,466.09375,Private_nonprofit
South Arkansas College,34521.0,3204.0,7000.0,3204.0,7.5895755305867665,-3899.0,,Public
Southern Arkansas University Main Campus,42386.0,9820.0,12500.0,9820.0,2.0433808553971486,3966.0,5.627836611195159,Public
Southern Arkansas University Tech,36376.0,4685.0,4500.0,4685.0,5.803842049092849,-2044.0,,Public
Velvatex College of Beauty Culture,17412.0,,,,,-21008.0,,Private_forprofit
University of Arkansas-Fort Smith,41102.0,6906.0,10750.0,6906.0,3.395018824210831,2682.0,6.583146905294556,Public
Academy of Art University,39008.0,28024.0,11000.0,28024.0,-0.0005709391949757351,588.0,66.36734693877551,Private_forprofit
Academy of Chinese Culture and Health Sciences,,,,,,,,Private_nonprofit
College of Alameda,42563.0,1148.0,9500.0,1148.0,27.800522648083625,4143.0,2.5701182717837314,Public
Allan Hancock College,42786.0,1156.0,7888.0,1156.0,29.188581314878892,4366.0,2.071461291800275,Public
American Academy of Dramatic Arts-Los Angeles,27019.0,39475.0,12000.0,39475.0,-0.6195313489550348,-11401.0,,Private_nonprofit
Berkeley School of Theology,,2896.0,,2896.0,,,,Private_nonprofit
American Film Institute Conservatory,,,,,,,,Private_nonprofit
American Beauty College,22481.0,,4923.0,,,-15939.0,,Private_forprofit
American Career College-Los Angeles,38430.0,,9500.0,,,10.0,,Private_forprofit
American River College,40162.0,1288.0,9354.0,1288.0,22.919254658385093,1742.0,6.109070034443169,Public
Antelope Valley Community College District,36526.0,1124.0,8619.0,1124.0,23.82829181494662,-1894.0,,Public
Art Center College of Design,71958.0,51640.0,26000.0,51640.0,-0.1100309837335399,33538.0,2.3149859860456794,Private_nonprofit
Associated Technical College-Los Angeles,24368.0,,9500.0,,,-14052.0,,Private_forprofit
Associated Technical College-San Diego,26688.0,,9500.0,,,-11732.0,,Private_forprofit
Azusa Pacific University,66677.0,43600.0,19710.0,43600.0,0.07722477064220183,28257.0,2.240506777081785,Private_nonprofit
Bakersfield College,37291.0,1430.0,9500.0,1430.0,18.434265734265733,-1129.0,,Public
Barstow Community College,35104.0,1104.0,3463.0,1104.0,27.660326086956523,-3316.0,,Public
Bellus Academy-Chula Vista,23576.0,,6333.0,,,-14844.0,,Private_forprofit
Bethesda University,,7220.0,7648.0,7220.0,,,,Private_nonprofit
Biola University,56778.0,46704.0,19000.0,46704.0,-0.19111853374443302,18358.0,3.579039111014272,Private_nonprofit
Brownson Technical School,68767.0,,9500.0,,,30347.0,,Private_forprofit
Bryan University,40283.0,12185.0,13763.0,12185.0,1.1764464505539598,1863.0,13.928073000536768,Private_forprofit
Butte College,41810.0,1336.0,8250.0,1336.0,24.119760479041915,3390.0,2.8277286135693216,Public
California Institute of Integral Studies,48848.0,,18750.0,,,10428.0,,Private_nonprofit
Cabrillo College,44114.0,1270.0,9500.0,1270.0,26.25511811023622,5694.0,1.8914646996838778,Public
California Baptist University,61504.0,39720.0,20500.0,39720.0,0.032326283987915407,23084.0,2.6087333217813202,Private_nonprofit
California College of the Arts,49414.0,57946.0,19500.0,57946.0,-0.4837607427605012,10994.0,7.044387847917045,Private_nonprofit
University of California College of the Law-San Francisco,,,,,,,,Public
California Institute of Technology,128566.0,63255.0,12000.0,63255.0,0.8427950359655363,90146.0,0.8348124154149934,Private_nonprofit
California Lutheran University,68712.0,50670.0,18970.0,50670.0,-0.018314584566804817,30292.0,2.2989568202825827,Private_nonprofit
California Polytechnic State University-San Luis Obispo,90768.0,11075.0,15396.0,11075.0,5.805598194130925,52348.0,0.5056735691908,Public
Alliant International University-San Diego,66666.0,13918.0,12500.0,13918.0,2.8917947981031755,28246.0,0.9352828719110671,Private_forprofit
California State University-Bakersfield,59009.0,7696.0,11270.0,7696.0,5.203092515592515,20589.0,0.9211714993443101,Public
California State University-Stanislaus,63188.0,7826.0,11750.0,7826.0,5.572706363404038,24768.0,0.790374677002584,Public
California State University-San Bernardino,59977.0,7675.0,12445.0,7675.0,5.193094462540716,21557.0,0.9333395184858747,Public
California State Polytechnic University-Pomona,71902.0,7439.0,13437.0,7439.0,6.859255276246808,33482.0,0.6234991935965594,Public
California State University-Chico,64172.0,8064.0,14500.0,8064.0,5.159722222222222,25752.0,0.8762037899968934,Public
California State University-Dominguez Hills,57162.0,7064.0,11902.0,7064.0,5.4071347678369195,18742.0,1.0119517660868638,Public
California State University-Fresno,61244.0,6980.0,12463.0,6980.0,5.988681948424069,22824.0,0.8518664563617245,Public
California State University-Fullerton,62951.0,7073.0,12000.0,7073.0,6.203591121164994,24531.0,0.7775060128001304,Public
California State University-East Bay,71401.0,7055.0,12500.0,7055.0,7.348830616583983,32981.0,0.5929171341075165,Public
California State University-Long Beach,64403.0,7008.0,12227.0,7008.0,6.445205479452055,25983.0,0.7402917292075588,Public
California State University-Los Angeles,59211.0,6813.0,11966.0,6813.0,5.934536914721855,20791.0,0.9032273579914386,Public
California State University-Northridge,59115.0,7095.0,12000.0,7095.0,5.6405919661733614,20695.0,0.9226866392848514,Public
California State University-Sacramento,64876.0,7602.0,12500.0,7602.0,5.889765851091818,26456.0,0.759827638342909,Public
University of California-Berkeley,92446.0,14850.0,12000.0,14850.0,4.417239057239057,54026.0,0.49698293414282013,Public
University of California-Davis,80838.0,15247.0,11000.0,15247.0,3.5804420541745916,42418.0,0.61877033334905,Public
University of California-Irvine,80735.0,14237.0,13820.0,14237.0,3.7000772634684274,42315.0,0.6630509275670566,Public
University of California-Los Angeles,82511.0,13747.0,12983.0,13747.0,4.057685313159235,44091.0,0.6062461726883037,Public
University of California-Riverside,67699.0,14170.0,14944.0,14170.0,2.723006351446718,29279.0,0.9943645616312032,Public
University of California-San Diego,84943.0,15265.0,14778.0,15265.0,3.5964624959056666,46523.0,0.6457666100638394,Public
University of California-San Francisco,,,,,,,,Public
University of California-Santa Barbara,74915.0,14965.0,11875.0,14965.0,3.2124958235883727,36495.0,0.7354432113988217,Public
University of California-Santa Cruz,68396.0,14560.0,14334.0,14560.0,2.7130494505494505,29976.0,0.9639044568988524,Public
Sofia University,,,,,,,,Private_forprofit
California Beauty School,22255.0,,4369.0,,,-16165.0,,Private_forprofit
Haven University,,7010.0,,7010.0,,,,Private_nonprofit
California Hair Design Academy,19347.0,,6028.0,,,-19073.0,,Private_forprofit
California Institute of the Arts,41198.0,56724.0,16994.0,56724.0,-0.5733023059022636,2778.0,26.536357091432684,Private_nonprofit
California State University Maritime Academy,94784.0,7672.0,16889.0,7672.0,9.153154327424401,56364.0,0.43575686608473496,Public
California Western School of Law,,,,,,,,Private_nonprofit
Canada College,50087.0,1332.0,9272.0,1332.0,29.64189189189189,11667.0,0.9088883174766436,Public
College of the Canyons,49022.0,1176.0,6375.0,1176.0,35.26445578231292,10602.0,0.7122241086587436,Public
Career Academy of Beauty,24410.0,,6279.0,,,-14010.0,,Private_forprofit
Casa Loma College-Los Angeles,49854.0,,20245.0,,,11434.0,,Private_nonprofit
CET-San Diego,32986.0,,6729.0,,,-5434.0,,Private_nonprofit
CET-San Jose,32986.0,,6729.0,,,-5434.0,,Private_nonprofit
CET-El Centro,32986.0,,6729.0,,,-5434.0,,Private_nonprofit
CET-Colton,32986.0,,6729.0,,,-5434.0,,Private_nonprofit
CET-Watsonville,32986.0,,6729.0,,,-5434.0,,Private_nonprofit
CET-Salinas,32986.0,,6729.0,,,-5434.0,,Private_nonprofit
Cerritos College,41156.0,1364.0,8350.0,1364.0,23.05131964809384,2736.0,3.550438596491228,Public
Cerro Coso Community College,34963.0,1384.0,5500.0,1384.0,20.28829479768786,-3457.0,,Public
Chabot College,48143.0,1150.0,8973.0,1150.0,33.06086956521739,9723.0,1.0411395659775788,Public
Chaffey College,42975.0,1184.0,4325.0,1184.0,31.64358108108108,4555.0,1.2094401756311746,Public
Chapman University,70070.0,62784.0,17750.0,62784.0,-0.16666666666666666,31650.0,2.5445181674565562,Private_nonprofit
Charles R Drew University of Medicine and Science,83438.0,18933.0,14750.0,18933.0,2.627951196323879,45018.0,0.7482118263805589,Private_nonprofit
Concordia University-Irvine,65083.0,41390.0,19000.0,41390.0,0.11338487557381009,26663.0,2.264936428758954,Private_nonprofit
San Diego Christian College,49766.0,26300.0,13000.0,26300.0,0.3979467680608365,11346.0,3.4637757800105766,Private_nonprofit
Church Divinity School of the Pacific,,,,,,,,Private_nonprofit
Citrus College,42065.0,1204.0,5500.0,1204.0,29.369601328903656,3645.0,1.8392318244170096,Public
Citrus Heights Beauty College,,,5495.0,,,,,Private_forprofit
City College of San Francisco,45805.0,1696.0,7497.0,1696.0,21.587264150943398,7385.0,1.2448205822613405,Public
Claremont Graduate University,64372.0,,,,,25952.0,,Private_nonprofit
Claremont McKenna College,104736.0,64150.0,11948.0,64150.0,0.44642244738893216,66316.0,1.1475058809337113,Private_nonprofit
Milan Institute-Visalia,32493.0,,7000.0,,,-5927.0,,Private_forprofit
Clovis Adult Education,50098.0,,,,,11678.0,,Public
Coastline Community College,44483.0,1180.0,7683.0,1180.0,30.1864406779661,6063.0,1.4618175820550883,Public
University of Silicon Valley,51017.0,22480.0,18334.0,22480.0,0.45387010676156586,12597.0,3.2399777724855126,Private_forprofit
Coba Academy,21208.0,,6333.0,,,-17212.0,,Private_forprofit
Western University of Health Sciences,,,,,,,,Private_nonprofit
Columbia College,39035.0,1547.0,,1547.0,,615.0,,Public
California College of ASU,42014.0,26175.0,13167.0,26175.0,0.1020821394460363,3594.0,10.946577629382304,Private_nonprofit
Compton College,34181.0,1142.0,6463.0,1142.0,23.271453590192646,-4239.0,,Public
Contra Costa College,40850.0,1312.0,4750.0,1312.0,26.515243902439025,2430.0,2.494650205761317,Public
Cosumnes River College,42446.0,1288.0,8563.0,1288.0,25.30667701863354,4026.0,2.446845504222553,Public
Crafton Hills College,42553.0,1188.0,,1188.0,,4133.0,,Public
Cuesta College,46047.0,1340.0,9500.0,1340.0,26.273880597014927,7627.0,1.4212665530352695,Public
Cuyamaca College,32435.0,1340.0,5136.0,1340.0,19.372388059701493,-5985.0,,Public
Cypress College,43533.0,1150.0,7500.0,1150.0,30.33304347826087,5113.0,1.6917660864463133,Public
De Anza College,56596.0,1562.0,6495.0,1562.0,31.074903969270167,18176.0,0.4432768485915493,Public
International School of Beauty Inc,19799.0,,6359.0,,,-18621.0,,Private_forprofit
College of the Desert,39020.0,1326.0,5261.0,1326.0,24.459276018099548,600.0,10.978333333333333,Public
Design Institute of San Diego,46920.0,29350.0,24530.0,29350.0,-0.23713798977853492,8500.0,6.338823529411765,Private_forprofit
Dharma Realm Buddhist University,,,,,,,,Private_nonprofit
Diablo Valley College,51378.0,1312.0,6000.0,1312.0,33.58689024390244,12958.0,0.5642846118228122,Public
Dominican University of California,84713.0,50666.0,24250.0,50666.0,0.19336438637350492,46293.0,1.618300823018599,Private_nonprofit
Dominican School of Philosophy & Theology,,,,,,,,Private_nonprofit
East Los Angeles College,42006.0,1238.0,6999.0,1238.0,27.277059773828757,3586.0,2.2969882877858336,Public
El Camino Community College District,41589.0,1144.0,4750.0,1144.0,31.201923076923077,3169.0,1.8598927106342695,Public
Emperor's College of Traditional Oriental Medicine,,,,,,,,Private_forprofit
Empire College,43090.0,,12000.0,,,4670.0,,Private_forprofit
Evergreen Valley College,53077.0,1366.0,9250.0,1366.0,31.084187408491946,14657.0,0.724295558436242,Public
FIDM-Fashion Institute of Design & Merchandising,49840.0,34325.0,12000.0,34325.0,0.10240349599417334,11420.0,4.056479859894921,Private_forprofit
Feather River Community College District,38142.0,1465.0,7000.0,1465.0,20.257337883959046,-278.0,,Public
Federico Beauty Institute,29856.0,,5735.0,,,-8564.0,,Private_forprofit
Fielding Graduate University,,,,,,,,Private_nonprofit
Five Branches University,,,,,,,,Private_forprofit
Redondo Beach Beauty College,,,,,,,,Private_forprofit
Foothill College,57072.0,1565.0,6795.0,1565.0,31.1258785942492,18652.0,0.4482093073128887,Public
Franciscan School of Theology,,,,,,,,Private_nonprofit
Fredrick and Charles Beauty College,21826.0,,,,,-16594.0,,Private_forprofit
Fresno City College,37361.0,1334.0,3500.0,1334.0,24.383058470764617,-1059.0,,Public
Fresno Pacific University,58896.0,35558.0,19250.0,35558.0,0.11496709601214916,20476.0,2.6766946669271343,Private_nonprofit
Fuller Theological Seminary,,,,,,,,Private_nonprofit
Fullerton College,43366.0,1150.0,6500.0,1150.0,31.057391304347828,4946.0,1.5467044076021028,Public
Gavilan College,47169.0,1506.0,5841.0,1506.0,26.44223107569721,8749.0,0.8397531146416733,Public
Gemological Institute of America-Carlsbad,42588.0,,8233.0,,,4168.0,,Private_nonprofit
Glendale Community College,41540.0,1181.0,7000.0,1181.0,28.24640135478408,3120.0,2.6221153846153844,Public
Glendale Career College,41472.0,,9321.0,,,3052.0,,Private_forprofit
Golden Gate University,87434.0,31243.0,18774.0,31243.0,1.197612265147393,49014.0,1.0204635410290936,Private_nonprofit
Golden West College,43145.0,1196.0,5500.0,1196.0,30.475752508361204,4725.0,1.417142857142857,Public
Graduate Theological Union,,,,,,,,Private_nonprofit
Grossmont College,40309.0,1332.0,4500.0,1332.0,25.883633633633632,1889.0,3.087347803070408,Public
Salon Success Academy-Riverside,21777.0,,10534.0,,,-16643.0,,Private_forprofit
Hartnell College,44316.0,1404.0,4500.0,1404.0,27.358974358974358,5896.0,1.0013568521031209,Public
Harvey Mudd College,138687.0,66255.0,19500.0,66255.0,0.7989132895630519,100267.0,0.8552664386089142,Private_nonprofit
Hilltop Beauty School,25477.0,,,,,-12943.0,,Private_forprofit
Pacifica Graduate Institute,,,,,,,,Private_forprofit
California State Polytechnic University-Humboldt,47626.0,7913.0,14500.0,7913.0,3.1862757487678506,9206.0,2.4346078644362374,Public
Humphreys University-Stockton and Modesto Campuses,39248.0,14760.0,25000.0,14760.0,-0.034688346883468835,828.0,48.01932367149758,Private_nonprofit
Imperial Valley College,34487.0,1126.0,,1126.0,,-3933.0,,Public
Institute for Business and Technology,38015.0,,7600.0,,,-405.0,,Private_forprofit
Interior Designers Institute,54974.0,20250.0,17667.0,20250.0,0.842320987654321,16554.0,2.2905038057267126,Private_forprofit
Irvine Valley College,49156.0,1156.0,4500.0,1156.0,37.62975778546713,10736.0,0.5268256333830105,Public
Bellus Academy-El Cajon,30807.0,,6330.0,,,-7613.0,,Private_forprofit
American Jewish University,61954.0,,18667.0,,,23534.0,,Private_nonprofit
Reedley College,38493.0,1334.0,3500.0,1334.0,25.231634182908547,73.0,66.21917808219177,Public
Life Pacific University,43299.0,20462.0,14000.0,20462.0,0.4318737171342,4879.0,7.063332650133224,Private_nonprofit
University of La Verne,65464.0,47000.0,21000.0,47000.0,-0.05395744680851064,27044.0,2.5144209436473894,Private_nonprofit
Laguna College of Art and Design,47867.0,35650.0,18875.0,35650.0,-0.1867601683029453,9447.0,5.771673547157828,Private_nonprofit
Lake Tahoe Community College,36657.0,1131.0,5100.0,1131.0,26.90185676392573,-1763.0,,Public
Lancaster Beauty School,16220.0,,7250.0,,,-22200.0,,Private_forprofit
Laney College,37282.0,1148.0,9301.0,1148.0,23.37369337979094,-1138.0,,Public
Lassen Community College,35994.0,1144.0,5500.0,1144.0,25.655594405594407,-2426.0,,Public
Latin American Bible Institute,,12320.0,,12320.0,,,,Private_nonprofit
Life Chiropractic College West,,,,,,,,Private_nonprofit
Lincoln University,53695.0,11420.0,12500.0,11420.0,2.6072679509632226,15275.0,1.5659574468085107,Private_nonprofit
Southern California Seminary,39607.0,18720.0,12034.0,18720.0,0.47291666666666665,1187.0,25.909014321819715,Private_nonprofit
La Sierra University,61824.0,35910.0,18500.0,35910.0,0.20646059593428015,23404.0,2.324816270722953,Private_nonprofit
Loma Linda University,89816.0,,17014.0,,,51396.0,,Private_nonprofit
Long Beach City College,38870.0,1556.0,7000.0,1556.0,19.482005141388175,450.0,19.013333333333332,Public
Southern California University of Health Sciences,70649.0,10769.0,10950.0,10769.0,4.543597362800631,32229.0,0.6738961804585932,Private_nonprofit
Los Angeles Harbor College,41133.0,1238.0,5795.0,1238.0,27.544426494345718,2713.0,2.5923332104681163,Public
Los Angeles Pierce College,44521.0,1238.0,12500.0,1238.0,24.865105008077546,6101.0,2.2517620062284873,Public
Los Angeles Southwest College,32172.0,1238.0,10000.0,1238.0,16.909531502423263,-6248.0,,Public
Los Angeles Trade Technical College,35233.0,1238.0,9500.0,1238.0,19.7859450726979,-3187.0,,Public
Los Angeles Valley College,42678.0,1238.0,9500.0,1238.0,25.79967689822294,4258.0,2.521841240018788,Public
The Master's University and Seminary,57106.0,36930.0,16327.0,36930.0,0.10422420796100731,18686.0,2.85010168040244,Private_nonprofit
Los Angeles City College,36190.0,1238.0,9500.0,1238.0,20.55896607431341,-2230.0,,Public
Los Angeles County College of Nursing and Allied Health,115318.0,,9500.0,,,76898.0,,Public
Los Angeles Mission College,39834.0,1238.0,10432.0,1238.0,22.749596122778676,1414.0,8.253182461103254,Public
Los Medanos College,42454.0,1312.0,9326.0,1312.0,24.25,4034.0,2.63708477937531,Public
Loyola Marymount University,78349.0,58974.0,15000.0,58974.0,0.0741852341709906,39929.0,1.8526384332189636,Private_nonprofit
Lu Ross Academy,23148.0,,6333.0,,,-15272.0,,Private_forprofit
Lyle's College of Beauty,25913.0,,6333.0,,,-12507.0,,Private_forprofit
Lyle's College of  Beauty,25913.0,,6333.0,,,-12507.0,,Private_forprofit
Lytles Redwood Empire Beauty College,20358.0,,7534.0,,,-18062.0,,Private_forprofit
MTI College,45328.0,,7060.0,,,6908.0,,Private_forprofit
College of Marin,42654.0,1558.0,10062.0,1558.0,19.919127086007702,4234.0,2.744449692961738,Public
Mendocino College,40243.0,1423.0,9500.0,1423.0,20.604356992269853,1823.0,5.991771804717499,Public
Menlo College,76419.0,51070.0,13000.0,51070.0,0.24180536518504014,37999.0,1.6860970025526987,Private_nonprofit
Merced College,37815.0,1194.0,4188.0,1194.0,27.16331658291457,-605.0,,Public
Merritt College,44392.0,1167.0,9500.0,1167.0,28.898886032562125,5972.0,1.7861687876758205,Public
Northeastern University Oakland,92538.0,63949.0,22000.0,63949.0,0.1030352311998624,54118.0,1.5881776857977012,Private_nonprofit
MiraCosta College,43845.0,1152.0,9488.0,1152.0,28.82378472222222,5425.0,1.961290322580645,Public
Mission College,50936.0,1438.0,8816.0,1438.0,28.29068150208623,12516.0,0.8192713326941515,Public
Modern Beauty Academy,22477.0,,8143.0,,,-15943.0,,Private_forprofit
Modesto Junior College,42368.0,1270.0,3375.0,1270.0,29.703149606299213,3948.0,1.176545086119554,Public
Moler Barber College,15204.0,,8374.0,,,-23216.0,,Private_forprofit
Middlebury Institute of International Studies at Monterey,76310.0,,11522.0,,,37890.0,,Private_nonprofit
Monterey Peninsula College,42176.0,1188.0,8250.0,1188.0,27.55723905723906,3756.0,2.512779552715655,Public
Moorpark College,49044.0,1416.0,7161.0,1416.0,28.578389830508474,10624.0,0.8073230421686747,Public
Mt San Antonio College,46283.0,1364.0,5500.0,1364.0,28.89956011730205,7863.0,0.8729492560091568,Public
Mount Saint Mary's University,72379.0,48132.0,22167.0,48132.0,0.04321449347627358,33959.0,2.070113960952914,Private_nonprofit
Mt San Jacinto Community College District,38319.0,1406.0,7000.0,1406.0,21.27524893314367,-101.0,,Public
Musicians Institute,32778.0,28400.0,6334.0,28400.0,-0.06887323943661972,-5642.0,,Private_forprofit
Napa Valley College,49517.0,1156.0,9371.0,1156.0,33.72837370242215,11097.0,0.9486347661530143,Public
National Holistic Institute,27978.0,,9500.0,,,-10442.0,,Private_forprofit
National University,67548.0,13320.0,18750.0,13320.0,2.6635135135135135,29128.0,1.1010024718483933,Private_nonprofit
Naval Postgraduate School,,,,,,,,Public
Newschool of Architecture and Design,68891.0,30291.0,23618.0,30291.0,0.49460235713578293,30471.0,1.7691903777362081,Private_forprofit
North Adrian's College of Beauty Inc,27269.0,,9500.0,,,-11151.0,,Private_forprofit
North-West College-Pomona,39876.0,,9500.0,,,1456.0,,Private_forprofit
North-West College-West Covina,37542.0,,9500.0,,,-878.0,,Private_forprofit
North-West College-Van Nuys,32488.0,,8419.0,,,-5932.0,,Private_forprofit
San Francisco Bay University,,8775.0,,8775.0,,,,Private_nonprofit
Notre Dame de Namur University,74576.0,,16500.0,,,36156.0,,Private_nonprofit
Occidental College,75951.0,63446.0,19000.0,63446.0,-0.1023705198121237,37531.0,2.1967440249393833,Private_nonprofit
Ohlone College,54278.0,1202.0,9500.0,1202.0,36.25291181364393,15858.0,0.6748644217429689,Public
Orange Coast College,47348.0,1208.0,6175.0,1208.0,33.08360927152318,8928.0,0.8269489247311828,Public
Otis College of Art and Design,58152.0,55513.0,20000.0,55513.0,-0.312737556968638,19732.0,3.826930873707683,Private_nonprofit
Oxnard College,41393.0,1416.0,7500.0,1416.0,22.935734463276837,2973.0,2.9989909182643792,Public
Hope International University,49697.0,36250.0,15738.0,36250.0,-0.0632,11277.0,4.61009133634832,Private_nonprofit
Concorde Career College-San Diego,39169.0,,9500.0,,,749.0,,Private_forprofit
Palo Alto University,83187.0,,15000.0,,,44767.0,,Private_nonprofit
Pacific Oaks College,52485.0,33360.0,23500.0,33360.0,-0.1311450839328537,14065.0,4.0426590828297195,Private_nonprofit
Pacific School of Religion,,,,,,,,Private_nonprofit
Pacific States University,,9810.0,,9810.0,,,,Private_nonprofit
Pacific Union College,70484.0,35214.0,19500.0,35214.0,0.44783324813994435,32064.0,1.7063997005988023,Private_nonprofit
University of the Pacific,78445.0,55340.0,17653.0,55340.0,0.09851825081315504,40025.0,1.82368519675203,Private_nonprofit
Palo Verde College,36389.0,1288.0,,1288.0,,-2031.0,,Public
Palomar College,42300.0,1354.0,3500.0,1354.0,27.65583456425406,3880.0,1.2510309278350515,Public
Pasadena City College,43937.0,1180.0,6036.0,1180.0,31.11949152542373,5517.0,1.307957223128512,Public
Pepperdine University,82939.0,66742.0,19500.0,66742.0,-0.04948907734260286,44519.0,1.937195354792336,Private_nonprofit
Pitzer College,69512.0,62692.0,13000.0,62692.0,-0.09857717093090028,31092.0,2.4344525923067026,Private_nonprofit
Point Loma Nazarene University,63998.0,43550.0,19500.0,43550.0,0.02176808266360505,25578.0,2.465008992102588,Private_nonprofit
Pomona College,77779.0,62326.0,10000.0,62326.0,0.08749157654911273,39359.0,1.8375974999364821,Private_nonprofit
Porterville College,36328.0,1409.0,,1409.0,,-2092.0,,Public
Professional Institute of Beauty,16886.0,,2976.0,,,-21534.0,,Private_forprofit
Santa Ana College,43552.0,1180.0,5500.0,1180.0,31.247457627118646,5132.0,1.3016367887763056,Public
Pardee RAND Graduate School,,,,,,,,Private_nonprofit
Shasta School of Cosmetology,,,,,,,,Private_forprofit
University of Redlands,72690.0,57614.0,21250.0,57614.0,-0.10716145381330927,34270.0,2.3012547417566385,Private_nonprofit
College of the Redwoods,36243.0,1147.0,6666.0,1147.0,24.786399302528334,-2177.0,,Public
Salon Success Academy-Upland,26956.0,,7116.0,,,-11464.0,,Private_forprofit
Salon Success Academy-Corona,22412.0,,7176.0,,,-16008.0,,Private_forprofit
Rio Hondo College,44950.0,1388.0,4750.0,1388.0,27.962536023054756,6530.0,0.9399693721286371,Public
Riverside City College,41091.0,1420.0,5500.0,1420.0,24.064084507042253,2671.0,2.590789966304755,Public
Dongguk University Los Angeles,,,,,,,,Private_nonprofit
Sacramento City College,42214.0,1288.0,9256.0,1288.0,24.588509316770185,3794.0,2.779124934106484,Public
Saddleback College,50874.0,1432.0,6988.0,1432.0,29.64664804469274,12454.0,0.6760880038541834,Public
Samuel Merritt University,143238.0,,20825.0,,,104818.0,,Private_nonprofit
San Diego City College,38503.0,1150.0,4500.0,1150.0,28.567826086956522,83.0,68.07228915662651,Public
San Diego Mesa College,45120.0,1150.0,4500.0,1150.0,34.321739130434786,6700.0,0.8432835820895522,Public
San Diego Miramar College,48224.0,1150.0,4239.0,1150.0,37.24782608695652,9804.0,0.5496736026111791,Public
San Diego State University,64909.0,8290.0,12847.0,8290.0,5.280096501809409,26489.0,0.7979538676431727,Public
University of San Diego,86522.0,56444.0,19019.0,56444.0,0.19592870810006377,48102.0,1.5688121076046735,Private_nonprofit
San Francisco Conservatory of Music,,54550.0,22000.0,54550.0,,,,Private_nonprofit
San Francisco State University,68077.0,7424.0,12923.0,7424.0,6.429148706896552,29657.0,0.6860774859223792,Public
University of San Francisco,89812.0,58222.0,19000.0,58222.0,0.21624128336367696,51392.0,1.5026074097135742,Private_nonprofit
San Joaquin College of Law,,,,,,,,Private_nonprofit
San Joaquin Delta College,43212.0,1288.0,7000.0,1288.0,27.114906832298136,4792.0,1.7295492487479132,Public
San Joaquin Valley College-Visalia,38317.0,,9773.0,,,-103.0,,Private_forprofit
San Joaquin Valley College-Bakersfield,38317.0,,9773.0,,,-103.0,,Private_forprofit
William Jessup University,56257.0,37150.0,14419.0,37150.0,0.12619111709286676,17837.0,2.8911251892134326,Private_nonprofit
San Jose City College,46215.0,1366.0,5500.0,1366.0,28.806002928257687,7795.0,0.880821039127646,Public
San Jose State University,78988.0,7992.0,12000.0,7992.0,7.381881881881882,40568.0,0.49280220863734964,Public
College of San Mateo,54172.0,1332.0,6875.0,1332.0,34.50825825825826,15752.0,0.5210132046724225,Public
Santa Barbara City College,47647.0,1234.0,8250.0,1234.0,30.926256077795784,9227.0,1.0278530399913297,Public
Santa Clara University,109183.0,59241.0,16845.0,59241.0,0.5586840195135127,70763.0,1.075222927235985,Private_nonprofit
Santa Monica College,42193.0,1156.0,6500.0,1156.0,29.87629757785467,3773.0,2.0291545189504374,Public
Santa Rosa Junior College,47224.0,1318.0,7250.0,1318.0,29.32928679817906,8804.0,0.9731940027260336,Public
Saybrook University,,,,,,,,Private_nonprofit
Scripps College,77539.0,63434.0,11853.0,63434.0,0.03550146609073998,39119.0,1.924563511337202,Private_nonprofit
College of the Sequoias,39092.0,1394.0,4500.0,1394.0,23.814921090387376,672.0,8.770833333333334,Public
Shasta Bible College and Graduate School,28891.0,14535.0,,14535.0,,-9529.0,,Private_nonprofit
Shasta College,39269.0,1197.0,9500.0,1197.0,23.86967418546366,849.0,12.599528857479388,Public
Sierra College,45294.0,1156.0,9500.0,1156.0,29.963667820069205,6874.0,1.5501891184172243,Public
Sierra College of Beauty,18519.0,,,,,-19901.0,,Private_forprofit
Trinity Law School,46989.0,,19500.0,,,8569.0,,Private_nonprofit
Simpson University,54340.0,38522.0,13000.0,38522.0,0.07315300347853175,15920.0,3.2363065326633165,Private_nonprofit
College of the Siskiyous,39098.0,1444.0,8000.0,1444.0,20.53601108033241,678.0,13.929203539823009,Public
Charles A Jones Career and Education Center,41047.0,,5308.0,,,2627.0,,Public
Skyline College,55702.0,1332.0,7500.0,1332.0,35.187687687687685,17282.0,0.511051961578521,Public
San Bernardino Valley College,39676.0,1185.0,3938.0,1185.0,29.158649789029536,1256.0,4.078821656050955,Public
Saint Mary's College of California,78812.0,56134.0,19500.0,56134.0,0.0566145295186518,40392.0,1.872499504852446,Private_nonprofit
Solano Community College,44170.0,1172.0,9500.0,1172.0,28.581911262798634,5750.0,1.856,Public
Sonoma State University,65986.0,8190.0,13000.0,8190.0,5.46959706959707,27566.0,0.768700573169847,Public
South Baylo University,,,14000.0,,,,,Private_nonprofit
South Coast College,44897.0,13409.0,17346.0,13409.0,1.0546647773883213,6477.0,4.748340280994287,Private_forprofit
Vanguard University of Southern California,59541.0,39950.0,15000.0,39950.0,0.11491864831038799,21121.0,2.6016760570048767,Private_nonprofit
Concorde Career College-Garden Grove,45711.0,,9500.0,,,7291.0,,Private_forprofit
Southwestern College,40060.0,1344.0,4044.0,1344.0,25.797619047619047,1640.0,3.2853658536585364,Public
Starr King School for the Ministry,,,,,,,,Private_nonprofit
Marshall B Ketchum University,,,,,,,,Private_nonprofit
Southern California Institute of Architecture,71909.0,53564.0,33250.0,53564.0,-0.27826525278171904,33489.0,2.5923138941144854,Private_nonprofit
University of Southern California,92498.0,68237.0,16112.0,68237.0,0.11942201444963876,54078.0,1.5597655238729242,Private_nonprofit
Southwestern Law School,,,,,,,,Private_nonprofit
Taft College,38861.0,1108.0,,1108.0,,441.0,,Public
Claremont School of Theology,,,,,,,,Private_nonprofit
Thomas Aquinas College,55619.0,28700.0,18000.0,28700.0,0.31076655052264807,17199.0,2.7152741438455723,Private_nonprofit
Epic Bible College & Graduate School,37822.0,15072.0,16446.0,15072.0,0.4182590233545648,-598.0,,Private_nonprofit
UEI College-Huntington Park,31141.0,,9500.0,,,-7279.0,,Private_forprofit
Concorde Career College-San Bernardino,39993.0,,9500.0,,,1573.0,,Private_forprofit
Concorde Career College-North Hollywood,50552.0,,9500.0,,,12132.0,,Private_forprofit
Ventura College,43430.0,1416.0,6500.0,1416.0,25.08050847457627,5010.0,1.5800399201596806,Public
The Colleges of Law at Ventura,,,,,,,,Private_nonprofit
Bridges Beauty College,17287.0,,,,,-21133.0,,Private_forprofit
Victor Valley College,36119.0,1425.0,7500.0,1425.0,19.083508771929825,-2301.0,,Public
Berkeley City College,41217.0,1148.0,9500.0,1148.0,26.628048780487806,2797.0,3.8069360028602075,Public
Walden University,42810.0,12498.0,11500.0,12498.0,1.5052008321331414,4390.0,5.466514806378132,Private_forprofit
Waynes College of Beauty,,,4424.0,,,,,Private_forprofit
Coalinga College,37633.0,1384.0,5500.0,1384.0,22.21748554913295,-787.0,,Public
West Los Angeles College,38537.0,1238.0,9500.0,1238.0,22.45476575121163,117.0,91.77777777777777,Public
West Valley College,51688.0,1490.0,7000.0,1490.0,28.99194630872483,13268.0,0.639885438649382,Public
Carrington College-Sacramento,39633.0,,10460.0,,,1213.0,,Private_forprofit
Westminster Theological Seminary in California,,,,,,,,Private_nonprofit
Westmont College,64778.0,51790.0,19343.0,51790.0,-0.12270708631009847,26358.0,2.698725244707489,Private_nonprofit
Whittier College,59492.0,49864.0,18125.0,49864.0,-0.170403497513236,21072.0,3.226509111617312,Private_nonprofit
Woodbury University,65668.0,44886.0,21500.0,44886.0,-0.015996078955576348,27248.0,2.436362301820317,Private_nonprofit
The Wright Institute,,,,,,,,Private_nonprofit
Thomas Jefferson School of Law,,,,,,,,Private_nonprofit
Yeshiva Ohr Elchonon Chabad West Coast Talmudical Seminary,48361.0,16900.0,,16900.0,,9941.0,,Private_nonprofit
Yuba College,39552.0,1128.0,6000.0,1128.0,28.74468085106383,1132.0,6.296819787985866,Public
Adams State University,44372.0,9776.0,11750.0,9776.0,2.3369476268412437,5952.0,3.6165994623655915,Public
Aims Community College,41887.0,2090.0,5250.0,2090.0,16.529665071770335,3467.0,2.1171041246034035,Public
Arapahoe Community College,48341.0,4308.0,6500.0,4308.0,8.712395543175488,9921.0,1.0894063098477975,Public
Bel-Rea Institute of Animal Technology,39506.0,13819.0,11666.0,13819.0,1.0146175555394747,1086.0,23.46685082872928,Private_forprofit
University of Colorado Denver/Anschutz Medical Campus,64270.0,10017.0,14500.0,10017.0,3.9685534591194966,25850.0,0.9484332688588007,Public
University of Colorado Colorado Springs,54659.0,9712.0,12965.0,9712.0,3.2930395387149916,16239.0,1.3964529835581008,Public
Spartan College of Aeronautics and Technology,59093.0,17406.0,14750.0,17406.0,1.547569803516029,20673.0,1.5554588110095293,Private_forprofit
University of Colorado Boulder,69738.0,16430.0,13000.0,16430.0,2.4533171028606207,31318.0,0.939715179768823,Public
Colorado Christian University,50416.0,39266.0,14000.0,39266.0,-0.07258187745123007,11996.0,4.440313437812605,Private_nonprofit
Colorado College,65222.0,67932.0,13400.0,67932.0,-0.23714891361950186,26802.0,3.034549660473099,Private_nonprofit
Concorde Career College-Aurora,42456.0,,9500.0,,,4036.0,,Private_forprofit
Colorado Mountain College,44127.0,2700.0,5500.0,2700.0,13.306296296296296,5707.0,1.4368319607499562,Public
Colorado Northwestern Community College,43526.0,4454.0,8250.0,4454.0,6.920071845532106,5106.0,2.4880532706619665,Public
Colorado School of Mines,97335.0,21186.0,17500.0,21186.0,2.7682903804399133,58915.0,0.6566409233641687,Public
Colorado School of Trades,51591.0,,13375.0,,,13171.0,,Private_forprofit
Colorado State University-Fort Collins,60543.0,12896.0,14750.0,12896.0,2.550946029776675,22123.0,1.2496496858473083,Public
Colorado Technical University-Colorado Springs,37180.0,12760.0,12166.0,12760.0,0.9603448275862069,-1240.0,,Private_forprofit
Community College of Aurora,44592.0,4030.0,6500.0,4030.0,8.45210918114144,6172.0,1.7060920285158783,Public
Technical College of the Rockies,45516.0,,4750.0,,,7096.0,,Public
Community College of Denver,39095.0,4902.0,5500.0,4902.0,5.853325173398613,675.0,15.410370370370371,Public
Lincoln College of Technology-Denver,46396.0,,9524.0,,,7976.0,,Private_forprofit
Denver Seminary,,,,,,,,Private_nonprofit
University of Denver,71155.0,59340.0,18000.0,59340.0,-0.10422986181327941,32735.0,2.3626088284710556,Private_nonprofit
Emily Griffith Technical College,35487.0,,,,,-2933.0,,Public
Fort Lewis College,46349.0,9670.0,9000.0,9670.0,2.8623578076525336,7929.0,2.354647496531719,Public
Front Range Community College,45910.0,4740.0,7000.0,4740.0,7.208860759493671,7490.0,1.5674232309746328,Public
Iliff School of Theology,,,,,,,,Private_nonprofit
International Salon and Spa Academy,22332.0,,5117.0,,,-16088.0,,Private_forprofit
Lamar Community College,38719.0,4422.0,5973.0,4422.0,6.4052464947987335,299.0,34.76588628762542,Public
Colorado Mesa University,45823.0,9712.0,11000.0,9712.0,2.5855642504118617,7403.0,2.797784681885722,Public
Metropolitan State University of Denver,52093.0,10780.0,12500.0,10780.0,2.6728200371057516,13673.0,1.7026256125210268,Public
Morgan Community College,39429.0,4127.0,5500.0,4127.0,7.221226072207415,1009.0,9.541129831516352,Public
Naropa University,28720.0,34600.0,14750.0,34600.0,-0.596242774566474,-9700.0,,Private_nonprofit
Nazarene Bible College,41450.0,10002.0,17106.0,10002.0,1.4339132173565288,3030.0,8.946534653465347,Private_nonprofit
Northeastern Junior College,39893.0,5582.0,5500.0,5582.0,5.16141168040129,1473.0,7.5234215885947044,Public
University of Northern Colorado,52231.0,12010.0,13805.0,12010.0,2.1995004163197334,13811.0,1.8691622619651003,Public
Otero College,39018.0,4418.0,6000.0,4418.0,6.473517428700769,598.0,17.421404682274247,Public
Pikes Peak State College,40796.0,4302.0,4900.0,4302.0,7.344026034402604,2376.0,3.872895622895623,Public
Pueblo Community College,37434.0,4883.0,5750.0,4883.0,5.488634036453,-986.0,,Public
Red Rocks Community College,46288.0,4707.0,4900.0,4707.0,7.792861695347355,7868.0,1.221021860701576,Public
Regis University,72105.0,43980.0,19750.0,43980.0,0.1904274670304684,33685.0,1.8919400326554847,Private_nonprofit
Rocky Mountain College of Art and Design,42958.0,23720.0,9500.0,23720.0,0.410539629005059,4538.0,7.320405464962539,Private_forprofit
Montessori Education Center of the Rockies,44643.0,,,,,6223.0,,Private_nonprofit
Colorado State University Pueblo,55563.0,9401.0,14475.0,9401.0,3.3705988724603766,17143.0,1.392755060374497,Public
Pickens Technical College,39210.0,4930.0,,4930.0,,790.0,,Public
Intellitec College-Colorado Springs,42169.0,,8894.0,,,3749.0,,Private_forprofit
Intellitec College-Grand Junction,31541.0,,9088.0,,,-6879.0,,Private_forprofit
Trinidad State College,36475.0,4468.0,6500.0,4468.0,5.708818263205013,-1945.0,,Public
United States Air Force Academy,,,,,,,,Public
Empire Beauty School-Thornton,24397.0,,6756.0,,,-14023.0,,Private_forprofit
Western Colorado University,46833.0,11083.0,12000.0,11083.0,2.142921591626816,8413.0,2.743729941756805,Public
Albertus Magnus College,60144.0,39924.0,25000.0,39924.0,-0.1197274822162108,21724.0,2.9885840545019335,Private_nonprofit
Bais Binyomin Academy,,9450.0,,9450.0,,,,Private_nonprofit
University of Bridgeport,50323.0,35760.0,19500.0,35760.0,-0.1380592841163311,11903.0,4.642527094009913,Private_nonprofit
Central Connecticut State University,58562.0,12460.0,16750.0,12460.0,2.3556982343499198,20142.0,1.4502035547611956,Public
Charter Oak State College,64209.0,8506.0,12422.0,8506.0,5.088290618387021,25789.0,0.8115087828143782,Public
Cortiva Institute,34866.0,,11259.0,,,-3554.0,,Private_forprofit
Connecticut College,75001.0,64812.0,20000.0,64812.0,-0.1513762883416651,36581.0,2.3184713375796178,Private_nonprofit
Porter & Chester Institute of Hamden,42914.0,14337.0,9500.0,14337.0,1.330613098974681,4494.0,5.3041833555852245,Private_forprofit
University of Connecticut,73997.0,20366.0,18610.0,20366.0,1.7195816557006776,35577.0,1.0955392528881018,Public
Goodwin University,43596.0,21198.0,14221.0,21198.0,0.3857439381073686,5176.0,6.842928902627512,Private_nonprofit
Lincoln Technical Institute-East Windsor,38683.0,,9500.0,,,263.0,,Private_forprofit
Eastern Connecticut State University,56469.0,13292.0,18500.0,13292.0,1.8565302437556426,18049.0,1.7614272258850905,Public
Fairfield University,88794.0,56360.0,23251.0,56360.0,0.1629347054648687,50374.0,1.5803986183348553,Private_nonprofit
Paul Mitchell the School-North Haven,30900.0,,6333.0,,,-7520.0,,Private_forprofit
Connecticut State Community College,41344.0,5092.0,5235.0,5092.0,6.091319717203456,2924.0,3.5318057455540357,Public
Rensselaer at Hartford,102051.0,,21995.0,,,63631.0,,Private_nonprofit
American Institute-West Hartford,28710.0,,9304.0,,,-9710.0,,Private_forprofit
Hartford International University for Religion and Peace,,,,,,,,Private_nonprofit
University of Hartford,60823.0,47647.0,19500.0,47647.0,-0.13272608978529604,22403.0,2.997232513502656,Private_nonprofit
Holy Apostles College and Seminary,,9580.0,7500.0,9580.0,,,,Private_nonprofit
Mitchell College,39115.0,39050.0,15000.0,39050.0,-0.38245838668373877,695.0,77.76978417266187,Private_nonprofit
Lincoln Technical Institute-New Britain,38683.0,,9500.0,,,263.0,,Private_forprofit
New England Tractor Trailer Training School of Connecticut,44444.0,,6333.0,,,6024.0,,Private_forprofit
University of New Haven,60126.0,45730.0,20475.0,45730.0,-0.13293242947736716,21706.0,3.0500783193587027,Private_nonprofit
Paier College,,26400.0,8935.0,26400.0,,,,Private_forprofit
Porter & Chester Institute,41588.0,14349.0,9500.0,14349.0,1.2362533974492995,3168.0,7.528093434343434,Private_forprofit
Post University,38696.0,17100.0,8750.0,17100.0,0.7512280701754386,276.0,93.65942028985508,Private_forprofit
Quinnipiac University,83759.0,53090.0,21500.0,53090.0,0.17270672443021284,45339.0,1.6451620018085975,Private_nonprofit
Sacred Heart University,75059.0,48460.0,19860.0,48460.0,0.13906314486174165,36639.0,1.8646797128742596,Private_nonprofit
University of Saint Joseph,59908.0,45908.0,24000.0,45908.0,-0.2178269582643548,21488.0,3.253350707371556,Private_nonprofit
Southern Connecticut State University,55043.0,12828.0,15000.0,12828.0,2.1215310258808855,16623.0,1.6740660530590146,Public
Trinity College,90779.0,67420.0,21000.0,67420.0,0.03498961732423613,52359.0,1.688725911495636,Private_nonprofit
United States Coast Guard Academy,,,,,,,,Public
Wesleyan University,73897.0,67316.0,13824.0,67316.0,-0.10759700516964764,35477.0,2.2871155960199565,Private_nonprofit
Western Connecticut State University,59115.0,12763.0,17002.0,12763.0,2.299616077724673,20695.0,1.4382701135539986,Public
Yale University,100533.0,64700.0,11648.0,64700.0,0.37380216383307574,62113.0,1.2291790768438169,Private_nonprofit
Margaret H Rollins School of Nursing at Beebe Medical Center,72380.0,,7500.0,,,33960.0,,Private_nonprofit
Dawn Career Institute LLC,30429.0,,9298.0,,,-7991.0,,Private_forprofit
Delaware Technical Community College-Terry,41448.0,4965.0,5500.0,4965.0,6.2402819738167175,3028.0,3.456076618229855,Public
Delaware State University,49307.0,10314.0,17500.0,10314.0,2.083866589102191,10887.0,2.554790116652889,Public
University of Delaware,72950.0,16080.0,21000.0,16080.0,2.230721393034826,34530.0,1.0738488271068636,Public
Goldey-Beacom College,59892.0,13440.0,14375.0,13440.0,2.3866815476190477,21472.0,1.2954079731743666,Private_nonprofit
Schilling-Douglas School of Hair Design,27420.0,,7733.0,,,-11000.0,,Private_forprofit
Wilmington University,53844.0,12330.0,14308.0,12330.0,2.2064882400648824,15424.0,1.727048755186722,Private_nonprofit
American University,77370.0,56543.0,19500.0,56543.0,0.02346886440408185,38950.0,1.9523234916559693,Private_nonprofit
The Catholic University of America,73250.0,55834.0,22250.0,55834.0,-0.08657807070960347,34830.0,2.2418604651162792,Private_nonprofit
University of the District of Columbia,44236.0,6152.0,14250.0,6152.0,3.874187256176853,5816.0,3.5079092159559835,Public
Pontifical Faculty of the Immaculate Conception at the Dominican House of Studies,,,,,,,,Private_nonprofit
Gallaudet University,43101.0,18382.0,12750.0,18382.0,0.6511261016211511,4681.0,6.650715659047212,Private_nonprofit
George Washington University,90873.0,64990.0,19500.0,64990.0,0.09821511001692568,52453.0,1.6107753607991917,Private_nonprofit
Georgetown University,103494.0,65081.0,13500.0,65081.0,0.38279989551482,65074.0,1.2075636967145096,Private_nonprofit
Howard University,63066.0,33344.0,19200.0,33344.0,0.31555902111324374,24646.0,2.131948389190944,Private_nonprofit
Strayer University-District of Columbia,40092.0,13920.0,14000.0,13920.0,0.8744252873563219,1672.0,16.698564593301434,Private_forprofit
National Conservatory of Dramatic Arts,,11200.0,,11200.0,,,,Private_nonprofit
Trinity Washington University,53804.0,26110.0,19402.0,26110.0,0.31757947146687093,15384.0,2.9583983359334374,Private_nonprofit
Wesley Theological Seminary,,,,,,,,Private_nonprofit
Atlantic Technical College,38560.0,,,,,140.0,,Public
Baptist University of Florida,42836.0,13800.0,17073.0,13800.0,0.8668840579710145,4416.0,6.991168478260869,Private_nonprofit
Barry University,55966.0,33450.0,15750.0,33450.0,0.20227204783258595,17546.0,2.804057904935598,Private_nonprofit
Bethune-Cookman University,38518.0,14794.0,22500.0,14794.0,0.0827362444234149,98.0,380.55102040816325,Private_nonprofit
Lynn University,49006.0,42950.0,10413.0,42950.0,-0.10144353899883586,10586.0,5.040903079539014,Private_nonprofit
North Florida Technical College,31683.0,,,,,-6737.0,,Public
Eastern Florida State College,37195.0,2496.0,8279.0,2496.0,10.584935897435898,-1225.0,,Public
Broward College,41939.0,2830.0,4500.0,2830.0,12.229328621908127,3519.0,2.0829781187837453,Public
Albizu University-Miami,41544.0,13128.0,5000.0,13128.0,1.7836684948202315,3124.0,5.802816901408451,Private_nonprofit
College of Central Florida,38203.0,2710.0,8550.0,2710.0,9.942066420664206,-217.0,,Public
Johnson University Florida,40596.0,19658.0,13500.0,19658.0,0.37837012920948215,2176.0,15.238051470588236,Private_nonprofit
University of Central Florida,58308.0,6368.0,15000.0,6368.0,5.800879396984925,19888.0,1.0744167337087691,Public
Charlotte Technical College,36349.0,3100.0,,3100.0,,-2071.0,,Public
Chipola College,37378.0,3120.0,,3120.0,,-1042.0,,Public
Lorenzo Walker Technical College,36853.0,,,,,-1567.0,,Public
Daytona State College,37096.0,3106.0,5500.0,3106.0,9.172569220862846,-1324.0,,Public
South University-West Palm Beach,34421.0,18238.0,13000.0,18238.0,0.17452571553898455,-3999.0,,Private_forprofit
Eckerd College,51819.0,50374.0,19500.0,50374.0,-0.35841902568785483,13399.0,5.214866781103067,Private_nonprofit
Florida SouthWestern State College,43421.0,3401.0,5000.0,3401.0,10.296971478976772,5001.0,1.679864027194561,Public
Edward Waters University,34782.0,14878.0,11000.0,14878.0,0.5984675359591343,-3638.0,,Private_nonprofit
Embry-Riddle Aeronautical University-Daytona Beach,84131.0,42304.0,14250.0,42304.0,0.6518768910741302,45711.0,1.2372076743015905,Private_nonprofit
Florida Agricultural and Mechanical University,44349.0,5785.0,17855.0,5785.0,3.5797752808988763,5929.0,3.9871816495193118,Public
Florida Atlantic University,56746.0,4879.0,12500.0,4879.0,8.068661610985858,18326.0,0.9483247844592383,Public
Florida State College at Jacksonville,42244.0,2878.0,8750.0,2878.0,10.637943015983321,3824.0,3.040794979079498,Public
Flagler College,49483.0,26610.0,15000.0,26610.0,0.2958662157083803,11063.0,3.7611859350989785,Private_nonprofit
Florida College,43445.0,18920.0,10000.0,18920.0,0.767706131078224,5025.0,5.755223880597015,Private_nonprofit
Concorde Career Institute-Jacksonville,34098.0,,9500.0,,,-4322.0,,Private_forprofit
Concorde Career Institute-Miramar,35442.0,,9500.0,,,-2978.0,,Private_forprofit
Concorde Career Institute-Tampa,36288.0,,9500.0,,,-2132.0,,Private_forprofit
AdventHealth University,72282.0,20880.0,18000.0,20880.0,1.599712643678161,33862.0,1.1481897111806745,Private_nonprofit
Florida Institute of Technology,43137.0,44360.0,14049.0,44360.0,-0.3442741208295762,4717.0,12.382658469366122,Private_nonprofit
Florida International University,60249.0,6565.0,14246.0,6565.0,6.0073115003808075,21829.0,0.9533647899583123,Public
The College of the Florida Keys,42508.0,3279.0,8250.0,3279.0,9.44769746874047,4088.0,2.8202054794520546,Public
Florida Memorial University,36624.0,19110.0,16475.0,19110.0,0.054369440083725795,-1796.0,,Private_nonprofit
Florida Career College-Miami,28928.0,,9365.0,,,-9492.0,,Private_forprofit
Florida School of Massage,26752.0,,7073.0,,,-11668.0,,Private_forprofit
Florida Southern College,55294.0,42360.0,19500.0,42360.0,-0.15500472143531632,16874.0,3.6659950219272255,Private_nonprofit
Florida State University,61675.0,5656.0,16100.0,5656.0,7.057814710042432,23255.0,0.9355407439260374,Public
University of Florida,71588.0,6381.0,14000.0,6381.0,8.024917724494593,33168.0,0.614477809937289,Public
Fort Pierce Beauty Academy,23091.0,,5500.0,,,-15329.0,,Private_forprofit
Full Sail University,38219.0,26417.0,14038.0,26417.0,-0.084642465079305,-201.0,,Private_forprofit
George Stone Technical College,35234.0,,,,,-3186.0,,Public
George T Baker Aviation Technical College,52312.0,,,,,13892.0,,Public
Gulf Coast State College,38359.0,2370.0,5500.0,2370.0,12.864556962025317,-61.0,,Public
Key College,42267.0,9285.0,,9285.0,,3847.0,,Private_forprofit
Hillsborough Community College,40782.0,2506.0,6000.0,2506.0,12.879489225857942,2362.0,3.601185436071126,Public
Hobe Sound Bible College,39863.0,9068.0,,9068.0,,1443.0,,Private_nonprofit
Hollywood Institute of Beauty Careers,21386.0,,6105.0,,,-17034.0,,Private_forprofit
Cortiva Institute,29204.0,,7485.0,,,-9216.0,,Private_forprofit
Indian River State College,38315.0,2764.0,5500.0,2764.0,10.872286541244573,-105.0,,Public
International Academy,19824.0,,7917.0,,,-18596.0,,Private_forprofit
Jacksonville University,68010.0,46180.0,12803.0,46180.0,0.19547423126894758,29590.0,1.993342345386955,Private_nonprofit
Keiser University-Ft Lauderdale,39696.0,24136.0,13000.0,24136.0,0.10606562810739145,1276.0,29.103448275862068,Private_nonprofit
La Belle Beauty School,16879.0,,7056.0,,,-21541.0,,Private_forprofit
Florida Gateway College,37894.0,3100.0,5500.0,3100.0,9.449677419354838,-526.0,,Public
Lake Technical College,32793.0,,,,,-5627.0,,Public
Lake-Sumter State College,39876.0,3292.0,4500.0,3292.0,9.746051032806804,1456.0,5.351648351648351,Public
Fort Myers Technical College,40082.0,,,,,1662.0,,Public
Lively Technical College,30413.0,,,,,-8007.0,,Public
Lindsey Hopkins Technical College,34107.0,,,,,-4313.0,,Public
Loraines Academy & Spa,18342.0,,5833.0,,,-20078.0,,Private_forprofit
Luther Rice College & Seminary,47003.0,10538.0,16094.0,10538.0,1.9330992598215981,8583.0,3.102877781661424,Private_nonprofit
State College of Florida-Manatee-Sarasota,40318.0,3074.0,5720.0,3074.0,10.255042290175666,1898.0,4.633298208640674,Public
Manatee Technical College,38129.0,,,,,-291.0,,Public
Traviss Technical College,39813.0,,,,,1393.0,,Public
Merryfield Academy,,,6333.0,,,,,Private_forprofit
Trinity International University-Florida,46989.0,14180.0,19500.0,14180.0,0.9385754583921015,8569.0,3.930446959971992,Private_nonprofit
Miami Lakes Educational Center and Technical College,35014.0,,,,,-3406.0,,Public
Miami Dade College,40654.0,2838.0,7500.0,2838.0,10.682170542635658,2234.0,4.627573858549686,Public
University of Miami,75328.0,59926.0,15250.0,59926.0,0.0025364616360177552,36908.0,2.0368483797550665,Private_nonprofit
Orange Technical College-South Campus,33350.0,,,,,-5070.0,,Public
Paul Mitchell the School-Jacksonville,34949.0,,9833.0,,,-3471.0,,Private_forprofit
North Florida College,33929.0,3054.0,,3054.0,,-4491.0,,Public
University of North Florida,56343.0,6389.0,11750.0,6389.0,5.979652527782125,17923.0,1.01205155386933,Public
Nova Southeastern University,59209.0,37080.0,16985.0,37080.0,0.13872707659115427,20789.0,2.600654192120833,Private_nonprofit
Northwest Florida State College,39664.0,3246.0,5500.0,3246.0,9.524953789279113,1244.0,7.030546623794212,Public
Orange Technical College,36650.0,,,,,-1770.0,,Public
Palm Beach Atlantic University,49232.0,37990.0,13816.0,37990.0,-0.06775467228217952,10812.0,4.791527931927488,Private_nonprofit
Palm Beach State College,41923.0,3050.0,5061.0,3050.0,11.085901639344263,3503.0,2.3154439052240936,Public
Pasco-Hernando State College,39903.0,3155.0,7000.0,3155.0,9.428843106180665,1483.0,6.847606203641267,Public
Pensacola State College,36739.0,2348.0,5500.0,2348.0,12.304514480408859,-1681.0,,Public
Pinellas Technical College-Clearwater,34627.0,,,,,-3793.0,,Public
Polk State College,40624.0,3366.0,6500.0,3366.0,9.13784907902555,2204.0,4.476406533575318,Public
Radford M Locklin Technical College,35997.0,,,,,-2423.0,,Public
Saint Vincent de Paul Regional Seminary,,,,,,,,Private_nonprofit
Ridge Technical College,33484.0,3918.0,,3918.0,,-4936.0,,Public
Ringling College of Art and Design,43325.0,55480.0,27000.0,55480.0,-0.7057498197548666,4905.0,16.815494393476044,Private_nonprofit
Robert Morgan Educational Center and Technical College,37543.0,,,,,-877.0,,Public
Rollins College,58295.0,58300.0,21385.0,58300.0,-0.3668953687821612,19875.0,4.009308176100629,Private_nonprofit
First Coast Technical College,33784.0,,,,,-4636.0,,Public
Saint Leo University,48364.0,28360.0,14250.0,28360.0,0.20289139633286318,9944.0,4.284995977473853,Private_nonprofit
St Petersburg College,42557.0,2682.0,11000.0,2682.0,10.766219239373601,4137.0,3.3072274595117235,Public
Pinellas Technical College-St. Petersburg,36188.0,,,,,-2232.0,,Public
Santa Fe College,41631.0,2563.0,7125.0,2563.0,12.463129145532578,3211.0,3.0171286203674867,Public
Suncoast Technical College,40621.0,,,,,2201.0,,Public
Seminole State College of Florida,41733.0,3227.0,7704.0,3227.0,9.545088317322591,3313.0,3.2994265016601267,Public
Sheridan Technical College,33166.0,,,,,-5254.0,,Public
St. John Vianney College Seminary,,23100.0,,23100.0,,,,Private_nonprofit
Saint Johns River State College,41728.0,2830.0,8323.0,2830.0,10.803886925795053,3308.0,3.3715235792019347,Public
South Florida State College,39990.0,3165.0,5387.0,3165.0,9.93301737756714,1570.0,5.447133757961783,Public
University of South Florida,57743.0,6410.0,14976.0,6410.0,5.67191887675507,19323.0,1.1067639600476116,Public
St. Thomas University,54272.0,34770.0,9500.0,34770.0,0.28766177739430543,15852.0,2.792707544789301,Private_nonprofit
Stetson University,51642.0,55220.0,15000.0,55220.0,-0.3364360738862731,13222.0,5.310845560429587,Private_nonprofit
Southeastern University,46744.0,31732.0,12000.0,31732.0,0.09491995461994202,8324.0,5.2537241710716005,Private_nonprofit
Bene's Career Academy,19359.0,,6333.0,,,-19061.0,,Private_forprofit
Riveroak Technical College,31778.0,,,,,-6642.0,,Public
Tallahassee Community College,37561.0,2026.0,5350.0,2026.0,14.898815399802567,-859.0,,Public
Talmudic College of Florida,,16750.0,,16750.0,,,,Private_nonprofit
The University of Tampa,59436.0,33424.0,18750.0,33424.0,0.21726902824317856,21016.0,2.48258469737343,Private_nonprofit
Big Bend Technical College,27609.0,,,,,-10811.0,,Public
Tom P. Haney Technical College,28254.0,,,,,-10166.0,,Public
Trinity Baptist College,37275.0,14300.0,11500.0,14300.0,0.8024475524475524,-1145.0,,Private_nonprofit
Trinity College of Florida,32465.0,16300.0,12000.0,16300.0,0.25552147239263806,-5955.0,,Private_nonprofit
Valencia College,40594.0,2474.0,5840.0,2474.0,13.047696038803556,2174.0,3.8242870285188593,Public
Warner University,46086.0,28160.0,13000.0,28160.0,0.17492897727272727,7666.0,5.369162535872684,Private_nonprofit
Florida Panhandle Technical College,32320.0,,,,,-6100.0,,Public
Webber International University,45606.0,32150.0,8750.0,32150.0,0.14637636080870917,7186.0,5.691622599499026,Private_nonprofit
Rasmussen University-Florida,39080.0,15117.0,13000.0,15117.0,0.7252100284447972,660.0,42.60151515151515,Private_forprofit
University of West Florida,49137.0,6360.0,13000.0,6360.0,4.681918238993711,10717.0,1.8064756928244845,Public
Orange Technical College-West Campus,25145.0,,,,,-13275.0,,Public
William T McFatter Technical College,41656.0,,,,,3236.0,,Public
Orange Technical College-East Campus,31858.0,,,,,-6562.0,,Public
Withlacoochee Technical College,34279.0,,,,,-4141.0,,Public
Abraham Baldwin Agricultural College,34996.0,3195.0,8750.0,3195.0,7.21471048513302,-3424.0,,Public
Agnes Scott College,56274.0,48150.0,17750.0,48150.0,-0.19991692627206645,17854.0,3.691049624733953,Private_nonprofit
Interactive College of Technology-Chamblee,27065.0,11330.0,8661.0,11330.0,0.624360105913504,-11355.0,,Private_forprofit
Interactive College of Technology-Morrow,27065.0,11210.0,8661.0,11210.0,0.6417484388938448,-11355.0,,Private_forprofit
Albany Technical College,30541.0,3196.0,5681.0,3196.0,6.778473091364205,-7879.0,,Public
Albany State University,40674.0,5934.0,12000.0,5934.0,3.832153690596562,2254.0,7.956521739130435,Public
Andrew College,38475.0,19126.0,9500.0,19126.0,0.5149534664854125,55.0,520.4727272727273,Private_nonprofit
Georgia Career Institute,23686.0,,6544.0,,,-14734.0,,Private_forprofit
Atlanta Technical College,30350.0,3164.0,6334.0,3164.0,6.59039190897598,-8070.0,,Public
Point University,38740.0,22300.0,14502.0,22300.0,0.08690582959641256,320.0,115.00625,Private_nonprofit
Atlanta Metropolitan State College,33252.0,3105.0,6606.0,3105.0,7.581642512077295,-5168.0,,Public
Atlanta's John Marshall Law School,,,,,,,,Private_forprofit
Atlanta School of Massage,25301.0,,7917.0,,,-13119.0,,Private_forprofit
Clark Atlanta University,42712.0,26446.0,19500.0,26446.0,-0.12228692429857067,4292.0,10.705032618825722,Private_nonprofit
Augusta Technical College,33523.0,4022.0,5500.0,4022.0,5.967429139731477,-4897.0,,Public
Berry College,53800.0,40416.0,18900.0,40416.0,-0.1364806017418844,15380.0,3.8566970091027306,Private_nonprofit
Beulah Heights University,35236.0,8492.0,38980.0,8492.0,-1.4408855393311353,-3184.0,,Private_nonprofit
Brenau University,54003.0,33275.0,18425.0,33275.0,0.06921111945905334,15583.0,3.3177180260540333,Private_nonprofit
Brewton-Parker College,42009.0,21696.0,8250.0,21696.0,0.5560011061946902,3589.0,8.34382836444692,Private_nonprofit
College of Coastal Georgia,39318.0,3483.0,8250.0,3483.0,7.919896640826873,898.0,13.065701559020045,Public
West Georgia Technical College,35479.0,3122.0,5642.0,3122.0,8.55701473414478,-2941.0,,Public
Clayton  State University,49179.0,5068.0,16750.0,5068.0,5.398776637726914,10759.0,2.027883632307835,Public
Columbia Theological Seminary,,,,,,,,Private_nonprofit
Columbus Technical College,34238.0,3042.0,7245.0,3042.0,7.873438527284681,-4182.0,,Public
Columbus State University,44544.0,5751.0,15000.0,5751.0,4.137193531559729,6124.0,3.38847158719791,Public
Georgia Northwestern Technical College,35759.0,3132.0,3971.0,3132.0,9.149425287356323,-2661.0,,Public
Covenant College,50412.0,40464.0,19000.0,40464.0,-0.22370502174772638,11992.0,4.958639092728486,Private_nonprofit
Dalton State College,40251.0,3283.0,7361.0,3283.0,9.018275967103259,1831.0,5.813216821409066,Public
Pro Way Hair School,21586.0,,9500.0,,,-16834.0,,Private_forprofit
South University-Savannah,34421.0,18238.0,13000.0,18238.0,0.17452571553898455,-3999.0,,Private_forprofit
East Georgia State College,37174.0,2736.0,6374.0,2736.0,10.257309941520468,-1246.0,,Public
Emmanuel University,38208.0,23664.0,12000.0,23664.0,0.1075050709939148,-212.0,,Private_nonprofit
Emory University,80137.0,60774.0,16750.0,60774.0,0.04299535985783394,41717.0,1.8583311359877268,Private_nonprofit
Georgia Highlands College,43184.0,2944.0,6750.0,2944.0,11.375679347826088,4764.0,2.0348446683459276,Public
Fort Valley State University,36666.0,5392.0,19000.0,5392.0,2.2763353115727,-1754.0,,Public
Grady Health System Professional Schools,60726.0,,12500.0,,,22306.0,,Public
Georgia Institute of Technology-Main Campus,102772.0,11764.0,20000.0,11764.0,6.036042162529752,64352.0,0.4935977125808056,Public
Georgia Southwestern State University,48757.0,4980.0,11000.0,4980.0,6.5817269076305225,10337.0,1.545903066653768,Public
Georgia College & State University,58140.0,8998.0,16018.0,8998.0,3.681262502778395,19720.0,1.2685598377281948,Public
Georgia Southern University,53236.0,5905.0,15250.0,5905.0,5.432853513971211,14816.0,1.4278482721382288,Public
Georgia State University,47384.0,8478.0,11750.0,8478.0,3.203113941967445,8964.0,2.256581883087907,Public
University of Georgia,68726.0,11180.0,16666.0,11180.0,3.6565295169946332,30306.0,0.9188279548604237,Public
Gordon State College,37871.0,3475.0,8750.0,3475.0,7.380143884892086,-549.0,,Public
Southern Crescent Technical College,36104.0,3126.0,6334.0,3126.0,8.5233525271913,-2316.0,,Public
Gupton Jones College of Funeral Service,42636.0,21000.0,9500.0,21000.0,0.5779047619047619,4216.0,7.234345351043643,Private_nonprofit
Gwinnett College-Lilburn,31422.0,10850.0,9626.0,10850.0,1.0088479262672811,-6998.0,,Private_forprofit
Gwinnett Technical College,45025.0,3356.0,7056.0,3356.0,10.313766388557807,6605.0,1.5763815291445875,Public
Interdenominational Theological Center,,,,,,,,Private_nonprofit
LaGrange College,51745.0,34540.0,15750.0,34540.0,0.04212507237984945,13325.0,3.774108818011257,Private_nonprofit
Lanier Technical College,37623.0,3716.0,,3716.0,,-797.0,,Public
Life University,47397.0,15036.0,9500.0,15036.0,1.520417664272413,8977.0,2.7332070847721956,Private_nonprofit
Chattahoochee Technical College,37138.0,3252.0,,3252.0,,-1282.0,,Public
Herzing University-Atlanta,36909.0,13420.0,11756.0,13420.0,0.8742921013412817,-1511.0,,Private_nonprofit
Mercer University,58354.0,40890.0,17655.0,40890.0,-0.00467106872095867,19934.0,2.9369419082973813,Private_nonprofit
Morehouse College,52889.0,31725.0,18500.0,31725.0,0.08397163120567376,14469.0,3.4712143202709242,Private_nonprofit
Morehouse School of Medicine,,,,,,,,Private_nonprofit
Morris Brown College,,9558.0,,9558.0,,,,Private_nonprofit
North Georgia Technical College,32932.0,3162.0,5657.0,3162.0,7.625869702719798,-5488.0,,Public
Oglethorpe University,55232.0,45806.0,14750.0,45806.0,-0.11622931493690783,16812.0,3.6019509873899596,Private_nonprofit
Paine College,33338.0,14596.0,11000.0,14596.0,0.5304192929569745,-5082.0,,Private_nonprofit
Piedmont University,49130.0,30680.0,18108.0,30680.0,0.011147327249022164,10710.0,4.555368814192343,Private_nonprofit
Miami Ad School-Atlanta,106192.0,19400.0,16849.0,19400.0,3.6053092783505156,67772.0,0.5348669066871274,Private_forprofit
Reinhardt University,46541.0,28420.0,13156.0,28420.0,0.1747009148486981,8121.0,5.1195665558428765,Private_nonprofit
Savannah Technical College,33018.0,3072.0,3466.0,3072.0,8.619791666666666,-5402.0,,Public
Savannah College of Art and Design,45954.0,40595.0,15500.0,40595.0,-0.24980908978938293,7534.0,7.445580037164853,Private_nonprofit
Savannah State University,37981.0,5498.0,16500.0,5498.0,2.9070571116769734,-439.0,,Public
Shorter University,44604.0,24044.0,12500.0,24044.0,0.33521876559640656,6184.0,5.909443725743855,Private_nonprofit
South Georgia Technical College,30364.0,3782.0,,3782.0,,-8056.0,,Public
Spelman College,59993.0,30058.0,21750.0,30058.0,0.2723068733781356,21573.0,2.4015204190423214,Private_nonprofit
Thomas University,49716.0,11640.0,15000.0,11640.0,1.9824742268041238,11296.0,2.358356940509915,Private_nonprofit
Toccoa Falls College,36630.0,23250.0,11067.0,23250.0,0.09948387096774193,-1790.0,,Private_nonprofit
Truett McConnell University,46700.0,25568.0,12000.0,25568.0,0.35716520650813516,8280.0,4.5371980676328505,Private_nonprofit
Wiregrass Georgia Technical College,30864.0,3212.0,2438.0,3212.0,7.849937733499377,-7556.0,,Public
Valdosta State University,49361.0,6007.0,13750.0,6007.0,4.92825037456301,10941.0,1.8057764372543643,Public
Wesleyan College,44317.0,27650.0,15000.0,27650.0,0.06028933092224231,5897.0,7.232491097168052,Private_nonprofit
University of West Georgia,49587.0,5971.0,15000.0,5971.0,4.792497069167643,11167.0,1.8779439419718815,Public
Young Harris College,47195.0,32305.0,12000.0,32305.0,0.08945983593870918,8775.0,5.049002849002849,Private_nonprofit
Chaminade University of Honolulu,52343.0,29970.0,17932.0,29970.0,0.1481815148481815,13923.0,3.4404941463764995,Private_nonprofit
University of Hawaii at Hilo,47856.0,7838.0,12500.0,7838.0,3.510844603215106,9436.0,2.1553624417125903,Public
University of Hawaii at Manoa,57624.0,12186.0,13099.0,12186.0,2.6537830297062204,19204.0,1.3166527806706936,Public
Hawaii Institute of Hair Design,25235.0,,5500.0,,,-13185.0,,Private_forprofit
Hawaii Pacific University,59593.0,33020.0,12000.0,33020.0,0.44133858267716536,21173.0,2.126292920228593,Private_nonprofit
Honolulu Community College,45105.0,3174.0,5995.0,3174.0,11.32199117832388,6685.0,1.3715781600598353,Public
Kapiolani Community College,44599.0,3284.0,6352.0,3284.0,10.64646772228989,6179.0,1.5594756433079786,Public
Kauai Community College,36868.0,3252.0,7000.0,3252.0,8.18450184501845,-1552.0,,Public
Leeward Community College,39899.0,3214.0,5500.0,3214.0,9.702862476664592,1479.0,5.89181879648411,Public
University of Hawaii Maui College,34453.0,3284.0,9500.0,3284.0,6.598355663824604,-3967.0,,Public
University of Hawaii-West Oahu,52075.0,7584.0,11848.0,7584.0,4.3041930379746836,13655.0,1.4230684730867813,Public
Windward Community College,38439.0,3194.0,7175.0,3194.0,8.788353162179085,19.0,545.7368421052631,Public
Carrington College-Boise,43731.0,,12094.0,,,5311.0,,Private_forprofit
Boise Bible College,33140.0,11240.0,12749.0,11240.0,0.8141459074733096,-5280.0,,Private_nonprofit
Boise State University,51658.0,8782.0,14000.0,8782.0,3.288089273514006,13238.0,1.720954827013144,Public
College of Eastern Idaho,42057.0,3390.0,7953.0,3390.0,9.060176991150442,3637.0,3.1187792136376133,Public
Idaho State University,45608.0,8356.0,12500.0,8356.0,2.9621828626136906,7188.0,2.9015025041736227,Public
University of Idaho,54670.0,8816.0,15784.0,8816.0,3.4108439201451906,16250.0,1.5138461538461538,Public
The College of Idaho,48473.0,36030.0,17000.0,36030.0,-0.12647793505412155,10053.0,5.2750422759375315,Private_nonprofit
Lewis-Clark State College,46001.0,7388.0,10989.0,7388.0,3.7390362750406063,7581.0,2.424086532119773,Public
Aveda Institute-Twin Falls,26171.0,,9056.0,,,-12249.0,,Private_forprofit
North Idaho College,40081.0,3396.0,5500.0,3396.0,9.18286219081272,1661.0,5.355809753160747,Public
Northwest Nazarene University,51719.0,39370.0,16826.0,39370.0,-0.11371602743205486,13299.0,4.225580870742161,Private_nonprofit
Nathan Layne Institute of Cosmetology,22209.0,,7055.0,,,-16211.0,,Private_forprofit
Brigham Young University-Idaho,53406.0,4656.0,8750.0,4656.0,8.59106529209622,14986.0,0.8945682637127986,Private_nonprofit
College of Southern Idaho,40916.0,3360.0,5500.0,3360.0,9.540476190476191,2496.0,3.5496794871794872,Public
Adler University,,,,,,,,Private_nonprofit
American Academy of Art College,34324.0,39510.0,27000.0,39510.0,-0.8146292077954949,-4096.0,,Private_forprofit
American Islamic College,,7650.0,,7650.0,,,,Private_nonprofit
School of the Art Institute of Chicago,40151.0,54530.0,19000.0,54530.0,-0.6121217678342197,1731.0,42.47833622183709,Private_nonprofit
Augustana College,62971.0,49834.0,26000.0,49834.0,-0.2581169482682506,24551.0,3.0888354853162805,Private_nonprofit
Aurora University,58709.0,28220.0,15500.0,28220.0,0.5311481218993621,20289.0,2.1548622406229976,Private_nonprofit
Southwestern Illinois College,36884.0,3870.0,4000.0,3870.0,7.497157622739018,-1536.0,,Public
Bethany Theological Seminary,,,,,,,,Private_nonprofit
Black Hawk College,37253.0,4920.0,5302.0,4920.0,5.494105691056911,-1167.0,,Public
Blackburn College,46802.0,26758.0,14770.0,26758.0,0.1970999327303984,8382.0,4.954426151276545,Private_nonprofit
Blessing Rieman College of Nursing and Health Sciences,72430.0,,11250.0,,,34010.0,,Private_nonprofit
Bradley University,66852.0,39680.0,23250.0,39680.0,0.09884072580645162,28432.0,2.213351153629713,Private_nonprofit
Paul Mitchell the School-Tinley Park,28378.0,,7917.0,,,-10042.0,,Private_forprofit
Cameo Beauty Academy,24513.0,,6764.0,,,-13907.0,,Private_forprofit
Cannella School of Hair Design-Villa Park,26970.0,,,,,-11450.0,,Private_forprofit
Cannella School of Hair Design-Chicago,18132.0,,2533.0,,,-20288.0,,Private_forprofit
Cannella School of Hair Design-Chicago,29075.0,,,,,-9345.0,,Private_forprofit
Capri Beauty College,26804.0,,9833.0,,,-11616.0,,Private_forprofit
Carl Sandburg College,35274.0,5300.0,3500.0,5300.0,4.995094339622642,-3146.0,,Public
Catholic Theological Union at Chicago,,,,,,,,Private_nonprofit
Midwestern University-Downers Grove,,,,,,,,Private_nonprofit
The Chicago School at Chicago,56899.0,20844.0,10250.0,20844.0,1.2380061408558818,18479.0,1.68266681097462,Private_nonprofit
Chicago State University,42778.0,12754.0,21500.0,12754.0,0.6683393445193665,4358.0,7.860027535566774,Public
Chicago Theological Seminary,,,,,,,,Private_nonprofit
University of Chicago,91885.0,66939.0,13368.0,66939.0,0.1729634443299123,53465.0,1.5020480688300757,Private_nonprofit
City Colleges of Chicago-Kennedy-King College,28467.0,4380.0,4994.0,4380.0,4.359132420091324,-9953.0,,Public
City Colleges of Chicago-Malcolm X College,32427.0,4380.0,6100.0,4380.0,5.010730593607306,-5993.0,,Public
City Colleges of Chicago-Olive-Harvey College,31114.0,4380.0,5250.0,4380.0,4.905022831050228,-7306.0,,Public
City Colleges of Chicago-Harry S Truman College,36484.0,4380.0,5524.0,4380.0,6.068493150684931,-1936.0,,Public
City Colleges of Chicago-Richard J Daley College,37962.0,4380.0,3500.0,4380.0,6.868036529680365,-458.0,,Public
City Colleges of Chicago-Harold Washington College,36531.0,4380.0,4537.0,4380.0,6.304566210045662,-1889.0,,Public
City Colleges of Chicago-Wilbur Wright College,41625.0,4380.0,4370.0,4380.0,7.505707762557078,3205.0,2.730109204368175,Public
Columbia College Chicago,42195.0,32520.0,16500.0,32520.0,-0.20987084870848707,3775.0,12.98543046357616,Private_nonprofit
Concordia University-Chicago,54089.0,36258.0,14000.0,36258.0,0.10565944067516134,15669.0,3.2074797370604378,Private_nonprofit
Danville Area Community College,34867.0,5300.0,3975.0,5300.0,4.828679245283019,-3553.0,,Public
Tricoci University of Beauty Culture,18077.0,,7307.0,,,-20343.0,,Private_forprofit
DePaul University,68751.0,44460.0,19383.0,44460.0,0.11039136302294197,30331.0,2.104876199268076,Private_nonprofit
Cosmetology & Spa Academy,29779.0,,7917.0,,,-8641.0,,Private_forprofit
College of DuPage,46909.0,4320.0,5500.0,4320.0,8.585416666666667,8489.0,1.1567911414772059,Public
East-West University,29963.0,26100.0,7334.0,26100.0,-0.13298850574712642,-8457.0,,Private_nonprofit
Eastern Illinois University,51989.0,13403.0,15722.0,13403.0,1.7058867417742296,13569.0,2.146436730783403,Public
Elgin Community College,45516.0,3180.0,4790.0,3180.0,11.806918238993712,7096.0,1.1231679819616684,Public
Elmhurst University,61462.0,41628.0,15000.0,41628.0,0.11612376285192659,23042.0,2.4575991667389983,Private_nonprofit
Eureka College,51641.0,28400.0,15000.0,28400.0,0.2901760563380282,13221.0,3.2826563800015127,Private_nonprofit
First Institute of Travel Inc.,36196.0,,8360.0,,,-2224.0,,Private_forprofit
Fox College,41539.0,17190.0,13625.0,17190.0,0.6238510762070971,3119.0,9.87976915678102,Private_forprofit
Garrett-Evangelical Theological Seminary,,,,,,,,Private_nonprofit
Gem City College,19219.0,,9500.0,,,-19201.0,,Private_forprofit
Governors State University,58169.0,11320.0,14000.0,11320.0,2.9018551236749115,19749.0,1.2820902324168313,Public
Graham Hospital School of Nursing,63586.0,8417.0,5250.0,8417.0,5.930735416419152,25166.0,0.5430739887149328,Private_nonprofit
Greenville University,46827.0,30598.0,15000.0,30598.0,0.04016602392313223,8407.0,5.423813488759367,Private_nonprofit
G Skin & Beauty Institute,29032.0,,6333.0,,,-9388.0,,Private_forprofit
Hair Professionals Career College,23568.0,,5597.0,,,-14852.0,,Private_forprofit
Hair Professionals School of Cosmetology,23412.0,,5500.0,,,-15008.0,,Private_forprofit
Hebrew Theological College,33291.0,14700.0,9924.0,14700.0,0.5895918367346938,-5129.0,,Private_nonprofit
Highland Community College,37928.0,4696.0,5500.0,4696.0,5.9054514480408855,-492.0,,Public
Rosalind Franklin University of Medicine and Science,,,,,,,,Private_nonprofit
University of Illinois Chicago,68740.0,14338.0,13657.0,14338.0,2.841749197935556,30320.0,0.9233179419525066,Public
Benedictine University,63446.0,34290.0,17500.0,34290.0,0.3399241761446486,25026.0,2.0694477743147126,Private_nonprofit
Illinois College of Optometry,,,,,,,,Private_nonprofit
University of Illinois Urbana-Champaign,81054.0,16004.0,16500.0,16004.0,3.0336165958510373,42634.0,0.7623962095979735,Public
Illinois Wesleyan University,70871.0,55704.0,23221.0,55704.0,-0.14458566709751544,32451.0,2.432128439801547,Private_nonprofit
Illinois Central College,37366.0,4650.0,5500.0,4650.0,5.852903225806451,-1054.0,,Public
Illinois College,52575.0,37470.0,14746.0,37470.0,0.009580998131838804,14155.0,3.6888731896856233,Private_nonprofit
Olney Central College,37533.0,4390.0,5500.0,4390.0,6.296810933940774,-887.0,,Public
Illinois Institute of Technology,82592.0,51763.0,20687.0,51763.0,0.19593145683210014,44172.0,1.6401792991035045,Private_nonprofit
Illinois State University,62117.0,16021.0,15750.0,16021.0,1.894138942637788,23697.0,1.3407182343756594,Public
Illinois Valley Community College,40810.0,4060.0,6500.0,4060.0,7.4507389162561575,2390.0,4.418410041841004,Public
Institute for Clinical Social Work,,,,,,,,Private_nonprofit
John A Logan College,34096.0,4630.0,3500.0,4630.0,5.608207343412527,-4324.0,,Public
John Wood Community College,38631.0,5700.0,5500.0,5700.0,4.812456140350877,211.0,53.08056872037915,Public
Joliet Junior College,42889.0,4530.0,5500.0,4530.0,7.2536423841059605,4469.0,2.2443499664354443,Public
Judson University,56313.0,30910.0,14000.0,30910.0,0.3689097379488839,17893.0,2.509920080478399,Private_nonprofit
Kankakee Community College,38767.0,5070.0,5500.0,5070.0,5.561538461538461,347.0,30.461095100864554,Public
Kaskaskia College,38801.0,4800.0,3500.0,4800.0,6.354375,381.0,21.78477690288714,Public
Kishwaukee College,39657.0,4980.0,6542.0,4980.0,5.649598393574297,1237.0,9.314470493128537,Public
Knox College,54820.0,55587.0,23852.0,55587.0,-0.44289132351089283,16400.0,4.843841463414634,Private_nonprofit
Educators of Beauty College of Cosmetology-Peru,21949.0,,9500.0,,,-16471.0,,Private_forprofit
College of Lake County,43424.0,4494.0,5376.0,4494.0,7.466399643969737,5004.0,1.9724220623501199,Public
Lake Forest College,61825.0,54202.0,21500.0,54202.0,-0.25602376296077634,23405.0,3.2344370860927154,Private_nonprofit
Lake Forest Graduate School of Management,,,,,,,,Private_nonprofit
Lake Land College,38877.0,4280.0,3970.0,4280.0,7.155841121495327,457.0,18.052516411378555,Public
Lakeview College of Nursing,84522.0,,15000.0,,,46102.0,,Private_nonprofit
Lewis and Clark Community College,37724.0,3552.0,5500.0,3552.0,8.072072072072071,-696.0,,Public
Lewis University,66099.0,37882.0,18750.0,37882.0,0.2499076078348556,27679.0,2.046027674410203,Private_nonprofit
Lincoln Christian University,43038.0,15400.0,15000.0,15400.0,0.8206493506493506,4618.0,6.582936336076224,Private_nonprofit
Lincoln Land Community College,38479.0,3672.0,6500.0,3672.0,7.708877995642702,59.0,172.40677966101694,Public
Lincoln College of Technology-Melrose Park,38683.0,,9500.0,,,263.0,,Private_forprofit
Loyola University Chicago,71530.0,51716.0,20500.0,51716.0,-0.013264753654574987,33110.0,2.1810933252793716,Private_nonprofit
Lutheran School of Theology at Chicago,,,,,,,,Private_nonprofit
Trinity College of Nursing & Health Sciences,58743.0,,22500.0,,,20323.0,,Private_nonprofit
Steven Papageorge Hair Academy,29592.0,,,,,-8828.0,,Private_forprofit
Generations College,34706.0,12700.0,19000.0,12700.0,0.23669291338582676,-3714.0,,Private_nonprofit
McCormick Theological Seminary,,,,,,,,Private_nonprofit
McHenry County College,45143.0,4012.0,5297.0,4012.0,8.931704885343969,6723.0,1.3846497099509147,Public
McKendree University,58572.0,34070.0,16240.0,34070.0,0.24250073378338716,20152.0,2.4965263993648272,Private_nonprofit
Meadville Theological School of Lombard College,,,,,,,,Private_nonprofit
Methodist College,69800.0,18008.0,27000.0,18008.0,1.3767214571301645,31380.0,1.434289356277884,Private_nonprofit
Millikin University,51262.0,26892.0,19000.0,26892.0,0.19968763944667559,12842.0,3.5735866687431863,Private_nonprofit
Monmouth College,51110.0,43520.0,20000.0,43520.0,-0.28515625,12690.0,5.005516154452325,Private_nonprofit
Moody Bible Institute,45399.0,15356.0,12000.0,15356.0,1.1749804636624122,6979.0,3.9197592778335006,Private_nonprofit
Moraine Valley Community College,43892.0,3822.0,5500.0,3822.0,9.045002616431187,5472.0,1.7035818713450293,Public
Morrison Institute of Technology,63571.0,19900.0,12000.0,19900.0,1.5915075376884422,25151.0,1.2683392310444912,Private_nonprofit
Morton College,42406.0,4884.0,5500.0,4884.0,6.556511056511057,3986.0,2.6051179126944306,Public
National Louis University,45799.0,12345.0,12500.0,12345.0,1.6973673552045363,7379.0,3.366987396666215,Private_nonprofit
National University of Health Sciences,58723.0,,12289.0,,,20303.0,,Private_nonprofit
Cosmetology Concepts Niles,20303.0,,,,,-18117.0,,Private_forprofit
North Central College,60123.0,44394.0,18750.0,44394.0,-0.06804973645087174,21703.0,2.909459521725107,Private_nonprofit
North Park University,59572.0,35325.0,19875.0,35325.0,0.1237650389242746,21152.0,2.6096822995461424,Private_nonprofit
Northern Baptist Theological Seminary,,,,,,,,Private_nonprofit
Northern Illinois University,57808.0,12700.0,16250.0,12700.0,2.272283464566929,19388.0,1.4931916649473902,Public
Northwestern University,89363.0,65997.0,14000.0,65997.0,0.14191554161552797,50943.0,1.5703236951102213,Private_nonprofit
Northeastern Illinois University,52234.0,12383.0,11969.0,12383.0,2.2516353064685455,13814.0,1.7628492833357463,Public
Oakton College,47852.0,3985.0,3500.0,3985.0,10.129736511919699,9432.0,0.7935750636132316,Public
Oehrlein School of Cosmetology,18890.0,,9833.0,,,-19530.0,,Private_forprofit
Olivet Nazarene University,53213.0,37940.0,19313.0,37940.0,-0.10648392198207696,14793.0,3.8702764821199214,Private_nonprofit
Parkland College,38320.0,4284.0,5250.0,4284.0,6.719421101774043,-100.0,,Public
Prairie State College,36696.0,4176.0,8000.0,4176.0,5.871647509578544,-1724.0,,Public
Principia College,,33280.0,,33280.0,,,,Private_nonprofit
Professional's Choice Hair Design Academy,30341.0,,8375.0,,,-8079.0,,Private_forprofit
Quincy University,50369.0,35740.0,13000.0,35740.0,0.04557918298824846,11949.0,4.079002426981337,Private_nonprofit
Rend Lake College,35775.0,4500.0,4475.0,4500.0,5.955555555555556,-2645.0,,Public
Richland Community College,38793.0,4590.0,4500.0,4590.0,6.47124183006536,373.0,24.369973190348524,Public
Rock Valley College,39158.0,4274.0,5500.0,4274.0,6.875058493214787,738.0,13.24390243902439,Public
Rockford University,54794.0,37300.0,15000.0,37300.0,0.06686327077747989,16374.0,3.1940881885916697,Private_nonprofit
Roosevelt University,48712.0,20280.0,14667.0,20280.0,0.6787475345167653,10292.0,3.395549941702293,Private_nonprofit
Dominican University,60327.0,37844.0,18750.0,37844.0,0.09864179262234436,21907.0,2.583375176884101,Private_nonprofit
Rush University,75194.0,,19273.0,,,36774.0,,Private_nonprofit
Saint Francis Medical Center College of Nursing,72850.0,,15000.0,,,34430.0,,Private_nonprofit
University of St Francis,63926.0,37000.0,16500.0,37000.0,0.28178378378378377,25506.0,2.0975456755273267,Private_nonprofit
St. John's College-Department of Nursing,86331.0,,15000.0,,,47911.0,,Private_nonprofit
Saint Xavier University,58656.0,36840.0,16699.0,36840.0,0.13889793702497286,20236.0,2.64573038149832,Private_nonprofit
University of Illinois Springfield,57103.0,12252.0,14000.0,12252.0,2.51803787136794,18683.0,1.4051276561580046,Public
Sauk Valley Community College,40458.0,5190.0,5500.0,5190.0,5.735645472061657,2038.0,5.245338567222768,Public
Shawnee Community College,32999.0,4650.0,,4650.0,,-5421.0,,Public
St. Augustine College,35723.0,13288.0,4136.0,13288.0,1.37710716435882,-2697.0,,Private_nonprofit
University of Saint Mary of the Lake,,,,,,,,Private_nonprofit
Southeastern Illinois College,33763.0,4320.0,,4320.0,,-4657.0,,Public
National Latino Education Institute,37120.0,,,,,-1300.0,,Private_nonprofit
Spertus College,,,,,,,,Private_nonprofit
Spoon River College,38386.0,5580.0,6750.0,5580.0,4.6695340501792115,-34.0,,Public
Saint Anthony College of Nursing,77709.0,27811.0,18750.0,27811.0,1.1199884937614613,39289.0,1.1850899742930592,Private_nonprofit
Educators of Beauty College of Cosmetology-Sterling,21463.0,,9500.0,,,-16957.0,,Private_forprofit
Southern Illinois University-Carbondale,53390.0,13244.0,17750.0,13244.0,1.691029900332226,14970.0,2.0704074816299265,Public
Southern Illinois University-Edwardsville,56346.0,12922.0,15500.0,12922.0,2.160965794768612,17926.0,1.5855182416601585,Public
Taylor Business Institute,25559.0,12000.0,4554.0,12000.0,0.7504166666666666,-12861.0,,Private_forprofit
Telshe Yeshiva-Chicago,,15000.0,,15000.0,,,,Private_nonprofit
South Suburban College,33680.0,5093.0,,5093.0,,-4740.0,,Public
Trinity Christian College,55700.0,20325.0,21358.0,20325.0,0.6896432964329643,17280.0,2.412210648148148,Private_nonprofit
Trinity International University-Illinois,46989.0,12320.0,19500.0,12320.0,1.23125,8569.0,3.713385459213444,Private_nonprofit
Triton College,41728.0,4920.0,5500.0,4920.0,6.363414634146341,3308.0,3.1499395405078596,Public
University of Spa & Cosmetology Arts,27084.0,,4124.0,,,-11336.0,,Private_forprofit
VanderCook College of Music,47863.0,30910.0,27000.0,30910.0,-0.3250404399870592,9443.0,6.1325849835857245,Private_nonprofit
Waubonsee Community College,44788.0,3432.0,4500.0,3432.0,10.738927738927739,6368.0,1.245603015075377,Public
Western Illinois University,54163.0,14952.0,19762.0,14952.0,1.3007624398073836,15743.0,2.2050435114018927,Public
Wheaton College,63756.0,43930.0,20000.0,43930.0,-0.003960846801730025,25336.0,2.523287022418693,Private_nonprofit
William Rainey Harper College,48071.0,3822.0,6230.0,3822.0,9.947409733124019,9651.0,1.0415500984353954,Public
Anderson University,48899.0,35640.0,19500.0,35640.0,-0.17511223344556678,10479.0,5.261952476381334,Private_nonprofit
Ball State University,51833.0,10758.0,16904.0,10758.0,2.2467930842163972,13413.0,2.062327592634012,Public
Bethel University,48860.0,33320.0,19293.0,33320.0,-0.11263505402160864,10440.0,5.03955938697318,Private_nonprofit
Butler University,77235.0,45980.0,22238.0,45980.0,0.19610700304480208,38815.0,1.7575164240628622,Private_nonprofit
Calumet College of Saint Joseph,46945.0,22650.0,9500.0,22650.0,0.6532008830022075,8525.0,3.771260997067449,Private_nonprofit
Christian Theological Seminary,,,,,,,,Private_nonprofit
College of Court Reporting Inc,43927.0,10080.0,13779.0,10080.0,1.990873015873016,5507.0,4.332485927001997,Private_forprofit
Concordia Theological Seminary,,,,,,,,Private_nonprofit
Tricoci University of Beauty Culture-Highland,22374.0,,7307.0,,,-16046.0,,Private_forprofit
DePauw University,70527.0,57070.0,24733.0,57070.0,-0.19758191694410374,32107.0,2.547824461955337,Private_nonprofit
Don Roberts School of Hair Design,19976.0,,6251.0,,,-18444.0,,Private_forprofit
Earlham College,50797.0,51840.0,19500.0,51840.0,-0.3962770061728395,12377.0,5.763916942716329,Private_nonprofit
University of Evansville,53770.0,42676.0,19000.0,42676.0,-0.18525635017339956,15350.0,4.017980456026058,Private_nonprofit
Franklin College,55376.0,37350.0,18998.0,37350.0,-0.026024096385542168,16956.0,3.3231894314696864,Private_nonprofit
Goshen College,51943.0,37760.0,13750.0,37760.0,0.011467161016949152,13523.0,3.8090660356429784,Private_nonprofit
Grace College and Theological Seminary,45411.0,30034.0,16750.0,30034.0,-0.045714856495971234,6991.0,6.692032613360034,Private_nonprofit
Hanover College,53957.0,42894.0,19500.0,42894.0,-0.1966941763416795,15537.0,4.01583317242711,Private_nonprofit
J Michael Harrold Beauty Academy,26999.0,,5719.0,,,-11421.0,,Private_forprofit
Holy Cross College,50416.0,35500.0,11904.0,35500.0,0.08484507042253521,11996.0,3.9516505501833943,Private_nonprofit
PJ's College of Cosmetology-Clarksville,22402.0,,7389.0,,,-16018.0,,Private_forprofit
Huntington University,46672.0,29982.0,18127.0,29982.0,-0.04792875725435261,8252.0,5.8299806107610275,Private_nonprofit
Ivy Tech Community College,37186.0,4912.0,5835.0,4912.0,5.382532573289902,-1234.0,,Public
Purdue University Fort Wayne,45872.0,9254.0,10556.0,9254.0,2.81629565593257,7452.0,2.658346752549651,Public
Indiana University-Indianapolis,55198.0,10449.0,13337.0,10449.0,3.006220690975213,16778.0,1.417689831922756,Public
University of Indianapolis,53610.0,36136.0,18714.0,36136.0,-0.03431481071507638,15190.0,3.610928242264648,Private_nonprofit
Indiana Institute of Technology,47327.0,30446.0,12564.0,30446.0,0.14179202522498852,8907.0,4.828786347816324,Private_nonprofit
University of Southern Indiana,47605.0,10136.0,13236.0,10136.0,2.390785319652723,9185.0,2.5445835601524225,Public
Indiana State University,48387.0,9992.0,14574.0,9992.0,2.3840072057646116,9967.0,2.464733620949132,Public
Indiana University-Kokomo,49917.0,8179.0,10000.0,8179.0,3.8804254798875166,11497.0,1.5811950943724449,Public
Indiana University-South Bend,44947.0,8179.0,12000.0,8179.0,3.028243061498961,6527.0,3.091619426995557,Public
Indiana University-Bloomington,63742.0,11790.0,15519.0,11790.0,3.090161153519932,25322.0,1.078469315219967,Public
Indiana University-Northwest,43361.0,8179.0,12478.0,8179.0,2.775889473040714,4941.0,4.18073264521352,Public
Indiana University-Southeast,47596.0,8179.0,11650.0,8179.0,3.3949138036434774,9176.0,2.1609633827375765,Public
Indiana University-East,47156.0,8179.0,12000.0,8179.0,3.298324978603741,8736.0,2.3098672161172162,Public
International Business College-Indianapolis,38146.0,16480.0,11059.0,16480.0,0.643628640776699,-274.0,,Private_forprofit
Taylor Institute of Cosmetology II,14236.0,,,,,-24184.0,,Private_forprofit
Tricoci University of Beauty Culture-Lafayette,26446.0,,6333.0,,,-11974.0,,Private_forprofit
Lincoln College of Technology-Indianapolis,46396.0,,9524.0,,,7976.0,,Private_forprofit
Manchester University,51504.0,37090.0,12250.0,37090.0,0.05834456726880561,13084.0,3.7710180372974627,Private_nonprofit
Marian University,58759.0,39100.0,20000.0,39100.0,-0.008721227621483377,20339.0,2.9057475785436844,Private_nonprofit
Indiana Wesleyan University-Marion,59986.0,31168.0,14335.0,31168.0,0.46467530800821355,21566.0,2.109941574700918,Private_nonprofit
Martin University,22544.0,12830.0,24332.0,12830.0,-1.1393608729540141,-15876.0,,Private_nonprofit
Anabaptist Mennonite Biblical Seminary,,,,,,,,Private_nonprofit
Mid-America College of Funeral Service,44505.0,19800.0,11625.0,19800.0,0.6606060606060606,6085.0,5.164338537387017,Private_nonprofit
West Michigan College of Barbering and Beauty,,,9500.0,,,,,Private_forprofit
University of Notre Dame,99980.0,62693.0,19000.0,62693.0,0.29169125739715757,61560.0,1.327046783625731,Private_nonprofit
Oakland City University,43283.0,27150.0,12174.0,27150.0,0.1458195211786372,4863.0,8.086366440468847,Private_nonprofit
PJ's College of Cosmetology-Richmond,24039.0,,6333.0,,,-14381.0,,Private_forprofit
Ravenscroft Beauty College,23187.0,,6333.0,,,-15233.0,,Private_forprofit
Rogers Academy of Hair Design,22590.0,,9833.0,,,-15830.0,,Private_forprofit
Rose-Hulman Institute of Technology,101253.0,56674.0,21751.0,56674.0,0.4027949324205103,62833.0,1.248149857558926,Private_nonprofit
University of Saint Francis-Fort Wayne,55362.0,35420.0,18750.0,35420.0,0.03365330321852061,16942.0,3.1973792940620944,Private_nonprofit
Saint Mary-of-the-Woods College,43845.0,33490.0,13600.0,33490.0,-0.09689459540161242,5425.0,8.680184331797236,Private_nonprofit
Saint Mary's College,59354.0,51430.0,23199.0,51430.0,-0.29700563873225744,20934.0,3.564966083882679,Private_nonprofit
Saint Meinrad School of Theology,,,,,,,,Private_nonprofit
Saint Elizabeth School of Nursing,65230.0,20064.0,19500.0,20064.0,1.27920653907496,26810.0,1.4757180156657963,Private_nonprofit
Taylor University,52198.0,39104.0,15500.0,39104.0,-0.06152823240589198,13778.0,3.963129626941501,Private_nonprofit
Trine University,57165.0,35600.0,18500.0,35600.0,0.08609550561797753,18745.0,2.886102960789544,Private_nonprofit
Valparaiso University,63191.0,46588.0,22133.0,46588.0,-0.11870009444492144,24771.0,2.774252149691171,Private_nonprofit
Vincennes Beauty College,20064.0,,5500.0,,,-18356.0,,Private_forprofit
Vincennes University,41110.0,6886.0,9227.0,6886.0,3.6301190821957596,2690.0,5.98996282527881,Public
Wabash College,69952.0,49125.0,24855.0,49125.0,-0.08199491094147583,31532.0,2.346187999492579,Private_nonprofit
Allen College,71261.0,20444.0,15000.0,20444.0,1.7519565642731363,32841.0,1.079260680247252,Private_nonprofit
Briar Cliff University,54475.0,35534.0,15506.0,35534.0,0.09666797996285248,16055.0,3.1790719402055436,Private_nonprofit
Buena Vista University,49156.0,40190.0,17500.0,40190.0,-0.21234137845235132,10736.0,5.373509687034277,Private_nonprofit
Capri College-Dubuque,28266.0,,6457.0,,,-10154.0,,Private_forprofit
Capri College-Cedar Rapids,29307.0,,7600.0,,,-9113.0,,Private_forprofit
Central College,54317.0,20988.0,20815.0,20988.0,0.5962454736039642,15897.0,2.629615650751714,Private_nonprofit
Clarke University,55396.0,39600.0,19500.0,39600.0,-0.09353535353535354,16976.0,3.4813854853911406,Private_nonprofit
Coe College,57125.0,52576.0,20496.0,52576.0,-0.3033132988435788,18705.0,3.9065490510558676,Private_nonprofit
Cornell College,53460.0,50634.0,21500.0,50634.0,-0.36880357072322945,15040.0,4.796143617021277,Private_nonprofit
Des Moines Area Community College,41018.0,5550.0,6500.0,5550.0,5.219459459459459,2598.0,4.6381832178598925,Public
Divine Word College,,15000.0,,15000.0,,,,Private_nonprofit
Dordt University,52559.0,35960.0,17500.0,35960.0,-0.025055617352614017,14139.0,3.781031190324634,Private_nonprofit
Drake University,71901.0,49944.0,19500.0,49944.0,0.04919509851033157,33481.0,2.0741315970251786,Private_nonprofit
University of Dubuque,51190.0,40065.0,17070.0,40065.0,-0.1483838762011731,12770.0,4.474158183241974,Private_nonprofit
Ellsworth Community College,40562.0,5304.0,6158.0,5304.0,5.486425339366516,2142.0,5.351073762838468,Public
Emmaus Bible College,42631.0,20000.0,9350.0,20000.0,0.66405,4211.0,6.969840892899549,Private_nonprofit
Eastern Iowa Community College District,39060.0,4680.0,7970.0,4680.0,5.6431623931623935,640.0,19.765625,Public
Faith Baptist Bible College and Theological Seminary,40650.0,19530.0,8750.0,19530.0,0.6333845366103431,2230.0,12.681614349775785,Private_nonprofit
Graceland University-Lamoni,47361.0,33220.0,14209.0,33220.0,-0.0020469596628537026,8941.0,5.304663907840286,Private_nonprofit
Grand View University,52824.0,33450.0,15097.0,33450.0,0.12786248131539613,14404.0,3.370383226881422,Private_nonprofit
Grinnell College,62830.0,64862.0,14151.0,64862.0,-0.24949893620301564,24410.0,3.236911102007374,Private_nonprofit
Orion Technical College,37008.0,15600.0,9500.0,15600.0,0.7633333333333333,-1412.0,,Private_forprofit
Hawkeye Community College,42849.0,6308.0,8750.0,6308.0,4.405675332910589,4429.0,3.399864529239106,Public
American Hair Academy,28724.0,,9858.0,,,-9696.0,,Private_forprofit
Indian Hills Community College,40507.0,4872.0,7125.0,4872.0,5.851806239737274,2087.0,5.748442740776234,Public
Iowa Central Community College,42046.0,5376.0,8000.0,5376.0,5.332961309523809,3626.0,3.6889134031991175,Public
Iowa Lakes Community College,43108.0,7196.0,7242.0,7196.0,3.9841578654808227,4688.0,3.079778156996587,Public
UnityPoint Health-Des Moines School of Radiologic Technology,,,,,,,,Private_nonprofit
Iowa School of Beauty-Des Moines,25803.0,,6333.0,,,-12617.0,,Private_forprofit
Iowa State University,63386.0,10497.0,18750.0,10497.0,3.2522625512051064,24966.0,1.1714732035568374,Public
Iowa Western Community College,42793.0,6780.0,8098.0,6780.0,4.117256637168142,4373.0,3.4022410244683283,Public
University of Iowa,64762.0,10964.0,18207.0,10964.0,3.2461692812842027,26342.0,1.1073950345455925,Public
Kirkwood Community College,41016.0,5980.0,7591.0,5980.0,4.589464882943144,2596.0,5.227657935285054,Public
La James International College-Cedar Falls,25575.0,,7917.0,,,-12845.0,,Private_forprofit
La James International College-Johnston,27401.0,,7917.0,,,-11019.0,,Private_forprofit
La James College of Hairstyling and Cosmetology,27484.0,,6332.0,,,-10936.0,,Private_forprofit
La James International College-Ft Dodge,26679.0,,,,,-11741.0,,Private_forprofit
Loras College,58289.0,38298.0,19500.0,38298.0,0.01282051282051282,19869.0,2.908953646383814,Private_nonprofit
Luther College,59850.0,50320.0,22200.0,50320.0,-0.2517885532591415,21430.0,3.3840410639290712,Private_nonprofit
Maharishi International University,27981.0,16530.0,11558.0,16530.0,-0.00647307924984876,-10439.0,,Private_nonprofit
Marshalltown Community College,41010.0,5304.0,5500.0,5304.0,5.694947209653092,2590.0,4.171428571428572,Public
Mercy College of Health Sciences,62234.0,17328.0,12500.0,17328.0,1.870152354570637,23814.0,1.2525405223817923,Private_nonprofit
Morningside University,55494.0,38190.0,15750.0,38190.0,0.04069128043990573,17074.0,3.159189410800047,Private_nonprofit
Mount Mercy University,60787.0,39070.0,18500.0,39070.0,0.0823393908369593,22367.0,2.5738811642151385,Private_nonprofit
Ashford University,35404.0,13160.0,9500.0,13160.0,0.9683890577507599,-3016.0,,Private_forprofit
North Iowa Area Community College,43462.0,6436.0,6000.0,6436.0,4.820696084524549,5042.0,2.4664815549385164,Public
University of Northern Iowa,55177.0,9728.0,16486.0,9728.0,2.9772820723684212,16757.0,1.564361162499254,Public
Northwestern College,49802.0,35300.0,16791.0,35300.0,-0.06484419263456091,11382.0,4.576612194693375,Private_nonprofit
Northeast Iowa Community College,41306.0,6600.0,8284.0,6600.0,4.003333333333333,2886.0,5.157311157311157,Public
Northwest Iowa Community College,50776.0,7110.0,7000.0,7110.0,5.156962025316456,12356.0,1.141955325348009,Public
Des Moines University-Osteopathic Medical Center,,,,,,,,Private_nonprofit
Palmer College of Chiropractic,59483.0,,7500.0,,,21063.0,,Private_nonprofit
PCI Academy-Ames,31330.0,,4858.0,,,-7090.0,,Private_forprofit
Saint Ambrose University,59531.0,35598.0,19500.0,35598.0,0.1245294679476375,21111.0,2.609918999573682,Private_nonprofit
St Luke's College,61033.0,20940.0,13000.0,20940.0,1.2938395415472779,22613.0,1.5009065581745014,Private_nonprofit
La James International College-Davenport,23303.0,,7917.0,,,-15117.0,,Private_forprofit
Simpson College,59274.0,46212.0,20262.0,46212.0,-0.15580368735393405,20854.0,3.187589910808478,Private_nonprofit
Southeastern Community College,36882.0,6300.0,7398.0,6300.0,3.68,-1538.0,,Public
Southwestern Community College,40129.0,7024.0,7418.0,7024.0,3.6570330296127564,1709.0,8.45055588063195,Public
Capri College-Davenport,26932.0,,5984.0,,,-11488.0,,Private_forprofit
Iowa School of Beauty-Sioux City,26654.0,,9500.0,,,-11766.0,,Private_forprofit
SOHO Hair Academy,17349.0,,8550.0,,,-21071.0,,Private_forprofit
Upper Iowa University,52766.0,19000.0,18000.0,19000.0,0.8297894736842105,14346.0,2.5791161299316885,Private_nonprofit
Waldorf University,51165.0,25220.0,12025.0,25220.0,0.5519429024583664,12745.0,2.9223224794036877,Private_forprofit
Wartburg College,56201.0,51040.0,19500.0,51040.0,-0.28093652037617556,17781.0,3.967155952983522,Private_nonprofit
Wartburg Theological Seminary,,,,,,,,Private_nonprofit
The Salon Professional Academy-Cedar Falls,20955.0,,12000.0,,,-17465.0,,Private_forprofit
Western Iowa Tech Community College,40473.0,5042.0,7000.0,5042.0,5.638833796112654,2053.0,5.865562591329762,Public
William Penn University,48936.0,28750.0,12000.0,28750.0,0.2847304347826087,10516.0,3.8750475465956637,Private_nonprofit
Allen County Community College,40059.0,3920.0,5021.0,3920.0,7.938265306122449,1639.0,5.4551555826723614,Public
Baker University,63855.0,33900.0,18530.0,33900.0,0.33702064896755163,25435.0,2.0613328091212897,Private_nonprofit
Barton County Community College,40428.0,3616.0,6250.0,3616.0,8.451880530973451,2008.0,4.913346613545817,Public
Benedictine College,53175.0,34800.0,18570.0,34800.0,-0.005603448275862069,14755.0,3.617078956286005,Private_nonprofit
Bethany College,49694.0,31946.0,9500.0,31946.0,0.2581856883490891,11274.0,3.676246230264325,Private_nonprofit
Bethel College-North Newton,49898.0,34002.0,12000.0,34002.0,0.11458149520616434,11478.0,4.007841087297439,Private_nonprofit
Butler Community College,41206.0,3556.0,6680.0,3556.0,8.709223847019123,2786.0,3.6740847092605886,Public
Central Christian College of Kansas,44468.0,21000.0,15750.0,21000.0,0.36752380952380953,6048.0,6.076388888888889,Private_nonprofit
Cloud County Community College,39883.0,3180.0,6326.0,3180.0,9.55251572327044,1463.0,6.497607655502392,Public
Coffeyville Community College,35246.0,3040.0,5500.0,3040.0,8.784868421052632,-3174.0,,Public
Colby Community College,41889.0,4046.0,6206.0,4046.0,7.819327731092437,3469.0,2.955318535601038,Public
Cowley County Community College,37723.0,4350.0,5250.0,4350.0,6.465057471264368,-697.0,,Public
Dodge City Community College,45427.0,4650.0,5451.0,4650.0,7.596989247311828,7007.0,1.4415584415584415,Public
Donnelly College,35715.0,10350.0,8747.0,10350.0,1.6056038647342996,-2705.0,,Private_nonprofit
Emporia State University,47601.0,7356.0,14000.0,7356.0,3.567835780315389,9181.0,2.3261082670733035,Public
Flint Hills Technical College,47007.0,6196.0,6365.0,6196.0,5.559393156875403,8587.0,1.462792593455223,Public
Fort Hays State University,48928.0,5633.0,14250.0,5633.0,5.156222261672288,10508.0,1.8921773886562618,Public
Barclay College,36355.0,26590.0,24320.0,26590.0,-0.5473862354268522,-2065.0,,Private_nonprofit
Friends University,52113.0,32748.0,17413.0,32748.0,0.059606693538536704,13693.0,3.6632585992843056,Private_nonprofit
Fort Scott Community College,37213.0,3240.0,5500.0,3240.0,8.787962962962963,-1207.0,,Public
Garden City Community College,41704.0,3570.0,5200.0,3570.0,9.225210084033613,3284.0,2.6705237515225333,Public
Haskell Indian Nations University,37043.0,600.0,,600.0,,-1377.0,,Public
Hays Academy of Hair Design,23712.0,,9833.0,,,-14708.0,,Private_forprofit
Hesston College,47495.0,31368.0,12000.0,31368.0,0.13156720224432542,9075.0,4.7788429752066115,Private_nonprofit
Highland Community College,41291.0,4116.0,5500.0,4116.0,7.695578231292517,2871.0,3.349355625217694,Public
Hutchinson Community College,43470.0,3420.0,6500.0,3420.0,9.809941520467836,5050.0,1.9643564356435643,Public
Independence Community College,34941.0,4260.0,4750.0,4260.0,6.087089201877935,-3479.0,,Public
Johnson County Community College,45387.0,2328.0,4500.0,2328.0,16.563144329896907,6967.0,0.9800488014927515,Public
Concorde Career College-Kansas City,35242.0,,9500.0,,,-3178.0,,Private_forprofit
Kansas City Kansas Community College,40795.0,3150.0,5750.0,3150.0,10.125396825396825,2375.0,3.7473684210526317,Public
Kansas Christian College,,10950.0,7859.0,10950.0,,,,Private_nonprofit
University of Kansas,61945.0,11700.0,15500.0,11700.0,2.9696581196581198,23525.0,1.1562167906482466,Public
Newman University,55041.0,35500.0,15240.0,35500.0,0.12115492957746479,16621.0,3.0527645749353227,Private_nonprofit
Old Town Barber College-Wichita,21295.0,,9667.0,,,-17125.0,,Private_forprofit
Kansas State University,57262.0,10942.0,17294.0,10942.0,2.6527143118259917,18842.0,1.4985670311007324,Public
Kansas Wesleyan University,51152.0,33470.0,15000.0,33470.0,0.08013146100985957,12732.0,3.806943135406849,Private_nonprofit
Washburn Institute of Technology,49774.0,9120.0,12500.0,9120.0,3.087061403508772,11354.0,1.9041747401796723,Public
Labette Community College,37818.0,3968.0,6500.0,3968.0,6.892641129032258,-602.0,,Public
Manhattan Area Technical College,51864.0,9276.0,7601.0,9276.0,3.771776627856835,13444.0,1.2553555489437667,Public
Manhattan Christian College,48860.0,18424.0,13000.0,18424.0,0.9463742943986105,10440.0,3.009961685823755,Private_nonprofit
McPherson College,52084.0,35162.0,13833.0,35162.0,0.08785052044821114,13664.0,3.5856996487119437,Private_nonprofit
MidAmerica Nazarene University,62972.0,36120.0,12912.0,36120.0,0.3859357696566999,24552.0,1.997067448680352,Private_nonprofit
Neosho County Community College,45966.0,5644.0,5500.0,5644.0,6.169737774627923,7546.0,1.476808905380334,Public
North Central Kansas Technical College,46928.0,7208.0,6850.0,7208.0,4.560210876803551,8508.0,1.652327221438646,Public
Northwest Kansas Technical College,38616.0,,8717.0,,,196.0,,Public
Ottawa University-Ottawa,55552.0,35300.0,12500.0,35300.0,0.21960339943342777,17132.0,2.790100396918048,Private_nonprofit
Ottawa University-Kansas City,55552.0,,12500.0,,,17132.0,,Private_nonprofit
Pittsburg State University,50579.0,8008.0,14000.0,8008.0,3.5678071928071926,12159.0,1.8100172711571676,Public
Pratt Community College,51892.0,4064.0,5500.0,4064.0,10.415354330708661,13472.0,0.709916864608076,Public
University of Saint Mary,59483.0,33890.0,14817.0,33890.0,0.3179699026261434,21063.0,2.3124436215164033,Private_nonprofit
Salina Area Technical College,42175.0,7020.0,5500.0,7020.0,4.2243589743589745,3755.0,3.33422103861518,Public
Seward County Community College,41445.0,3744.0,5000.0,3744.0,8.734241452991453,3025.0,2.890578512396694,Public
Southwestern College,55646.0,38480.0,12500.0,38480.0,0.12125779625779626,17226.0,2.9594798560315803,Private_nonprofit
Sterling College,45846.0,32200.0,12000.0,32200.0,0.05111801242236025,7426.0,5.952060328575276,Private_nonprofit
Tabor College,54058.0,35050.0,14000.0,35050.0,0.14288159771754635,15638.0,3.136590356823123,Private_nonprofit
Washburn University,49774.0,9578.0,12500.0,9578.0,2.8916266443934013,11354.0,1.9445129469790383,Public
Wichita State University-Campus of Applied Sciences and Technology,38679.0,6018.0,6650.0,6018.0,4.322200066467265,259.0,48.91119691119691,Public
Wichita State University,51532.0,9322.0,14700.0,9322.0,2.9510834584853036,13112.0,1.8320622330689444,Public
Wichita Technical Institute,34101.0,,9833.0,,,-4319.0,,Private_forprofit
Alice Lloyd College,40573.0,14080.0,7990.0,14080.0,1.3141335227272728,2153.0,10.250812819321876,Private_nonprofit
Asbury University,42368.0,33640.0,17500.0,33640.0,-0.26076099881093934,3948.0,12.95339412360689,Private_nonprofit
Asbury Theological Seminary,,,,,,,,Private_nonprofit
Ashland Community and Technical College,34504.0,4656.0,8000.0,4656.0,4.6924398625429555,-3916.0,,Public
Bellarmine University,62069.0,47180.0,20000.0,47180.0,-0.10832980076303518,23649.0,2.8407120808490847,Private_nonprofit
Berea College,43150.0,49326.0,3516.0,49326.0,-0.19648866723431863,4730.0,11.171670190274842,Private_nonprofit
PJ's College of Cosmetology-Bowling Green,20392.0,,7283.0,,,-18028.0,,Private_forprofit
Southcentral Kentucky Community and Technical College,34242.0,4656.0,7600.0,4656.0,4.722079037800687,-4178.0,,Public
Brescia University,45500.0,30450.0,20185.0,30450.0,-0.16863711001642037,7080.0,7.15183615819209,Private_nonprofit
Campbellsville University,41583.0,26990.0,9500.0,26990.0,0.18869951834012597,3163.0,11.5365159658552,Private_nonprofit
Bluegrass Community and Technical College,36343.0,4706.0,6755.0,4706.0,5.287292817679558,-2077.0,,Public
Centre College,66240.0,50550.0,25125.0,50550.0,-0.18664688427299703,27820.0,2.7201653486700215,Private_nonprofit
Clear Creek Baptist Bible College,41623.0,10120.0,,10120.0,,3203.0,,Private_nonprofit
Paul Mitchell the School-Lexington,23207.0,,9833.0,,,-15213.0,,Private_forprofit
Galen College of Nursing-Louisville,61480.0,,16500.0,,,23060.0,,Private_forprofit
University of the Cumberlands,45036.0,9875.0,8592.0,9875.0,2.6905316455696204,6616.0,2.7912636033857314,Private_nonprofit
Eastern Kentucky University,45795.0,10130.0,14929.0,10130.0,2.0469891411648566,7375.0,3.397830508474576,Public
Elizabethtown Community and Technical College,36143.0,4656.0,5975.0,4656.0,5.479381443298969,-2277.0,,Public
Frontier Nursing University,,,,,,,,Private_nonprofit
Georgetown College,52074.0,42010.0,13000.0,42010.0,-0.06988812187574386,13654.0,4.028856012889996,Private_nonprofit
PJ's College of Cosmetology-Glasgow,18537.0,,9500.0,,,-19883.0,,Private_forprofit
Hazard Community and Technical College,29868.0,4656.0,7000.0,4656.0,3.911512027491409,-8552.0,,Public
Paul Mitchell the School-Louisville,28449.0,,9833.0,,,-9971.0,,Private_forprofit
Henderson Community College,35714.0,4656.0,7457.0,4656.0,5.068943298969073,-2706.0,,Public
Hopkinsville Community College,36323.0,4656.0,6999.0,4656.0,5.298109965635739,-2097.0,,Public
Jefferson Community and Technical College,38171.0,4706.0,6989.0,4706.0,5.626009349766256,-249.0,,Public
Summit Salon Academy-Lexington,24148.0,,6333.0,,,-14272.0,,Private_forprofit
American National University-Pikeville,28188.0,11484.0,10814.0,11484.0,0.5128874956461164,-10232.0,,Private_forprofit
Kentucky Mountain Bible College,21256.0,10060.0,5500.0,10060.0,0.5662027833001988,-17164.0,,Private_nonprofit
Kentucky State University,36382.0,9214.0,12250.0,9214.0,1.6190579552854352,-2038.0,,Public
Kentucky Wesleyan College,46747.0,33393.0,11000.0,33393.0,0.07049381606923606,8327.0,5.33121172090789,Private_nonprofit
University of Kentucky,59025.0,13212.0,16750.0,13212.0,2.1997426581895247,20605.0,1.4541130793496724,Public
Kentucky Christian University,42375.0,25000.0,8510.0,25000.0,0.3546,3955.0,8.472819216182048,Private_nonprofit
Lexington Theological Seminary,,,,,,,,Private_nonprofit
Lindsey Wilson College,41129.0,27274.0,11514.0,27274.0,0.08583266114248002,2709.0,14.318198597268365,Private_nonprofit
University of Louisville,53899.0,12828.0,13750.0,12828.0,2.129794200187091,15479.0,1.7170359842367078,Public
Louisville Presbyterian Theological Seminary,,,,,,,,Private_nonprofit
Madisonville Community College,35733.0,4656.0,5853.0,4656.0,5.417525773195877,-2687.0,,Public
Maysville Community and Technical College,32194.0,4656.0,8047.0,4656.0,4.186211340206185,-6226.0,,Public
Midway University,44246.0,26080.0,12470.0,26080.0,0.2184049079754601,5826.0,6.616889804325438,Private_nonprofit
Morehead State University,43197.0,9838.0,14705.0,9838.0,1.8961170969709291,4777.0,5.137743353569186,Public
Murray State University,44737.0,9708.0,15000.0,9708.0,2.0631437989287185,6317.0,3.9113503245211336,Public
Gateway Community and Technical College,36147.0,4656.0,8000.0,4656.0,5.045317869415808,-2273.0,,Public
Northern Kentucky University,50220.0,10896.0,15159.0,10896.0,2.217786343612335,11800.0,2.2080508474576273,Public
West Kentucky Community and Technical College,34891.0,4656.0,6158.0,4656.0,5.171176975945017,-3529.0,,Public
University of Pikeville,48231.0,24150.0,12467.0,24150.0,0.4809109730848861,9811.0,3.7322393232086433,Private_nonprofit
Big Sandy Community and Technical College,32954.0,4656.0,6911.0,4656.0,4.593427835051546,-5466.0,,Public
Empire Beauty School-Chenoweth,23921.0,,7851.0,,,-14499.0,,Private_forprofit
Empire Beauty School-Elizabethtown,24022.0,,6222.0,,,-14398.0,,Private_forprofit
Empire Beauty School-Dixie,24397.0,,6756.0,,,-14023.0,,Private_forprofit
Empire Beauty School-Florence,23925.0,,7667.0,,,-14495.0,,Private_forprofit
Somerset Community College,30787.0,4656.0,8000.0,4656.0,3.8941151202749142,-7633.0,,Public
Southeast Kentucky Community & Technical College,29482.0,4656.0,5500.0,4656.0,4.150773195876289,-8938.0,,Public
The Southern Baptist Theological Seminary,,13086.0,,13086.0,,,,Private_nonprofit
Spalding University,49438.0,27850.0,20500.0,27850.0,0.03906642728904847,11018.0,4.388273733889998,Private_nonprofit
Sullivan University,38008.0,14220.0,10688.0,14220.0,0.9212376933895922,-412.0,,Private_forprofit
Thomas More University,59384.0,38400.0,14376.0,38400.0,0.17208333333333334,20964.0,2.517458500286205,Private_nonprofit
Transylvania University,54705.0,44980.0,20000.0,44980.0,-0.22843485993775012,16285.0,3.9901750076757754,Private_nonprofit
Union College,42002.0,30946.0,14250.0,30946.0,-0.10321204679118465,3582.0,12.61753210496929,Private_nonprofit
Western Kentucky University,43889.0,11436.0,14702.0,11436.0,1.5522035676810073,5469.0,4.779301517644908,Public
Central Louisiana Technical Community College,29558.0,4099.0,7000.0,4099.0,4.50329348621615,-8862.0,,Public
Ayers Career College,29935.0,,8772.0,,,-8485.0,,Private_forprofit
Baton Rouge General Medical Center School of Nursing & School of Radiologic Technology,75071.0,,13000.0,,,36651.0,,Private_nonprofit
Bossier Parish Community College,34502.0,4283.0,9500.0,4283.0,4.8374970814849405,-3918.0,,Public
Centenary College of Louisiana,50330.0,40000.0,15250.0,40000.0,-0.123,11910.0,4.638958858102435,Private_nonprofit
Cloyd's Beauty School 1 Inc,18603.0,,,,,-19817.0,,Private_forprofit
Crescent City Bartending School,22407.0,,6100.0,,,-16013.0,,Private_forprofit
Delgado Community College,33305.0,4678.0,9500.0,4678.0,4.088713125267208,-5115.0,,Public
Avery James College,,,5229.0,,,,,Private_forprofit
Denham Springs Beauty School,18298.0,,7797.0,,,-20122.0,,Private_forprofit
Dillard University,39196.0,22194.0,23048.0,22194.0,-0.27241596827971526,776.0,58.30154639175258,Private_nonprofit
Nunez Community College,35343.0,4255.0,8250.0,4255.0,5.367332549941246,-3077.0,,Public
Grambling State University,41109.0,7683.0,24500.0,7683.0,1.1617857607705324,2689.0,11.968389735961324,Public
Belbo Beauty Institute,16792.0,,9500.0,,,-21628.0,,Private_forprofit
ITI Technical College,68342.0,11711.0,12214.0,11711.0,3.792758944582017,29922.0,0.7995789051533988,Private_forprofit
John Jay Beauty College,17985.0,,,,,-20435.0,,Private_forprofit
Louisiana State University Health Sciences Center-New Orleans,78495.0,,18500.0,,,40075.0,,Public
Louisiana State University-Alexandria,42205.0,7050.0,10500.0,7050.0,3.497163120567376,3785.0,4.636723910171731,Public
Louisiana State University and Agricultural & Mechanical College,61251.0,11954.0,12956.0,11954.0,3.0400702693659025,22831.0,1.0910604003328808,Public
Louisiana State University-Eunice,36498.0,4730.0,6989.0,4730.0,5.238689217758985,-1922.0,,Public
Louisiana State University-Shreveport,47477.0,7327.0,15000.0,7327.0,3.4325098949092396,9057.0,2.4651650656950426,Public
Aveda Arts & Sciences Institute-Baton Rouge,25903.0,,9833.0,,,-12517.0,,Private_forprofit
Aveda Arts & Sciences Institute-Lafayette,23904.0,,7411.0,,,-14516.0,,Private_forprofit
Louisiana Academy of Beauty,16539.0,,5500.0,,,-21881.0,,Private_forprofit
Louisiana Christian University,51700.0,19740.0,11000.0,19740.0,1.0618034447821683,13280.0,2.3147590361445785,Private_nonprofit
Opelousas School of Cosmetology,26459.0,,6500.0,,,-11961.0,,Private_forprofit
Louisiana Tech University,52279.0,10125.0,15000.0,10125.0,2.6818765432098766,13859.0,1.8129013637347573,Public
Loyola University New Orleans,52927.0,47240.0,18500.0,47240.0,-0.2712320067739204,14507.0,4.5316054318604815,Private_nonprofit
McNeese State University,46453.0,8460.0,13000.0,8460.0,2.954255319148936,8033.0,2.6714801444043323,Public
University of New Orleans,47872.0,9172.0,11000.0,9172.0,3.0200610553859573,9452.0,2.13415150232755,Public
New Orleans Baptist Theological Seminary,,11540.0,,11540.0,,,,Private_nonprofit
Nicholls State University,45454.0,8173.0,13156.0,8173.0,2.9517924874587056,7034.0,3.032271822576059,Public
University of Louisiana at Monroe,46769.0,9190.0,15000.0,9190.0,2.456909684439608,8349.0,2.8973529764043597,Public
Northwest Louisiana Technical Community College,32503.0,4109.0,,4109.0,,-5917.0,,Public
Northwestern State University of Louisiana,47021.0,8864.0,15000.0,8864.0,2.6124774368231045,8601.0,2.7745610975467967,Public
University of Holy Cross,49316.0,16160.0,19500.0,16160.0,0.845049504950495,10896.0,3.272760646108664,Private_nonprofit
Franciscan Missionaries of Our Lady University,59419.0,15690.0,16669.0,15690.0,1.7246653919694073,20999.0,1.540978141816277,Private_nonprofit
Pat Goins Beauty Schools formerly Paul Mitchell the School-Shreveport,20239.0,,5500.0,,,-18181.0,,Private_forprofit
Celebrity Stylist Beauty School,22002.0,,6333.0,,,-16418.0,,Private_forprofit
Pineville Beauty School,19411.0,,,,,-19009.0,,Private_forprofit
Aveda Arts & Sciences Institute-Covington,30334.0,,7917.0,,,-8086.0,,Private_forprofit
Saint Joseph Seminary College,38366.0,26770.0,,26770.0,,-54.0,,Private_nonprofit
LaSalle Tech,20975.0,,5853.0,,,-17445.0,,Private_forprofit
Fletcher Technical Community College,32189.0,4219.0,7500.0,4219.0,4.8518606304811565,-6231.0,,Public
Remington College-Lafayette Campus,31349.0,22355.0,9500.0,22355.0,-0.022634757324983226,-7071.0,,Private_nonprofit
SOWELA Technical Community College,32303.0,4265.0,4250.0,4265.0,5.577491207502931,-6117.0,,Public
Stevensons Academy of Hair Design,23853.0,,,,,-14567.0,,Private_forprofit
Southeastern Louisiana University,46482.0,8373.0,11077.0,8373.0,3.22847247103786,8062.0,2.4125527164475318,Public
Southern University and A & M College,43371.0,9940.0,15455.0,9940.0,1.8084507042253521,4951.0,5.129266814784892,Public
Southern University at New Orleans,34042.0,7490.0,19500.0,7490.0,0.9415220293724966,-4378.0,,Public
Southern University at Shreveport,33099.0,4958.0,7500.0,4958.0,4.163170633319887,-5321.0,,Public
University of Louisiana at Lafayette,47089.0,10418.0,14991.0,10418.0,2.0810136302553275,8669.0,2.931018571922944,Public
Northshore Technical Community College,29734.0,4203.0,7772.0,4203.0,4.225315251011183,-8686.0,,Public
Tulane University of Louisiana,63268.0,65538.0,19250.0,65538.0,-0.3283591198999054,24848.0,3.412266580811333,Private_nonprofit
Xavier University of Louisiana,52184.0,27868.0,14000.0,27868.0,0.3701736759006746,13764.0,3.0418482999128162,Private_nonprofit
College of the Atlantic,40264.0,46179.0,17723.0,46179.0,-0.5118776933238052,1844.0,34.65401301518438,Private_nonprofit
Bates College,69498.0,63478.0,12442.0,63478.0,-0.1011689089133243,31078.0,2.4428856425767425,Private_nonprofit
Beal University,35639.0,,11261.0,,,-2781.0,,Private_forprofit
Bowdoin College,82735.0,64910.0,12000.0,64910.0,0.08973963950084733,44315.0,1.7355297303396142,Private_nonprofit
Maine College of Health Professions,79840.0,17827.0,12000.0,17827.0,2.80546362259494,41420.0,0.7201110574601641,Private_nonprofit
Central Maine Community College,42448.0,3864.0,6568.0,3864.0,8.285714285714286,4028.0,2.58987090367428,Public
Colby College,80490.0,66600.0,15000.0,66600.0,-0.016666666666666666,42070.0,1.9396244354647016,Private_nonprofit
Eastern Maine Community College,41704.0,3877.0,7833.0,3877.0,7.736394119164302,3284.0,3.565773447015834,Public
Kennebec Valley Community College,36035.0,3562.0,9500.0,3562.0,6.449466591802358,-2385.0,,Public
The Landing School,65849.0,27700.0,7500.0,27700.0,1.1064620938628158,27429.0,1.2833132815633088,Private_nonprofit
University of Maine at Augusta,40342.0,8618.0,13215.0,8618.0,2.14771408679508,1922.0,11.35952133194589,Public
University of Maine at Farmington,44433.0,10989.0,16722.0,10989.0,1.5217035217035217,6013.0,4.6085148844170964,Public
University of Maine at Fort Kent,51077.0,9045.0,12778.0,9045.0,3.2342730790491983,12657.0,1.7241842458718495,Public
University of Maine,48653.0,12606.0,16750.0,12606.0,1.5307789941297796,10233.0,2.8687579399980456,Public
Maine Maritime Academy,89964.0,14746.0,26812.0,14746.0,3.282652922826529,51544.0,0.8062626105851312,Public
University of Maine at Presque Isle,40956.0,8990.0,8275.0,8990.0,2.635261401557286,2536.0,6.807965299684542,Public
University of New England,55921.0,42550.0,20000.0,42550.0,-0.15579318448883667,17501.0,3.5740814810582253,Private_nonprofit
Northern Maine Community College,43348.0,3880.0,8225.0,3880.0,8.052319587628865,4928.0,2.4563717532467533,Public
Empire Beauty School-Maine,23925.0,,7667.0,,,-14495.0,,Private_forprofit
Maine College of Art & Design,40778.0,41398.0,19000.0,41398.0,-0.473935938934248,2358.0,25.614079728583544,Private_nonprofit
Saint Joseph's College of Maine,59045.0,42834.0,19576.0,42834.0,-0.0785590885744969,20625.0,3.025939393939394,Private_nonprofit
Spa Tech Institute-Westbrook,27803.0,,6333.0,,,-10617.0,,Private_forprofit
Southern Maine Community College,41661.0,3797.0,6046.0,3797.0,8.379773505399,3241.0,3.037025609379821,Public
University of Southern Maine,49958.0,10920.0,12887.0,10920.0,2.3947802197802197,11538.0,2.063355867568036,Public
Thomas College,44991.0,30896.0,20000.0,30896.0,-0.19112506473329882,6571.0,7.7455486227362655,Private_nonprofit
Unity Environmental University,37852.0,12640.0,4752.0,12640.0,1.6186708860759493,-568.0,,Private_nonprofit
Washington County Community College,34407.0,3687.0,5500.0,3687.0,6.840249525359371,-4013.0,,Public
Allegany College of Maryland,38476.0,4730.0,8250.0,4730.0,5.390274841437632,56.0,231.78571428571428,Public
Anne Arundel Community College,46219.0,4178.0,6250.0,4178.0,8.56653901388224,7799.0,1.3370944992947813,Public
Award Beauty School,18172.0,,7500.0,,,-20248.0,,Private_forprofit
Baltimore Studio of Hair Design,20080.0,,5500.0,,,-18340.0,,Private_forprofit
Baltimore City Community College,36025.0,3314.0,,3314.0,,-2395.0,,Public
University of Baltimore,61335.0,9772.0,18972.0,9772.0,3.3351412198117067,22915.0,1.2543748636264456,Public
Bowie State University,54537.0,8999.0,12861.0,8999.0,3.6311812423602623,16117.0,1.3563318235403612,Public
Capitol Technology University,85035.0,27318.0,12000.0,27318.0,1.6735119701295849,46615.0,0.8434624048053202,Private_nonprofit
Cecil College,43952.0,5370.0,8250.0,5370.0,5.648417132216015,5532.0,2.462039045553145,Public
College of Southern Maryland,44435.0,4200.0,5500.0,4200.0,8.270238095238096,6015.0,1.6126350789692436,Public
Chesapeake College,36301.0,4010.0,,4010.0,,-2119.0,,Public
Washington Adventist University,64249.0,25200.0,22750.0,25200.0,0.6467857142857143,25829.0,1.8564404351697703,Private_nonprofit
Coppin State University,46490.0,7001.0,15606.0,7001.0,3.4113698043136695,8070.0,2.801363073110285,Public
Del-Mar-Va Beauty Academy,25426.0,,9833.0,,,-12994.0,,Private_forprofit
North American Trade Schools,39756.0,,3668.0,,,1336.0,,Private_forprofit
Frederick Community College,46449.0,3772.0,5500.0,3772.0,9.856044538706257,8029.0,1.1548137999750903,Public
Frostburg State University,55493.0,9998.0,14867.0,9998.0,3.0634126825365073,17073.0,1.456393135359925,Public
Garrett College,35823.0,4060.0,6560.0,4060.0,6.207635467980295,-2597.0,,Public
Goucher College,53023.0,51250.0,17882.0,51250.0,-0.3143219512195122,14603.0,4.734095733753338,Private_nonprofit
Hagerstown Community College,41615.0,4320.0,6500.0,4320.0,7.128472222222222,3195.0,3.3865414710485133,Public
Harford Community College,44608.0,3974.0,7241.0,3974.0,8.402868646200302,6188.0,1.8123787976729153,Public
Hood College,57089.0,45870.0,18185.0,45870.0,-0.15186396337475475,18669.0,3.4310889710214796,Private_nonprofit
Howard Community College,49020.0,4080.0,8250.0,4080.0,8.992647058823529,10600.0,1.1632075471698113,Public
Aveda Institute-Maryland,21250.0,,6333.0,,,-17170.0,,Private_forprofit
Johns Hopkins University,87555.0,63340.0,9000.0,63340.0,0.2402115566782444,49135.0,1.4722702757708355,Private_nonprofit
Lincoln College of Technology-Columbia,38683.0,,9500.0,,,263.0,,Private_forprofit
Loyola University Maryland,82652.0,55480.0,23882.0,55480.0,0.05930064888248017,44232.0,1.7942213781877374,Private_nonprofit
University of Maryland Global Campus,65287.0,7992.0,10500.0,7992.0,5.85523023023023,26867.0,0.6882793017456359,Public
University of Maryland Baltimore,88174.0,,15000.0,,,49754.0,,Public
University of Maryland-Baltimore County,69960.0,12952.0,15750.0,12952.0,3.1854539839407043,31540.0,0.9100190234622701,Public
University of Maryland-College Park,82860.0,11505.0,17000.0,11505.0,4.724467622772708,44440.0,0.6414266426642664,Public
Maryland Institute College of Art,45212.0,55150.0,16250.0,55150.0,-0.4748504079782412,6792.0,10.512367491166078,Private_nonprofit
University of Maryland Eastern Shore,47697.0,8898.0,18500.0,8898.0,2.281299168352439,9277.0,2.953325428479034,Public
Fortis Institute-Towson,36368.0,,9500.0,,,-2052.0,,Private_forprofit
Montgomery Beauty School,18726.0,,7667.0,,,-19694.0,,Private_forprofit
Montgomery College,50159.0,5394.0,7000.0,5394.0,7.00129773822766,11739.0,1.0557969162620326,Public
Morgan State University,50698.0,8118.0,19500.0,8118.0,2.8430647942843064,12278.0,2.249389151327578,Public
Mount St. Mary's University,64072.0,47240.0,15000.0,47240.0,0.03878069432684166,25652.0,2.426321534383284,Private_nonprofit
Ner Israel Rabbinical College,66330.0,14400.0,,14400.0,,27910.0,,Private_nonprofit
Hair Academy,20953.0,,6333.0,,,-17467.0,,Private_forprofit
Notre Dame of Maryland University,65344.0,41910.0,17990.0,41910.0,0.12989739918873777,26924.0,2.224780864656069,Private_nonprofit
Prince George's Community College,47548.0,3914.0,6000.0,3914.0,9.6152273888605,9128.0,1.086108676599474,Public
Maryland Beauty Academy of Essex,20445.0,,5713.0,,,-17975.0,,Private_forprofit
Salisbury University,61515.0,10638.0,15750.0,10638.0,3.302030456852792,23095.0,1.142584975102836,Public
St. Mary's College of Maryland,60110.0,15236.0,17000.0,15236.0,1.8294828038855342,21690.0,1.4862148455509452,Public
St. John's College,51584.0,39126.0,19500.0,39126.0,-0.17998262025251752,13164.0,4.453509571558797,Private_nonprofit
Towson University,64390.0,11306.0,15362.0,11306.0,3.3364585176012738,25970.0,1.0268771659607239,Public
Maryland University of Integrative Health,,,,,,,,Private_nonprofit
United States Naval Academy,,,,,,,,Public
Stevenson University,62079.0,39708.0,21500.0,39708.0,0.021935126422887075,23659.0,2.5870915930512703,Private_nonprofit
Washington College,65518.0,54356.0,21000.0,54356.0,-0.1809919788063875,27098.0,2.7808694368588087,Private_nonprofit
McDaniel College,60663.0,49647.0,15000.0,49647.0,-0.08024654057646988,22243.0,2.9063975183203703,Private_nonprofit
Wor-Wic Community College,36748.0,3744.0,3500.0,3744.0,7.880341880341881,-1672.0,,Public
Hult International Business School,,54890.0,11000.0,54890.0,,,,Private_nonprofit
American International College,53124.0,42970.0,21063.0,42970.0,-0.2538747963695602,14704.0,4.3548014145810665,Private_nonprofit
Amherst College,77644.0,67280.0,12000.0,67280.0,-0.02431629013079667,39224.0,2.0212115031613296,Private_nonprofit
Anna Maria College,46651.0,43064.0,17500.0,43064.0,-0.3230772803269552,8231.0,7.358036690560078,Private_nonprofit
Assabet Valley Regional Technical School,,,9500.0,,,,,Public
Assumption University,74895.0,49414.0,24250.0,49414.0,0.024911968268102158,36475.0,2.019575051405072,Private_nonprofit
Babson College,123938.0,56032.0,19000.0,56032.0,0.8728226727584237,85518.0,0.8773825393484412,Private_nonprofit
Bancroft School of Massage Therapy,,,7600.0,,,,,Private_forprofit
Boston Baptist College,34159.0,14304.0,,14304.0,,-4261.0,,Private_nonprofit
Bay Path University,55383.0,37227.0,19100.0,37227.0,-0.025357939130201197,16963.0,3.3205800860696812,Private_nonprofit
Bentley University,120959.0,58150.0,24007.0,58150.0,0.6672742906276871,82539.0,0.9953718848059705,Private_nonprofit
Berklee College of Music,33647.0,50270.0,15750.0,50270.0,-0.6439824945295405,-4773.0,,Private_nonprofit
Berkshire Community College,38832.0,5612.0,8250.0,5612.0,4.449394155381325,412.0,33.64563106796116,Public
Boston Architectural College,62123.0,26800.0,24750.0,26800.0,0.3945149253731343,23703.0,2.174830190271274,Private_nonprofit
Boston Graduate School of Psychoanalysis Inc,,,,,,,,Private_nonprofit
Boston College,103937.0,67680.0,17962.0,67680.0,0.2703161938534279,65517.0,1.3071721843185737,Private_nonprofit
Boston University,83238.0,65168.0,21500.0,65168.0,-0.05263319420574515,44818.0,1.9337766076130127,Private_nonprofit
Brandeis University,77231.0,64946.0,23250.0,64946.0,-0.16883256859544854,38811.0,2.272448532632501,Private_nonprofit
Bridgewater State University,57466.0,11389.0,18746.0,11389.0,2.399771709544297,19046.0,1.5822219888690539,Public
Bristol Community College,38663.0,5412.0,5250.0,5412.0,5.173872875092387,243.0,43.876543209876544,Public
Signature Healthcare Brockton Hospital School of Nursing,88084.0,,15555.0,,,49664.0,,Private_nonprofit
Bunker Hill Community College,47618.0,5520.0,5500.0,5520.0,6.630072463768116,9198.0,1.198086540552294,Public
Cambridge College,45998.0,18072.0,14917.0,18072.0,0.7198428508189464,7578.0,4.353259435207178,Private_nonprofit
Cape Cod Community College,43670.0,5712.0,6443.0,5712.0,5.517331932773109,5250.0,2.315238095238095,Public
Catherine Hinds Institute of Esthetics,,,5500.0,,,,,Private_forprofit
Laboure College of Healthcare,62200.0,33663.0,15998.0,33663.0,0.3724861123488697,23780.0,2.088351555929352,Private_nonprofit
Clark University,62381.0,55160.0,22141.0,55160.0,-0.2704858593183466,23961.0,3.2261174408413673,Private_nonprofit
Conway School of Landscape Design,,,,,,,,Private_nonprofit
Curry College,54400.0,46220.0,18320.0,46220.0,-0.21938554738208568,15980.0,4.038798498122653,Private_nonprofit
Dean College,38109.0,44960.0,12000.0,44960.0,-0.4192838078291815,-311.0,,Private_nonprofit
Diman Regional Technical Institute,,,5745.0,,,,,Public
National Aviation Academy of New England,59009.0,,14750.0,,,20589.0,,Private_forprofit
Eastern Nazarene College,54727.0,28610.0,19500.0,28610.0,0.23128276826284516,16307.0,2.9502667566075917,Private_nonprofit
Emerson College,62832.0,55392.0,19000.0,55392.0,-0.2086943963027152,24412.0,3.0473537604456826,Private_nonprofit
Emmanuel College,68245.0,46686.0,22969.0,46686.0,-0.03020177355095746,29825.0,2.3354568315171838,Private_nonprofit
Endicott College,58336.0,39212.0,23250.0,39212.0,-0.10522289095174947,19916.0,3.1362723438441455,Private_nonprofit
Rob Roy Academy-Fall River,32113.0,,5500.0,,,-6307.0,,Private_forprofit
Fisher College,49669.0,35013.0,12500.0,35013.0,0.06157712849513038,11249.0,4.223753222508668,Private_nonprofit
Fitchburg State University,53874.0,11046.0,18220.0,11046.0,2.2277747600941518,15454.0,1.893749191147923,Public
Framingham State University,52349.0,11630.0,17224.0,11630.0,2.0202063628546862,13929.0,2.0715054921387033,Public
Benjamin Franklin Cummings Institute of Technology,57556.0,18906.0,9500.0,18906.0,1.5418385697662118,19136.0,1.4844272575250836,Private_nonprofit
Gordon College,52119.0,28100.0,23250.0,28100.0,0.027366548042704626,13699.0,3.7484487918826193,Private_nonprofit
Gordon-Conwell Theological Seminary,,,,,,,,Private_nonprofit
Greenfield Community College,37132.0,5810.0,5500.0,5810.0,4.444406196213425,-1288.0,,Public
Hampshire College,46938.0,56630.0,25000.0,56630.0,-0.6126081582200247,8518.0,9.583235501291384,Private_nonprofit
Harvard University,101817.0,59076.0,12500.0,59076.0,0.5118999255196696,63397.0,1.1290124138366169,Private_nonprofit
Hebrew College,,,,,,,,Private_nonprofit
Hellenic College-Holy Cross Greek Orthodox School of Theology,51724.0,22490.0,13521.0,22490.0,0.6986660738105824,13304.0,2.7067799158147925,Private_nonprofit
College of the Holy Cross,90543.0,60850.0,25879.0,60850.0,0.06267871815940838,52123.0,1.663929551253765,Private_nonprofit
Holyoke Community College,37277.0,5810.0,4750.0,5810.0,4.598450946643718,-1143.0,,Public
Lasell University,49705.0,26000.0,21500.0,26000.0,0.0848076923076923,11285.0,4.209127159946832,Private_nonprofit
Lawrence Memorial Hospital School of Nursing,101466.0,28617.0,20000.0,28617.0,1.8467694028025299,63046.0,0.7711353614820924,Private_nonprofit
Lesley University,51173.0,32780.0,15000.0,32780.0,0.10350823672971324,12753.0,3.7465694346428293,Private_nonprofit
Longy School of Music of Bard College,46543.0,52950.0,19000.0,52950.0,-0.4798300283286119,8123.0,8.857564939061923,Private_nonprofit
Lowell Academy Hairstyling Institute,,,5500.0,,,,,Private_forprofit
University of Massachusetts-Lowell,64874.0,16570.0,18250.0,16570.0,1.8137598068799035,26454.0,1.316247070386331,Public
University of Massachusetts-Amherst,71631.0,17357.0,20000.0,17357.0,1.9746499971193179,33211.0,1.1248381560326397,Public
University of Massachusetts-Boston,65865.0,15496.0,15000.0,15496.0,2.282459989674755,27445.0,1.111167790125706,Public
Massachusetts Bay Community College,52654.0,5616.0,4620.0,5616.0,7.553062678062678,14234.0,0.7191232260784038,Public
MCPHS University,125557.0,38850.0,25000.0,38850.0,1.5883397683397684,87137.0,0.7327541687228158,Private_nonprofit
Massachusetts College of Art and Design,43582.0,14960.0,19500.0,14960.0,0.60975935828877,5162.0,6.675707090275087,Public
Massachusetts Institute of Technology,143372.0,60156.0,12462.0,60156.0,1.1761752776115433,104952.0,0.6919163045963869,Private_nonprofit
Massachusetts Maritime Academy,82392.0,10816.0,20500.0,10816.0,4.722263313609467,43972.0,0.7121804784863095,Public
University of Massachusetts Chan Medical School,,,,,,,,Public
William James College,,,,,,,,Private_nonprofit
Massachusetts School of Barbering,,,6252.0,,,,,Private_forprofit
Massasoit Community College,46111.0,5376.0,5567.0,5376.0,6.541666666666667,7691.0,1.4228318814198413,Public
Merrimack College,75584.0,51786.0,23750.0,51786.0,0.000926891437840343,37164.0,2.032504574319234,Private_nonprofit
MGH Institute of Health Professions,87130.0,,24700.0,,,48710.0,,Private_nonprofit
Middlesex Community College,50651.0,6048.0,5187.0,6048.0,6.517195767195767,12231.0,0.9185675741967133,Public
Montserrat College of Art,33022.0,39000.0,23707.0,39000.0,-0.7611538461538462,-5398.0,,Private_nonprofit
Mount Holyoke College,58418.0,64142.0,18258.0,64142.0,-0.3738891833743881,19998.0,4.12041204120412,Private_nonprofit
Mount Wachusett Community College,41118.0,6000.0,5500.0,6000.0,4.936333333333334,2698.0,4.262416604892513,Public
Rob Roy Academy-New Bedford,,,,,,,,Private_forprofit
The New England Conservatory of Music,34483.0,58550.0,19500.0,58550.0,-0.7440990606319385,-3937.0,,Private_nonprofit
New England College of Optometry,,,,,,,,Private_nonprofit
New England Law-Boston,,,,,,,,Private_nonprofit
Nichols College,58063.0,40375.0,19500.0,40375.0,-0.044879256965944275,19643.0,3.0481596497480017,Private_nonprofit
Massachusetts College of Liberal Arts,48102.0,11884.0,15750.0,11884.0,1.7223157186132616,9682.0,2.85416236314811,Public
North Bennet Street School,43993.0,,9500.0,,,5573.0,,Private_nonprofit
North Shore Community College,45391.0,5352.0,5500.0,5352.0,6.45347533632287,6971.0,1.5567350451872042,Public
Northeastern University,92538.0,63141.0,22000.0,63141.0,0.11715050442660079,54118.0,1.5732473483868583,Private_nonprofit
Northern Essex Community College,42862.0,5688.0,5661.0,5688.0,5.540260196905766,4442.0,2.554930211616389,Public
College of Our Lady of the Elms,51540.0,42061.0,20500.0,42061.0,-0.26202420294334416,13120.0,4.768368902439025,Private_nonprofit
Pope St John XXIII National Seminary,,,,,,,,Private_nonprofit
Quincy College,52506.0,7536.0,8300.0,7536.0,4.865976645435244,14086.0,1.124236830895925,Public
Quinsigamond Community College,45949.0,5974.0,10500.0,5974.0,4.933880147304988,7529.0,2.1880727852304425,Public
Regis College,52873.0,47770.0,23750.0,47770.0,-0.39034959179401296,14453.0,4.948453608247423,Private_nonprofit
Roxbury Community College,38773.0,5784.0,,5784.0,,353.0,,Public
Saint John's Seminary,,,,,,,,Private_nonprofit
Salem State University,56662.0,11978.0,19500.0,11978.0,2.1025212890298883,18242.0,1.725578335708804,Public
Simmons University,63494.0,45538.0,21780.0,45538.0,-0.08397382405902762,25074.0,2.684773071707745,Private_nonprofit
Bard College at Simon's Rock,46543.0,66594.0,19000.0,66594.0,-0.5864041805568069,8123.0,10.537239935984243,Private_nonprofit
Smith College,64027.0,61568.0,13500.0,61568.0,-0.17933017151767153,25607.0,2.931542156441598,Private_nonprofit
Southeastern Technical Institute,,,6750.0,,,,,Public
Springfield College,48036.0,43707.0,23000.0,43707.0,-0.4271855766810808,9616.0,6.937084026622296,Private_nonprofit
Springfield Technical Community College,36966.0,5520.0,4996.0,5520.0,4.791666666666667,-1454.0,,Public
University of Massachusetts-Dartmouth,68804.0,15208.0,18133.0,15208.0,2.3318648079957915,30384.0,1.0973209583991574,Public
Stonehill College,77745.0,54500.0,23472.0,54500.0,-0.004165137614678899,39325.0,1.9827590591226956,Private_nonprofit
Suffolk University,67506.0,45380.0,20500.0,45380.0,0.035830762450418684,29086.0,2.2650072199683695,Private_nonprofit
Rob Roy Academy-Taunton,,,5500.0,,,,,Private_forprofit
Tufts University,83214.0,67844.0,15043.0,67844.0,0.004819880903248629,44794.0,1.850404071973925,Private_nonprofit
Wellesley College,84803.0,64320.0,8700.0,64320.0,0.183193407960199,46383.0,1.574283681521247,Private_nonprofit
Wentworth Institute of Technology,82721.0,41010.0,18500.0,41010.0,0.5659839063643014,44301.0,1.3433105347509084,Private_nonprofit
Western New England University,73157.0,46430.0,19500.0,46430.0,0.1556536721947017,34737.0,1.897976221320206,Private_nonprofit
Westfield State University,57346.0,11882.0,15250.0,11882.0,2.542837906076418,18926.0,1.4335834302018386,Public
Wheaton College (Massachusetts),67725.0,62080.0,23000.0,62080.0,-0.27955863402061853,29305.0,2.903258829551271,Private_nonprofit
Williams College,88665.0,64860.0,11667.0,64860.0,0.18714153561517113,50245.0,1.523076923076923,Private_nonprofit
Worcester Polytechnic Institute,103470.0,59070.0,26978.0,59070.0,0.29493820890468936,65050.0,1.3227978478093774,Private_nonprofit
Worcester State University,60624.0,11286.0,13916.0,11286.0,3.1385787701577175,22204.0,1.13502071698793,Public
Adrian College,55504.0,40556.0,16000.0,40556.0,-0.02593944175954236,17084.0,3.3104659330367596,Private_nonprofit
Albion College,58799.0,55746.0,19500.0,55746.0,-0.29503462131812147,20379.0,3.69233034005594,Private_nonprofit
Hillsdale Beauty College,17793.0,,9064.0,,,-20627.0,,Private_forprofit
Northwestern Technological Institute,41237.0,,8540.0,,,2817.0,,Private_forprofit
Alma College,54742.0,47430.0,23250.0,47430.0,-0.33603204722749314,16322.0,4.330351672589144,Private_nonprofit
Alpena Community College,36442.0,5130.0,5500.0,5130.0,5.031578947368421,-1978.0,,Public
Andrews University,53187.0,33710.0,19716.0,33710.0,-0.007089884307327203,14767.0,3.6179318751269722,Private_nonprofit
Aquinas College,49584.0,38520.0,17992.0,38520.0,-0.1798546209761163,11164.0,5.06198495163024,Private_nonprofit
Baker College,35833.0,12810.0,16753.0,12810.0,0.4894613583138173,-2587.0,,Private_nonprofit
Bay de Noc Community College,35090.0,5910.0,8000.0,5910.0,3.583756345177665,-3330.0,,Public
Bayshire Academy of Beauty Craft Inc,24471.0,,,,,-13949.0,,Private_forprofit
Calvin University,58375.0,38670.0,19500.0,38670.0,0.00530126713214378,19955.0,2.9150588824855928,Private_nonprofit
Calvin Theological Seminary,,,,,,,,Private_nonprofit
Carnegie Institute,38244.0,15342.0,8568.0,15342.0,0.9342980054751662,-176.0,,Private_forprofit
Michigan School of Psychology,,,,,,,,Private_nonprofit
Central Michigan University,55874.0,14190.0,23183.0,14190.0,1.3038054968287527,17454.0,2.1412283717199494,Public
Mott Community College,32538.0,4426.0,5975.0,4426.0,5.001581563488477,-5882.0,,Public
Empire Beauty School-Michigan,22377.0,,6633.0,,,-16043.0,,Private_forprofit
Cleary University,54186.0,24842.0,12469.0,24842.0,0.6792931325980195,15766.0,2.3665482684257264,Private_nonprofit
Concordia University Ann Arbor,56075.0,34200.0,19500.0,34200.0,0.06944444444444445,17655.0,3.0416312659303313,Private_nonprofit
Cranbrook Academy of Art,,,,,,,,Private_nonprofit
College for Creative Studies,44860.0,51355.0,19000.0,51355.0,-0.4964463051309512,6440.0,10.924689440993788,Private_nonprofit
Davenport University,45099.0,23324.0,17353.0,23324.0,0.18959012176299092,6679.0,6.090282976493487,Private_nonprofit
David Pressley School of Cosmetology,22973.0,,6160.0,,,-15447.0,,Private_forprofit
Delta College,37781.0,4640.0,6000.0,4640.0,5.8493534482758625,-639.0,,Public
Detroit Business Institute-Downriver,26702.0,,13583.0,,,-11718.0,,Private_forprofit
MIAT College of Technology,62575.0,17252.0,9500.0,17252.0,2.076454903779272,24155.0,1.1075139722624716,Private_forprofit
University of Detroit Mercy,71030.0,32300.0,19950.0,32300.0,0.5814241486068111,32610.0,1.6022692425636307,Private_nonprofit
Dorsey College,29392.0,32160.0,9500.0,32160.0,-0.3814676616915423,-9028.0,,Private_forprofit
Eastern Michigan University,51793.0,15510.0,18750.0,15510.0,1.1304319793681497,13373.0,2.5618784117251177,Public
Creative Hair School of Cosmetology,,,9500.0,,,,,Private_forprofit
Ferris State University,54735.0,13630.0,15500.0,13630.0,1.8785766691122523,16315.0,1.7854734906527736,Public
Glen Oaks Community College,37540.0,4128.0,5543.0,4128.0,6.751211240310077,-880.0,,Public
Kettering University,94823.0,46380.0,26563.0,46380.0,0.4717550668391548,56403.0,1.2932468131127777,Private_nonprofit
Gogebic Community College,40950.0,5590.0,6000.0,5590.0,5.252236135957066,2530.0,4.5810276679841895,Public
Grace Christian University,41663.0,14992.0,9500.0,14992.0,1.1453441835645677,3243.0,7.552266419981499,Private_nonprofit
Cornerstone University,47314.0,29100.0,18634.0,29100.0,-0.01443298969072165,8894.0,5.366988981335732,Private_nonprofit
Grand Rapids Community College,38377.0,4059.0,5500.0,4059.0,7.099778270509978,-43.0,,Public
Grand Valley State University,56118.0,14628.0,19500.0,14628.0,1.503281378178835,17698.0,1.928353486269635,Public
Great Lakes Christian College,31053.0,19990.0,12250.0,19990.0,-0.05937968984492246,-7367.0,,Private_nonprofit
Henry Ford College,34795.0,3460.0,7300.0,3460.0,6.946531791907514,-3625.0,,Public
Hillsdale College,,32092.0,,32092.0,,,,Private_nonprofit
Hope College,58427.0,40420.0,23250.0,40420.0,-0.1297130133597229,20007.0,3.1823861648423053,Private_nonprofit
Jackson College,36898.0,7040.0,8750.0,7040.0,2.9982954545454548,-1522.0,,Public
Kalamazoo College,65590.0,58764.0,22810.0,58764.0,-0.2720032673065142,27170.0,3.0023555391976444,Private_nonprofit
Kalamazoo Valley Community College,38618.0,4046.0,5054.0,4046.0,7.295600593178448,198.0,45.95959595959596,Public
Kellogg Community College,38329.0,3798.0,10258.0,3798.0,6.390995260663507,-91.0,,Public
Kirtland Community College,35831.0,4980.0,7043.0,4980.0,4.780722891566265,-2589.0,,Public
Michigan College of Beauty-Monroe,22766.0,,6333.0,,,-15654.0,,Private_forprofit
Lake Michigan College,34466.0,5265.0,5104.0,5265.0,4.576828110161443,-3954.0,,Public
Lake Superior State University,49045.0,14266.0,14764.0,14266.0,1.4029861208467684,10625.0,2.732235294117647,Public
Lansing Community College,39206.0,4010.0,5613.0,4010.0,7.3773067331670825,786.0,12.243002544529261,Public
Lawrence Technological University,69151.0,41872.0,20500.0,41872.0,0.16189816583874667,30731.0,2.0296117926523705,Private_nonprofit
M J Murphy Beauty College of Mount Pleasant,20720.0,,4750.0,,,-17700.0,,Private_forprofit
Macomb Community College,41596.0,3600.0,3500.0,3600.0,9.582222222222223,3176.0,2.2355163727959697,Public
Madonna University,59058.0,27360.0,19000.0,27360.0,0.4641081871345029,20638.0,2.24634169977711,Private_nonprofit
Rochester University,48707.0,27938.0,14750.0,27938.0,0.21544133438327726,10287.0,4.149703509283562,Private_nonprofit
University of Michigan-Ann Arbor,83648.0,17228.0,17625.0,17228.0,2.8323078709078247,45228.0,0.770606703811798,Public
The Michigan Barber School,25106.0,,,,,-13314.0,,Private_nonprofit
Michigan State University,67253.0,15988.0,19500.0,15988.0,1.9868026019514635,28833.0,1.2308119169007734,Public
Michigan Technological University,78198.0,18392.0,20500.0,18392.0,2.1371248368856026,39778.0,0.9777263814168636,Public
University of Michigan-Dearborn,59649.0,14944.0,17000.0,14944.0,1.85392130620985,21229.0,1.5047340901596873,Public
University of Michigan-Flint,53230.0,14014.0,18494.0,14014.0,1.4786641929499071,14810.0,2.1950033760972314,Public
Mid Michigan College,37319.0,5794.0,7810.0,5794.0,4.09302726958923,-1101.0,,Public
Monroe County Community College,41646.0,4566.0,6226.0,4566.0,6.757336837494525,3226.0,3.3453192808431496,Public
Montcalm Community College,35499.0,4860.0,9500.0,4860.0,4.349588477366255,-2921.0,,Public
Muskegon Community College,36549.0,6990.0,5000.0,6990.0,3.513447782546495,-1871.0,,Public
North Central Michigan College,36594.0,5267.0,5500.0,5267.0,4.903550408202013,-1826.0,,Public
Northern Michigan University,47107.0,13304.0,13750.0,13304.0,1.507291040288635,8687.0,3.1143087371935074,Public
Northwestern Michigan College,38167.0,5350.0,8191.0,5350.0,4.602990654205607,-253.0,,Public
Northwood University,63075.0,33000.0,18750.0,33000.0,0.3431818181818182,24655.0,2.098965727033056,Private_nonprofit
Oakland Community College,37395.0,3020.0,4592.0,3020.0,9.861920529801324,-1025.0,,Public
Oakland University,58612.0,14694.0,16787.0,14694.0,1.8463998911120185,20192.0,1.5590828050713155,Public
The University of Olivet,47907.0,33076.0,13000.0,33076.0,0.0553573588100133,9487.0,4.856751343944345,Private_nonprofit
Port Huron Cosmetology College,22980.0,,4750.0,,,-15440.0,,Private_forprofit
Kuyper College,41066.0,26390.0,16304.0,26390.0,-0.06169003410382721,2646.0,16.13529856386999,Private_nonprofit
Ross Medical Education Center-Lansing,30072.0,,5500.0,,,-8348.0,,Private_forprofit
Ross Medical Education Center-Warren,30481.0,,8481.0,,,-7939.0,,Private_forprofit
Ross Medical Education Center-Flint,30060.0,,7504.0,,,-8360.0,,Private_forprofit
Sacred Heart Major Seminary,49295.0,25560.0,7500.0,25560.0,0.6351721439749609,10875.0,3.04,Private_nonprofit
Saginaw Valley State University,51955.0,12240.0,17500.0,12240.0,1.8149509803921569,13535.0,2.1972663465090507,Public
Schoolcraft Community College District,42722.0,4448.0,5531.0,4448.0,7.361285971223022,4302.0,2.319618781961878,Public
Siena Heights University,57529.0,29778.0,15625.0,29778.0,0.4072133790046343,19109.0,2.376000837301795,Private_nonprofit
St Clair County Community College,40177.0,5076.0,7500.0,5076.0,5.437549251379038,1757.0,7.157655093910074,Public
Southwestern Michigan College,37303.0,6026.0,5500.0,6026.0,4.277630268835048,-1117.0,,Public
Spring Arbor University,51732.0,32580.0,24724.0,32580.0,-0.17102516881522406,13312.0,4.3046875,Private_nonprofit
Michigan Career and Technical Institute,29376.0,8300.0,,8300.0,,-9044.0,,Public
Thomas M Cooley Law School,63450.0,,,,,25030.0,,Private_nonprofit
Twin City Beauty College,23043.0,,5500.0,,,-15377.0,,Private_forprofit
Walsh College,72081.0,,12500.0,,,33661.0,,Private_nonprofit
Washtenaw Community College,39449.0,2736.0,7855.0,2736.0,10.54751461988304,1029.0,10.29251700680272,Public
Wayne County Community College District,29079.0,3112.0,7421.0,3112.0,5.959511568123394,-9341.0,,Public
Wayne State University,53493.0,14297.0,16597.0,14297.0,1.5806812618031756,15073.0,2.04962515756651,Public
West Shore Community College,36115.0,4320.0,6000.0,4320.0,5.971064814814815,-2305.0,,Public
Paul Mitchell the School-Grand Rapids,,,7977.0,,,,,Private_forprofit
Western Michigan University,53562.0,15298.0,20115.0,15298.0,1.1863642306183815,15142.0,2.3387267203803987,Public
Western Theological Seminary,,,,,,,,Private_nonprofit
Academy College,48300.0,18252.0,16500.0,18252.0,0.7422748191978962,9880.0,3.517408906882591,Private_forprofit
Alexandria Technical & Community College,49393.0,6213.0,8251.0,6213.0,5.621921776919363,10973.0,1.3181445365898115,Public
Anoka Technical College,47746.0,6267.0,9250.0,6267.0,5.142651986596458,9326.0,1.6638430195153335,Public
Anoka-Ramsey Community College,48342.0,5682.0,8750.0,5682.0,5.9679690249912,9922.0,1.4545454545454546,Public
Augsburg University,58829.0,43942.0,19500.0,43942.0,-0.10497929088343726,20409.0,3.10853055024744,Private_nonprofit
Riverland Community College,45247.0,6250.0,9500.0,6250.0,4.71952,6827.0,2.30701625897173,Public
Northwest Technical College,42930.0,6246.0,9500.0,6246.0,4.352225424271534,4510.0,3.491352549889135,Public
Bemidji State University,53755.0,10164.0,13809.0,10164.0,2.930145611963794,15335.0,1.5632865992826868,Public
Bethany Lutheran College,46110.0,30010.0,15935.0,30010.0,0.005498167277574142,7690.0,5.974642392717815,Private_nonprofit
Bethel University,63764.0,42930.0,18272.0,42930.0,0.0596785464709993,25344.0,2.4148516414141414,Private_nonprofit
Central Lakes College-Brainerd,42162.0,6209.0,8439.0,6209.0,4.431309389595748,3742.0,3.914484233030465,Public
Carleton College,75525.0,65457.0,15960.0,65457.0,-0.09001329116824786,37105.0,2.19423258320981,Private_nonprofit
Concordia College at Moorhead,59317.0,30020.0,20895.0,30020.0,0.2798800799467022,20897.0,2.4364741350433077,Private_nonprofit
Concordia University-Saint Paul,59871.0,25000.0,12166.0,25000.0,0.9082,21451.0,1.7325998787935295,Private_nonprofit
Dakota County Technical College,51938.0,6419.0,8250.0,6419.0,5.806044555226671,13518.0,1.0851457316171031,Public
Martin Luther College,47491.0,17770.0,16606.0,17770.0,0.7380416432189083,9071.0,3.7896593539852277,Private_nonprofit
Lake Superior College,46449.0,5786.0,8820.0,5786.0,5.503456619426201,8029.0,1.819155561091045,Public
Minnesota State Community and Technical College,45591.0,5900.0,9360.0,5900.0,5.140847457627118,7171.0,2.128015618463255,Public
Minnesota West Community and Technical College,45285.0,6484.0,9500.0,6484.0,4.5189697717458355,6865.0,2.3283321194464675,Public
Gustavus Adolphus College,65607.0,54310.0,23250.0,54310.0,-0.2200883815135334,27187.0,2.852834075109427,Private_nonprofit
Hamline University,61106.0,48311.0,15750.0,48311.0,-0.0611661940344849,22686.0,2.8238120426694877,Private_nonprofit
Hazelden Betty Ford Graduate School,,,,,,,,Private_nonprofit
Hennepin Technical College,49460.0,5881.0,9500.0,5881.0,5.794762795442952,11040.0,1.3932065217391305,Public
Minnesota North College,45570.0,6004.0,8694.0,6004.0,5.141905396402398,7150.0,2.0556643356643356,Public
Aveda Arts & Sciences Institute Minneapolis,34659.0,,6023.0,,,-3761.0,,Private_forprofit
Inver Hills Community College,49898.0,6007.0,9315.0,6007.0,5.755951390044948,11478.0,1.334901550792821,Public
Luther Seminary,,,,,,,,Private_nonprofit
Macalester College,63878.0,64908.0,19500.0,64908.0,-0.3162938312688729,25458.0,3.3155786000471363,Private_nonprofit
South Central College,45068.0,6146.0,8250.0,6146.0,4.990562967783925,6648.0,2.1654632972322503,Public
Minnesota State University-Mankato,56922.0,9490.0,14000.0,9490.0,3.5228661749209693,18502.0,1.2695924764890283,Public
Mayo Clinic College of Medicine and Science,79652.0,3257.0,9066.0,3257.0,20.672090881179,41232.0,0.2988698098564222,Private_nonprofit
Metropolitan State University,64705.0,9780.0,12900.0,9780.0,4.297034764826176,26285.0,0.8628495339547271,Public
University of Minnesota-Twin Cities,69020.0,16488.0,16727.0,16488.0,2.171579330422125,30600.0,1.0854575163398692,Public
University of Minnesota-Crookston,58056.0,13120.0,12500.0,13120.0,2.4722560975609755,19636.0,1.3047463841923,Public
Minneapolis College of Art and Design,40873.0,43824.0,19225.0,43824.0,-0.5060240963855421,2453.0,25.70281288218508,Private_nonprofit
Minneapolis Community and Technical College,40086.0,6128.0,10500.0,6128.0,3.8280026109660574,1666.0,9.98079231692677,Public
Herzing University-Minneapolis,36909.0,13420.0,11756.0,13420.0,0.8742921013412817,-1511.0,,Private_nonprofit
Nova Academy of Cosmetology Woodbury,31961.0,,6333.0,,,-6459.0,,Private_forprofit
University of Minnesota-Duluth,62616.0,14318.0,16000.0,14318.0,2.2557619779298785,24196.0,1.2530170276078691,Public
University of Minnesota-Morris,50919.0,14288.0,12377.0,14288.0,1.697508398656215,12499.0,2.1333706696535724,Public
Model College of Hair Design,25410.0,,5500.0,,,-13010.0,,Private_forprofit
Minnesota State University Moorhead,50527.0,10336.0,15000.0,10336.0,2.4372097523219813,12107.0,2.0926736598661932,Public
North Hennepin Community College,51142.0,5050.0,9000.0,5050.0,7.344950495049505,12722.0,1.104386102814023,Public
Normandale Community College,50207.0,6321.0,8000.0,6321.0,5.677266255339345,11787.0,1.2149826079579198,Public
North Central University,45064.0,29460.0,16750.0,29460.0,-0.03890020366598778,6644.0,6.955147501505118,Private_nonprofit
Northland Community and Technical College,44425.0,6262.0,9500.0,6262.0,4.577291600127754,6005.0,2.6248126561199,Public
University of Northwestern-St Paul,50755.0,36830.0,17750.0,36830.0,-0.10385555253869129,12335.0,4.424807458451561,Private_nonprofit
Northwestern Health Sciences University,48666.0,12015.0,8250.0,12015.0,2.3637952559300874,10246.0,1.9778450126878782,Private_nonprofit
Oak Hills Christian College,35983.0,18910.0,9500.0,18910.0,0.40047593865679537,-2437.0,,Private_nonprofit
Pine Technical & Community College,41232.0,4681.0,9933.0,4681.0,5.686391796624653,2812.0,5.19701280227596,Public
Rochester Community and Technical College,45287.0,6359.0,9250.0,6359.0,4.667086019814437,6867.0,2.27304499781564,Public
College of Saint Benedict,63260.0,53884.0,23250.0,53884.0,-0.2574790290253136,24840.0,3.105233494363929,Private_nonprofit
St Cloud Technical and Community College,46874.0,4957.0,8265.0,4957.0,6.788783538430502,8454.0,1.5639933759167257,Public
Saint Cloud State University,55813.0,10117.0,14362.0,10117.0,3.097163190669171,17393.0,1.4074052779853965,Public
Saint Johns University,76786.0,53942.0,23250.0,53942.0,-0.007526602647287828,38366.0,2.011989782620028,Private_nonprofit
Saint Mary's University of Minnesota,58170.0,43160.0,16099.0,43160.0,-0.025231696014828546,19750.0,3.0004556962025317,Private_nonprofit
St Olaf College,65543.0,56970.0,23250.0,56970.0,-0.25762682113393015,27123.0,2.9576374294878884,Private_nonprofit
Crown College,48057.0,30200.0,15225.0,30200.0,0.08715231788079471,9637.0,4.713603818615752,Private_nonprofit
The College of Saint Scholastica,65934.0,40454.0,17125.0,40454.0,0.20653087457358976,27514.0,2.0927164352693173,Private_nonprofit
University of St Thomas,73739.0,52284.0,19500.0,52284.0,0.03739193634763981,35319.0,2.032447124777032,Private_nonprofit
Empire Beauty School-Bloomington,23589.0,,6333.0,,,-14831.0,,Private_forprofit
St Catherine University,59282.0,49758.0,19716.0,49758.0,-0.20483138389806665,20862.0,3.3301696865113604,Private_nonprofit
Rasmussen University-Minnesota,39080.0,10899.0,13000.0,10899.0,1.3928800807413524,660.0,36.21060606060606,Private_forprofit
Saint Paul College,38399.0,6318.0,9000.0,6318.0,3.653213042101931,-21.0,,Public
Southwest Minnesota State University,51342.0,10304.0,14250.0,10304.0,2.5997670807453415,12922.0,1.9001702522829282,Public
Summit Academy Opportunities Industrialization Center,22606.0,,,,,-15814.0,,Private_nonprofit
United Theological Seminary of the Twin Cities,,,,,,,,Private_nonprofit
Dunwoody College of Technology,61511.0,25659.0,12000.0,25659.0,0.9295763669667563,23091.0,1.6308951539560868,Private_nonprofit
Ridgewater College,43827.0,6109.0,9196.0,6109.0,4.668849238827959,5407.0,2.8305899759570927,Public
Minnesota State College Southeast,43613.0,7820.0,9500.0,7820.0,3.3622762148337597,5193.0,3.3352590025033697,Public
Winona State University,58532.0,10498.0,15000.0,10498.0,3.1466946084968566,20112.0,1.2678003182179793,Public
Mitchell Hamline School of Law,,,,,,,,Private_nonprofit
Century College,46424.0,6182.0,9500.0,6182.0,4.972824328696214,8004.0,1.9592703648175913,Public
Alcorn State University,36421.0,8549.0,17021.0,8549.0,1.2692712597964675,-1999.0,,Public
Belhaven University,46440.0,29195.0,18549.0,29195.0,-0.04466518239424559,8020.0,5.953117206982544,Private_nonprofit
Blue Mountain Christian University,40421.0,19280.0,13750.0,19280.0,0.38335062240663903,2001.0,16.506746626686656,Private_nonprofit
Chris Beauty College,18468.0,,,,,-19952.0,,Private_forprofit
Coahoma Community College,24289.0,3490.0,,3490.0,,-14131.0,,Public
Copiah-Lincoln Community College,31241.0,4000.0,5500.0,4000.0,5.43525,-7179.0,,Public
Delta State University,41991.0,8605.0,15000.0,8605.0,2.136664729808251,3571.0,6.610193223186783,Public
East Central Community College,32421.0,3865.0,4481.0,3865.0,6.228978007761967,-5999.0,,Public
East Mississippi Community College,33772.0,3950.0,5790.0,3950.0,6.084050632911392,-4648.0,,Public
Fosters Cosmetology College,,,6044.0,,,,,Private_forprofit
Academy of Hair Design-Grenada,22284.0,,6500.0,,,-16136.0,,Private_forprofit
Hinds Community College,30774.0,3825.0,5951.0,3825.0,5.489673202614379,-7646.0,,Public
Holmes Community College,32922.0,3510.0,5500.0,3510.0,6.812535612535613,-5498.0,,Public
Itawamba Community College,32912.0,3420.0,5500.0,3420.0,7.015204678362573,-5508.0,,Public
Jackson State University,39060.0,9090.0,24751.0,9090.0,0.5741474147414741,640.0,52.8765625,Public
Jones County Junior College,33377.0,4000.0,5500.0,4000.0,5.96925,-5043.0,,Public
Meridian Community College,31002.0,3932.0,4500.0,3932.0,5.740081383519837,-7418.0,,Public
Millsaps College,53848.0,43815.0,19500.0,43815.0,-0.2160675567727947,15428.0,4.103901996370236,Private_nonprofit
Mississippi Delta Community College,28421.0,3540.0,,3540.0,,-9999.0,,Public
University of Mississippi,50994.0,9412.0,15250.0,9412.0,2.7977050573735656,12574.0,1.9613488150151106,Public
Mississippi University for Women,46128.0,8092.0,13000.0,8092.0,3.0939199209095403,7708.0,2.736377789309808,Public
Mississippi Valley State University,31919.0,7912.0,19203.0,7912.0,0.6071789686552073,-6501.0,,Public
Mississippi College,47485.0,21698.0,17759.0,21698.0,0.36998801732878606,9065.0,4.352675124103696,Private_nonprofit
Hatfield's Mississippi College of Beauty Culture,13849.0,,6500.0,,,-24571.0,,Private_forprofit
Mississippi Gulf Coast Community College,33017.0,3950.0,6625.0,3950.0,5.681518987341772,-5403.0,,Public
Mississippi State University,51513.0,9815.0,16324.0,9815.0,2.585226693835965,13093.0,1.9964102955777896,Public
Northeast Mississippi Community College,34081.0,4770.0,5500.0,4770.0,4.991823899371069,-4339.0,,Public
Northwest Mississippi Community College,36396.0,3660.0,5500.0,3660.0,7.441530054644809,-2024.0,,Public
Pearl River Community College,33019.0,3650.0,6250.0,3650.0,6.333972602739726,-5401.0,,Public
Rust College,32275.0,13840.0,13777.0,13840.0,0.3365606936416185,-6145.0,,Private_nonprofit
Southeastern Baptist College,26946.0,5925.0,,5925.0,,-11474.0,,Private_nonprofit
Southwest Mississippi Community College,33227.0,3960.0,,3960.0,,-5193.0,,Public
University of Southern Mississippi,44140.0,9618.0,14250.0,9618.0,2.1077147016011644,5720.0,4.172727272727273,Public
Tougaloo College,34724.0,11398.0,23098.0,11398.0,0.020003509387611862,-3696.0,,Private_nonprofit
Vaughn Beauty College,,,,,,,,Private_forprofit
Wesley Biblical Seminary,,8000.0,,8000.0,,,,Private_nonprofit
William Carey University,43087.0,14685.0,15796.0,14685.0,0.8584269662921349,4667.0,6.531176344546818,Private_nonprofit
Aquinas Institute of Theology,,,,,,,,Private_nonprofit
Avila University,52773.0,38672.0,19230.0,38672.0,-0.1326282581712867,14353.0,4.0341392043475235,Private_nonprofit
Mission University,38641.0,16230.0,16000.0,16230.0,0.39500924214417743,221.0,145.83710407239818,Private_nonprofit
House of Heavilin Beauty College-Blue Springs,24840.0,,7463.0,,,-13580.0,,Private_forprofit
Cox College,56867.0,15599.0,18000.0,15599.0,1.491634079107635,18447.0,1.8213801702173795,Private_nonprofit
Calvary University,45421.0,13692.0,12500.0,13692.0,1.4043967280163598,7001.0,3.7411798314526497,Private_nonprofit
Cape Girardeau Career and Technology Center,44369.0,,6944.0,,,5949.0,,Public
Central Christian College of the Bible,34675.0,11200.0,10125.0,11200.0,1.1919642857142858,-3745.0,,Private_nonprofit
Central Methodist University-College of Liberal Arts and Sciences,48991.0,27140.0,13292.0,27140.0,0.3153647752394989,10571.0,3.8248037082584427,Private_nonprofit
University of Central Missouri,49560.0,9739.0,15750.0,9739.0,2.4716089947633226,11140.0,2.288061041292639,Public
Grand River Technical School,40665.0,,,,,2245.0,,Public
Cleveland University-Kansas City,52304.0,14400.0,9500.0,14400.0,1.9725,13884.0,1.721405934889081,Private_nonprofit
Columbia College,45378.0,24326.0,14750.0,24326.0,0.2590643755652388,6958.0,5.6159816039091695,Private_nonprofit
Conception Seminary College,50430.0,25208.0,,25208.0,,12010.0,,Private_nonprofit
Concordia Seminary,,,,,,,,Private_nonprofit
Cottey College,35422.0,26209.0,11000.0,26209.0,-0.06818268533709794,-2998.0,,Private_nonprofit
Covenant Theological Seminary,,,,,,,,Private_nonprofit
Crowder College,35987.0,6180.0,5500.0,6180.0,3.933171521035599,-2433.0,,Public
Culver-Stockton College,46092.0,29915.0,15000.0,29915.0,0.03934481029583821,7672.0,5.854405630865485,Private_nonprofit
Drury University,40694.0,35235.0,13000.0,35235.0,-0.21402015041861785,2274.0,21.211521547933156,Private_nonprofit
East Central College,36916.0,3888.0,6590.0,3888.0,6.799897119341564,-1504.0,,Public
Eden Theological Seminary,,,,,,,,Private_nonprofit
Pinnacle Career Institute,34213.0,,8146.0,,,-4207.0,,Private_forprofit
Evangel University,46573.0,27192.0,17495.0,27192.0,0.06935863489261547,8153.0,5.481049920274746,Private_nonprofit
Fontbonne University,48825.0,28976.0,16500.0,28976.0,0.11557840971838763,10405.0,4.370591061989428,Private_nonprofit
Four Rivers Career Center,48199.0,18345.0,8745.0,18345.0,1.150667756881984,9779.0,2.770221904080172,Public
Ozarks Technical Community College,36455.0,4184.0,6500.0,4184.0,6.159416826003824,-1965.0,,Public
Hannibal-LaGrange University,42643.0,26880.0,13688.0,26880.0,0.07719494047619048,4223.0,9.60644091877812,Private_nonprofit
Harris-Stowe State University,31088.0,6442.0,13500.0,6442.0,1.730208009934803,-7332.0,,Public
House of Heavilin Beauty College-Kansas City,17269.0,,11024.0,,,-21151.0,,Private_forprofit
Summit Salon Academy Kansas City,24811.0,,9500.0,,,-13609.0,,Private_forprofit
Jefferson College,40782.0,4500.0,6000.0,4500.0,6.729333333333333,2362.0,4.445385266723116,Public
Paul Mitchell the School-Missouri Columbia,27715.0,,7666.0,,,-10705.0,,Private_forprofit
Barnes-Jewish College Goldfarb School of Nursing,84393.0,,15000.0,,,45973.0,,Private_nonprofit
Kansas City Art Institute,37032.0,43550.0,21500.0,43550.0,-0.6433524684270953,-1388.0,,Private_nonprofit
Kenrick Glennon Seminary,,,,,,,,Private_nonprofit
A T Still University of Health Sciences,,,,,,,,Private_nonprofit
Lex La-Ray Technical Center,52142.0,,13889.0,,,13722.0,,Public
Lincoln University,39463.0,9290.0,19000.0,9290.0,1.2026910656620022,1043.0,27.123681687440076,Public
Lindenwood University,53278.0,21100.0,20500.0,21100.0,0.5534597156398104,14858.0,2.7998384708574506,Private_nonprofit
State Technical College of Missouri,55901.0,7830.0,8500.0,7830.0,5.053767560664112,17481.0,0.9341570848349636,Public
Logan University,55838.0,9000.0,7767.0,9000.0,4.341222222222222,17418.0,0.9626248708232863,Private_nonprofit
Metropolitan Community College-Kansas City,40796.0,3630.0,6500.0,3630.0,8.447933884297521,2376.0,4.263468013468014,Public
Maryville University of Saint Louis,62105.0,27166.0,10041.0,27166.0,0.9165132886696606,23685.0,1.5709098585602703,Private_nonprofit
Missouri College of Cosmetology and Esthetics,26738.0,,6125.0,,,-11682.0,,Private_forprofit
Midwest Institute,30414.0,,9500.0,,,-8006.0,,Private_forprofit
Midwestern Baptist Theological Seminary,50535.0,9400.0,9995.0,9400.0,3.3127659574468087,12115.0,1.6009079653322327,Private_nonprofit
Mineral Area College,35352.0,5180.0,7815.0,5180.0,4.316023166023166,-3068.0,,Public
Missouri Baptist University,46660.0,33122.0,17726.0,33122.0,-0.12644163999758468,8240.0,6.170873786407767,Private_nonprofit
Missouri Southern State University,42620.0,8400.0,11650.0,8400.0,2.6869047619047617,4200.0,4.773809523809524,Public
Missouri Valley College,43221.0,23000.0,10250.0,23000.0,0.4335217391304348,4801.0,6.925640491564257,Private_nonprofit
Missouri Western State University,42647.0,9800.0,11920.0,9800.0,2.135408163265306,4227.0,5.138396025550035,Public
University of Missouri-Columbia,63403.0,14130.0,16500.0,14130.0,2.319391365888181,24983.0,1.2260337029179842,Public
University of Missouri-Kansas City,59637.0,11988.0,14835.0,11988.0,2.7372372372372373,21217.0,1.2642220860630626,Public
Missouri University of Science and Technology,82957.0,14278.0,19000.0,14278.0,3.4794088807956296,44537.0,0.7471989581696118,Public
University of Missouri-St Louis,53037.0,13440.0,16500.0,13440.0,1.7185267857142856,14617.0,2.0482999247451597,Public
Moberly Area Community College,37537.0,4020.0,8000.0,4020.0,6.347512437810945,-883.0,,Public
Nazarene Theological Seminary,,,,,,,,Private_nonprofit
Neosho Beauty College,18280.0,,7917.0,,,-20140.0,,Private_forprofit
Truman State University,56280.0,9470.0,16679.0,9470.0,3.1817317845828934,17860.0,1.4641097424412095,Public
Northwest Missouri State University,47885.0,10181.0,14927.0,10181.0,2.2372065612415284,9465.0,2.6527205493924986,Public
Ozark Christian College,41297.0,15550.0,9784.0,15550.0,1.0265594855305467,2877.0,8.805700382342717,Private_nonprofit
College of the Ozarks,41592.0,21290.0,,21290.0,,3172.0,,Private_nonprofit
Park University,56309.0,16400.0,12500.0,16400.0,1.6712804878048781,17889.0,1.6155179160377886,Private_nonprofit
Stevens-The Institute of Business & Arts,29058.0,12968.0,21000.0,12968.0,-0.3786243059839605,-9362.0,,Private_forprofit
Poplar Bluff Technical Career Center,37750.0,,4750.0,,,-670.0,,Public
Ranken Technical College,55955.0,17490.0,9813.0,17490.0,1.638193253287593,17535.0,1.5570573139435415,Private_nonprofit
Research College of Nursing,85910.0,,12500.0,,,47490.0,,Private_forprofit
Rockhurst University,67102.0,43420.0,12500.0,43420.0,0.25753109166282817,28682.0,1.9496548357855101,Private_nonprofit
Saint Louis University,70783.0,53244.0,19500.0,53244.0,-0.036830440988655996,32363.0,2.2477520625405556,Private_nonprofit
Salem College of Hairstyling,18275.0,,,,,-20145.0,,Private_forprofit
University of Health Sciences and Pharmacy in St. Louis,137047.0,31920.0,14000.0,31920.0,2.854855889724311,98627.0,0.4655925862086447,Private_nonprofit
Saint Louis Community College,35325.0,3660.0,3839.0,3660.0,7.602732240437159,-3095.0,,Public
Saint Paul School of Theology,,,,,,,,Private_nonprofit
Southwest Baptist University,43112.0,28320.0,14000.0,28320.0,0.027966101694915254,4692.0,9.019607843137255,Private_nonprofit
Missouri State University-West Plains,36922.0,5544.0,5750.0,5544.0,4.6226551226551225,-1498.0,,Public
St Louis College of Health Careers-St Louis,32217.0,,9500.0,,,-6203.0,,Private_forprofit
State Fair Community College,35562.0,4104.0,6500.0,4104.0,6.081384015594542,-2858.0,,Public
Stephens College,43071.0,28200.0,19489.0,28200.0,-0.16375886524822694,4651.0,10.25349387228553,Private_nonprofit
Southeast Missouri State University,44030.0,9496.0,14750.0,9496.0,2.0834035383319294,5610.0,4.32192513368984,Public
Missouri State University-Springfield,49827.0,9024.0,16200.0,9024.0,2.726396276595745,11407.0,2.21127377925835,Public
Three Rivers College,32442.0,4860.0,7061.0,4860.0,4.222427983539094,-5978.0,,Public
North Central Missouri College,40837.0,4950.0,8000.0,4950.0,5.6337373737373735,2417.0,5.357881671493587,Public
Kansas City University,,,,,,,,Private_nonprofit
Washington University in St Louis,86182.0,62982.0,15000.0,62982.0,0.13019592899558605,47762.0,1.6327205728403333,Private_nonprofit
Webster University,50876.0,30730.0,18500.0,30730.0,0.05356329319882851,12456.0,3.9523121387283235,Private_nonprofit
Westminster College,52199.0,34188.0,19463.0,34188.0,-0.04247104247104247,13779.0,3.893678786559257,Private_nonprofit
William Jewell College,59268.0,19890.0,19250.0,19890.0,1.011965811965812,20848.0,1.8773983115886417,Private_nonprofit
William Woods University,42401.0,28860.0,14425.0,28860.0,-0.03063063063063063,3981.0,10.872896257221804,Private_nonprofit
Academy of Cosmetology Inc,,,6948.0,,,,,Private_forprofit
Blackfeet Community College,22953.0,3610.0,,3610.0,,-15467.0,,Private_nonprofit
Butte Academy of Beauty Culture,,,5500.0,,,,,Private_forprofit
Highlands College of Montana Tech,54329.0,3980.0,9847.0,3980.0,10.17638190954774,15909.0,0.8691306807467472,Public
Crevier's Academy of Cosmetology Arts,14047.0,,8167.0,,,-24373.0,,Private_forprofit
Carroll College,61772.0,40352.0,21000.0,40352.0,0.010408406026962727,23352.0,2.6272696128811237,Private_nonprofit
Dawson Community College,41951.0,4485.0,5500.0,4485.0,7.127313266443701,3531.0,2.827810818465024,Public
Chief Dull Knife College,20073.0,2260.0,,2260.0,,-18347.0,,Public
Montana State University Billings,44296.0,6706.0,10086.0,6706.0,4.1014017297942145,5876.0,2.8577263444520082,Public
Flathead Valley Community College,38520.0,4748.0,6719.0,4748.0,5.69776748104465,100.0,114.67,Public
Aaniiih Nakoda College,30528.0,3600.0,,3600.0,,-7892.0,,Public
Fort Peck Community College,14747.0,2250.0,,2250.0,,-23673.0,,Public
Great Falls College Montana State University,38034.0,3904.0,7992.0,3904.0,6.695184426229508,-386.0,,Public
University of Providence,48296.0,29018.0,12500.0,29018.0,0.2335791577641464,9876.0,4.203928716079385,Private_nonprofit
Helena College University of Montana,40738.0,3975.0,9500.0,3975.0,6.858616352201258,2318.0,5.813201035375323,Public
Little Big Horn College,21152.0,3200.0,,3200.0,,-17268.0,,Public
Miles Community College,42862.0,5648.0,8025.0,5648.0,5.168024079320113,4442.0,3.0781179648806845,Public
Montana Technological University,54329.0,8050.0,9847.0,8050.0,4.525714285714286,15909.0,1.1249607140612232,Public
Montana State University,53263.0,8083.0,13748.0,8083.0,3.8886552022763827,14843.0,1.4707943138179613,Public
The University of Montana,44511.0,8152.0,15000.0,8152.0,2.6200932286555445,6091.0,3.8010178952552947,Public
Montana State University-Northern,49505.0,6269.0,10560.0,6269.0,5.212314563726272,11085.0,1.5181777176364457,Public
Rocky Mountain College,49036.0,33252.0,12000.0,33252.0,0.11379766630578612,10616.0,4.262622456669178,Private_nonprofit
Salish Kootenai College,32725.0,4311.0,8450.0,4311.0,4.630944096497332,-5695.0,,Public
The University of Montana-Western,43229.0,6430.0,12000.0,6430.0,3.856765163297045,4809.0,3.832397587856103,Public
Bellevue University,61289.0,8886.0,11000.0,8886.0,4.659351789331533,22869.0,0.8695614150159605,Private_nonprofit
Clarkson College,64876.0,15168.0,19500.0,15168.0,1.9915611814345993,26456.0,1.310402177199879,Private_nonprofit
Bryan College of Health Sciences,70845.0,20070.0,22250.0,20070.0,1.4212755356253115,32425.0,1.305165767154973,Private_nonprofit
Central Community College,39429.0,3360.0,5500.0,3360.0,9.097916666666666,1009.0,8.780971258671952,Public
Chadron State College,47002.0,8078.0,11343.0,8078.0,3.414335231492944,8582.0,2.2629923094849684,Public
College of Hair Design-Downtown,28376.0,,8031.0,,,-10044.0,,Private_forprofit
Concordia University-Nebraska,52415.0,39330.0,18750.0,39330.0,-0.14403763030765318,13995.0,4.15005359056806,Private_nonprofit
Creighton University,73911.0,47000.0,21500.0,47000.0,0.11512765957446809,35491.0,1.9300667774928855,Private_nonprofit
Doane University,53316.0,40491.0,19500.0,40491.0,-0.1648514484700304,14896.0,4.027322771213749,Private_nonprofit
Hastings College,51303.0,36130.0,15595.0,36130.0,-0.011680044284528093,12883.0,4.014980982690367,Private_nonprofit
CHI Health School of Radiologic Technology,48110.0,,,,,9690.0,,Private_nonprofit
Joseph's College Cosmetology,23032.0,,10000.0,,,-15388.0,,Private_forprofit
University of Nebraska at Kearney,50105.0,8302.0,13070.0,8302.0,3.4609732594555527,11685.0,1.8290115532734275,Public
Nebraska Methodist College of Nursing & Allied Health,65071.0,18173.0,21784.0,18173.0,1.3819402410168933,26651.0,1.4992683201380812,Private_nonprofit
Metropolitan Community College Area,38773.0,3285.0,4061.0,3285.0,9.566818873668188,353.0,20.810198300283286,Public
Mid-Plains Community College,40059.0,3600.0,6291.0,3600.0,8.38,1639.0,6.034777303233679,Public
Midland University,52163.0,40270.0,15000.0,40270.0,-0.0771542090886516,13743.0,4.021683766281016,Private_nonprofit
University of Nebraska at Omaha,53909.0,8370.0,12750.0,8370.0,3.9174432497013143,15489.0,1.3635483246174704,Public
Nebraska Indian Community College,31458.0,4080.0,,4080.0,,-6962.0,,Public
University of Nebraska Medical Center,76833.0,,14000.0,,,38413.0,,Public
Nebraska Wesleyan University,56405.0,41658.0,17500.0,41658.0,-0.06608574583513371,17985.0,3.289296636085627,Private_nonprofit
University of Nebraska-Lincoln,56887.0,10108.0,14750.0,10108.0,3.1686782746339532,18467.0,1.3460767856175881,Public
Northeast Community College,42634.0,3840.0,7244.0,3840.0,8.216145833333334,4214.0,2.630280018984338,Public
Peru State College,47071.0,8280.0,12000.0,8280.0,3.2356280193236713,8651.0,2.3442376603860824,Public
Summit Christian College,,8278.0,,8278.0,,,,Private_nonprofit
College of Saint Mary,54338.0,23340.0,17500.0,23340.0,0.5783204798628964,15918.0,2.5656489508732254,Private_nonprofit
Southeast Community College Area,43405.0,3540.0,6672.0,3540.0,9.376553672316383,4985.0,2.048545636910732,Public
Union Adventist University,55045.0,27990.0,18750.0,27990.0,0.296713111825652,16625.0,2.8114285714285714,Private_nonprofit
Nebraska College of Technical Agriculture,56887.0,5756.0,14750.0,5756.0,6.320535093815149,18467.0,1.1104131694373747,Public
Wayne State College,47075.0,7970.0,12240.0,7970.0,3.3707653701380176,8655.0,2.3350664355863664,Public
Western Nebraska Community College,38729.0,3000.0,5500.0,3000.0,10.076333333333332,309.0,27.508090614886733,Public
York University,44130.0,21600.0,14250.0,21600.0,0.38333333333333336,5710.0,6.2784588441331,Private_nonprofit
Academy of Hair Design-Las Vegas,24391.0,,6211.0,,,-14029.0,,Private_forprofit
College of Southern Nevada,38087.0,4110.0,4500.0,4110.0,7.1720194647201945,-333.0,,Public
Las Vegas College,31398.0,17684.0,7951.0,17684.0,0.32588780818819274,-7022.0,,Private_forprofit
University of Nevada-Las Vegas,55037.0,9142.0,12500.0,9142.0,3.6529205863049663,16617.0,1.3024011554432209,Public
University of Nevada-Reno,60614.0,8994.0,13000.0,8994.0,4.293973760284635,22194.0,0.9909885554654411,Public
Great Basin College,39289.0,3855.0,8973.0,3855.0,6.864072632944228,869.0,14.761795166858459,Public
Truckee Meadows Community College,44573.0,3144.0,6999.0,3144.0,10.951017811704835,6153.0,1.6484641638225257,Public
Western Nevada College,41987.0,3920.0,9000.0,3920.0,7.415051020408163,3567.0,3.6220913933277266,Public
Colby-Sawyer College,46474.0,18400.0,19500.0,18400.0,0.46597826086956523,8054.0,4.705736280109263,Private_nonprofit
Dartmouth College,97434.0,65739.0,15157.0,65739.0,0.25157060496813155,59014.0,1.370793371064493,Private_nonprofit
Empire Beauty School-Laconia,33546.0,,7461.0,,,-4874.0,,Private_forprofit
Empire Beauty School-Somersworth,,,6333.0,,,,,Private_forprofit
Franklin Pierce University,53353.0,44963.0,19500.0,44963.0,-0.24709205346618332,14933.0,4.316815107480077,Private_nonprofit
University of New Hampshire-Franklin Pierce School of Law,66479.0,,22498.0,,,28059.0,,Public
Keene Beauty Academy,,,8371.0,,,,,Private_forprofit
Magdalen College,35809.0,23600.0,11331.0,23600.0,0.03720338983050848,-2611.0,,Private_nonprofit
New England College,42092.0,41578.0,15603.0,41578.0,-0.36290826879599786,3672.0,15.572167755991286,Private_nonprofit
Southern New Hampshire University,50318.0,16450.0,9169.0,16450.0,1.5014589665653495,11898.0,2.153219028408136,Private_nonprofit
New Hampshire Institute for Therapeutic Arts,,,,,,,,Private_forprofit
University of New Hampshire-Main Campus,66479.0,19112.0,22498.0,19112.0,1.3012243616575974,28059.0,1.4829466481342886,Public
Keene State College,54368.0,14710.0,19500.0,14710.0,1.3703602991162473,15948.0,2.1450965638324555,Public
University of New Hampshire at Manchester,66479.0,15820.0,22498.0,15820.0,1.7800884955752212,28059.0,1.3656224384333013,Public
Plymouth State University,57304.0,14558.0,17000.0,14558.0,1.7685121582634977,18884.0,1.6711501800466002,Public
NHTI-Concord's Community College,48943.0,7200.0,9168.0,7200.0,4.524305555555555,10523.0,1.555449966739523,Public
White Mountains Community College,35037.0,7050.0,8400.0,7050.0,2.7782978723404255,-3383.0,,Public
River Valley Community College,44700.0,6940.0,10000.0,6940.0,4.0,6280.0,2.6974522292993632,Public
Lakes Region Community College,51182.0,6720.0,9500.0,6720.0,5.202678571428572,12762.0,1.2709606644726532,Public
Manchester Community College,49063.0,7090.0,9500.0,7090.0,4.580112834978843,10643.0,1.558771023207742,Public
Nashua Community College,46164.0,7140.0,7833.0,7140.0,4.368487394957983,7744.0,1.9334969008264462,Public
Great Bay Community College,42397.0,7200.0,7466.0,7200.0,3.8515277777777777,3977.0,3.6877042997234097,Public
Paul Mitchell the School-Portsmouth,,,9833.0,,,,,Private_forprofit
Rivier University,52248.0,37791.0,21000.0,37791.0,-0.17313646106215766,13828.0,4.251590974833671,Private_nonprofit
Saint Anselm College,73371.0,46810.0,26987.0,46810.0,-0.009100619525742364,34951.0,2.1114417327115103,Private_nonprofit
St Joseph School of Nursing,,22978.0,14125.0,22978.0,,,,Private_nonprofit
University of New Hampshire College of Professional Studies Online,66479.0,7812.0,22498.0,7812.0,4.629928315412187,28059.0,1.080223814105991,Public
Thomas More College of Liberal Arts,53565.0,29300.0,22475.0,29300.0,0.061092150170648465,15145.0,3.4186200066028394,Private_nonprofit
Eastwick College-Hackensack,39762.0,16913.0,10617.0,16913.0,0.7232306509785372,1342.0,20.514157973174367,Private_forprofit
Assumption College for Sisters,,5773.0,,5773.0,,,,Private_nonprofit
Atlantic Cape Community College,34241.0,4863.0,7382.0,4863.0,4.523133867982727,-4179.0,,Public
Fortis Institute-Wayne,36920.0,,9100.0,,,-1500.0,,Private_forprofit
Bergen Community College,46624.0,4757.0,8250.0,4757.0,7.066848854319949,8204.0,1.5854461238420283,Public
Berkeley College-Woodland Park,40251.0,28600.0,15414.0,28600.0,-0.13157342657342658,1831.0,24.03823047515019,Private_forprofit
Beth Medrash Govoha,47544.0,,5500.0,,,9124.0,,Private_nonprofit
Bloomfield College,45902.0,30680.0,18500.0,30680.0,-0.10684485006518905,7482.0,6.57310879443999,Private_nonprofit
Brookdale Community College,44379.0,5921.0,8341.0,5921.0,5.086471879750042,5959.0,2.3933545896962576,Public
Rowan College at Burlington County,44745.0,4968.0,7000.0,4968.0,6.597624798711755,6325.0,1.8921739130434783,Public
Caldwell University,53843.0,39450.0,18500.0,39450.0,-0.10410646387832699,15423.0,3.757375348505479,Private_nonprofit
Camden County College,41212.0,3960.0,6750.0,3960.0,7.702525252525253,2792.0,3.8359598853868193,Public
Centenary University,53726.0,37732.0,19321.0,37732.0,-0.08817449379836743,15306.0,3.7274924866065597,Private_nonprofit
Adult and Continuing Education-BCTS,49739.0,,3500.0,,,11319.0,,Public
Lincoln Technical Institute-Iselin,31914.0,,9000.0,,,-6506.0,,Private_forprofit
American Institute-Clifton,28710.0,,9304.0,,,-9710.0,,Private_forprofit
County College of Morris,50243.0,6210.0,5750.0,6210.0,6.164734299516908,11823.0,1.0115875835236403,Public
Rowan College of South Jersey-Cumberland Campus,41751.0,4980.0,7664.0,4980.0,5.844779116465864,3331.0,3.7958570999699788,Public
Drew University,63646.0,45360.0,21000.0,45360.0,-0.059832451499118165,25226.0,2.6306192024102115,Private_nonprofit
Lincoln Technical Institute-South Plainfield,46396.0,,9524.0,,,7976.0,,Private_forprofit
Essex County College,37230.0,5346.0,,5346.0,,-1190.0,,Public
Empire Beauty School-Union,23925.0,,7667.0,,,-14495.0,,Private_forprofit
Fairleigh Dickinson University-Metropolitan Campus,57273.0,35822.0,19500.0,35822.0,0.054463737368097814,18853.0,2.9343871001962554,Private_nonprofit
Felician University,57602.0,37830.0,19250.0,37830.0,0.013798572561459159,19182.0,2.9757063914086124,Private_nonprofit
Fairleigh Dickinson University-Florham Campus,57273.0,35822.0,19500.0,35822.0,0.054463737368097814,18853.0,2.9343871001962554,Private_nonprofit
Hohokus School of Trade and Technical Sciences,43917.0,,7600.0,,,5497.0,,Private_forprofit
Georgian Court University,53096.0,37110.0,16984.0,37110.0,-0.026893020749124225,14676.0,3.6858817116380487,Private_nonprofit
Rowan University,59988.0,15700.0,16750.0,15700.0,1.7540127388535032,21568.0,1.5045437685459941,Public
Rowan College of South Jersey-Gloucester Campus,41751.0,4980.0,7664.0,4980.0,5.844779116465864,3331.0,3.7958570999699788,Public
Empire Beauty School-Cherry Hill,24397.0,,6756.0,,,-14023.0,,Private_forprofit
Eastwick College-Ramsey,51725.0,17028.0,13771.0,17028.0,1.228917077754287,13305.0,2.3148440435926343,Private_forprofit
Holy Name Medical Center-Sister Claire Tynan School of Nursing,87408.0,23489.0,14750.0,23489.0,2.093277704457406,48988.0,0.7805789172858659,Private_nonprofit
Hudson County Community College,34333.0,5020.0,6000.0,5020.0,4.64402390438247,-4087.0,,Public
New Jersey City University,52745.0,13971.0,14250.0,13971.0,1.7553503686207144,14325.0,1.9700523560209424,Public
Kean University,57237.0,13426.0,17199.0,13426.0,1.9821242365559362,18817.0,1.627517670191848,Public
Lincoln Technical Institute-Union,46396.0,,9524.0,,,7976.0,,Private_forprofit
Rizzieri Aveda School for Beauty and Wellness,29601.0,,5500.0,,,-8819.0,,Private_forprofit
Mercer County Community College,43264.0,5082.0,7000.0,5082.0,6.135773317591499,4844.0,2.494219653179191,Public
Middlesex College,46861.0,4524.0,5500.0,4524.0,8.142572944297083,8441.0,1.1875370216798957,Public
Monmouth University,67991.0,44850.0,23250.0,44850.0,-0.002430323299888517,29571.0,2.30293192654966,Private_nonprofit
Montclair State University,61415.0,14766.0,17500.0,14766.0,1.974062034403359,22995.0,1.403174603174603,Public
JFK Muhlenberg Harold B. and Dorothy A. Snyder Schools,73894.0,24916.0,21000.0,24916.0,1.122892920211912,35474.0,1.2943564300614534,Private_nonprofit
Eastwick College-Nutley,42827.0,14846.0,9500.0,14846.0,1.2448470968611074,4407.0,5.524393011118675,Private_forprofit
New Brunswick Theological Seminary,,,,,,,,Private_nonprofit
Robert Fiance Beauty Schools-West New York,18123.0,,6333.0,,,-20297.0,,Private_forprofit
New Jersey Institute of Technology,84276.0,19022.0,17500.0,19022.0,2.510461570812743,45856.0,0.7964497557571528,Public
Ocean County College,45210.0,4690.0,8500.0,4690.0,6.8272921108742,6790.0,1.9425625920471281,Public
P B Cosmetology Education Center,26800.0,,6333.0,,,-11620.0,,Private_forprofit
Parisian Beauty School,27767.0,,6333.0,,,-10653.0,,Private_forprofit
Passaic County Community College,36972.0,5580.0,5500.0,5580.0,4.640143369175627,-1448.0,,Public
Pennco Tech-Blackwood,42013.0,,5922.0,,,3593.0,,Private_forprofit
Princeton Theological Seminary,,,,,,,,Private_nonprofit
Princeton University,110066.0,59710.0,10000.0,59710.0,0.6758666889968179,71646.0,0.9729782541942328,Private_nonprofit
Rabbinical College of America,34990.0,13000.0,,13000.0,,-3430.0,,Private_nonprofit
Ramapo College of New Jersey,67541.0,15978.0,15000.0,15978.0,2.2883339591938916,29121.0,1.0637684145462039,Public
Robert Fiance Beauty Schools,27359.0,,6333.0,,,-11061.0,,Private_forprofit
Rider University,62208.0,38900.0,20500.0,38900.0,0.07218508997429306,23788.0,2.497057339835211,Private_nonprofit
Rutgers University-Camden,74479.0,17079.0,19000.0,17079.0,2.2483751976111015,36059.0,1.000554646551485,Public
Rutgers University-New Brunswick,74479.0,17239.0,19000.0,17239.0,2.218226115203898,36059.0,1.0049918189633655,Public
Rutgers University-Newark,74479.0,16586.0,19000.0,16586.0,2.344929458579525,36059.0,0.9868826090573782,Public
Capital Health School of Radiologic Technology,,,,,,,,Private_nonprofit
Capital Health School of Nursing,,,,,,,,Private_nonprofit
Saint Peter's University,57815.0,41054.0,16091.0,41054.0,0.0163199688215521,19395.0,2.946377932456819,Private_nonprofit
Salem Community College,38020.0,6150.0,8250.0,6150.0,3.840650406504065,-400.0,,Public
Seton Hall University,70196.0,51370.0,17886.0,51370.0,0.018298617870352345,31776.0,2.1795065458207454,Private_nonprofit
Shore Beauty School,21377.0,,6333.0,,,-17043.0,,Private_forprofit
Saint Elizabeth University,53038.0,35942.0,13000.0,35942.0,0.11396138222692115,14618.0,3.3480640306471474,Private_nonprofit
Raritan Valley Community College,48145.0,5520.0,6000.0,5520.0,6.634963768115942,9725.0,1.1845758354755784,Public
Stevens Institute of Technology,108772.0,60952.0,23250.0,60952.0,0.4031040819005119,70352.0,1.196867182169661,Private_nonprofit
Stockton University,57602.0,15532.0,16380.0,15532.0,1.6540046355910378,19182.0,1.6636429986445627,Public
Talmudical Academy-New Jersey,40344.0,15800.0,,15800.0,,1924.0,,Private_nonprofit
Aviation Institute of Maintenance-Teterboro,73971.0,16757.0,12827.0,16757.0,2.6488631616637823,35551.0,0.8321566200669461,Private_forprofit
Thomas Edison State University,69331.0,6638.0,7813.0,6638.0,8.267550467008135,30911.0,0.46750347772637574,Public
The College of New Jersey,73323.0,18685.0,21500.0,18685.0,1.7735081616269734,34903.0,1.1513336962438758,Public
UCNJ Union College of Union County NJ,41595.0,5280.0,8500.0,5280.0,5.267992424242424,3175.0,4.340157480314961,Public
William Paterson University of New Jersey,57780.0,15150.0,15750.0,15150.0,1.7742574257425743,19360.0,1.5960743801652892,Public
Olympian Academy of Cosmetology,23991.0,,6584.0,,,-14429.0,,Private_forprofit
Central New Mexico Community College,36869.0,1934.0,4500.0,1934.0,15.736814891416753,-1551.0,,Public
Navajo Technical University,26364.0,4250.0,,4250.0,,-12056.0,,Public
New Mexico State University-Dona Ana,39067.0,2322.0,10250.0,2322.0,11.410422049956933,647.0,19.431221020092735,Public
Clovis Community College,34020.0,1472.0,5750.0,1472.0,18.20516304347826,-4400.0,,Public
Eastern New Mexico University-Main Campus,38550.0,6863.0,11000.0,6863.0,3.0142794696196997,130.0,137.40769230769232,Public
Eastern New Mexico University-Roswell Campus,38550.0,2256.0,11000.0,2256.0,11.211879432624114,130.0,101.96923076923076,Public
Institute of American Indian and Alaska Native Culture and Arts Development,24505.0,5801.0,,5801.0,,-13915.0,,Public
New Mexico Highlands University,45937.0,7260.0,9500.0,7260.0,4.018870523415978,7517.0,2.229612877477717,Public
New Mexico Junior College,34233.0,1440.0,5500.0,1440.0,18.95347222222222,-4187.0,,Public
New Mexico Military Institute,57410.0,6990.0,4549.0,6990.0,6.562374821173105,18990.0,0.607635597682991,Public
University of New Mexico-Gallup Campus,44792.0,2575.0,13698.0,2575.0,11.075339805825243,6372.0,2.5538292529817954,Public
New Mexico Institute of Mining and Technology,76489.0,9058.0,11057.0,9058.0,6.22366968425701,38069.0,0.5283826735664189,Public
University of New Mexico-Los Alamos Campus,44792.0,2214.0,13698.0,2214.0,13.044263775971093,6372.0,2.4971751412429377,Public
University of New Mexico-Main Campus,44792.0,8115.0,13698.0,8115.0,2.8316697473813925,6372.0,3.4232580037664784,Public
New Mexico State University-Alamogordo,39067.0,2616.0,10250.0,2616.0,10.015672782874617,647.0,19.88562596599691,Public
Southeast New Mexico College,,1176.0,,1176.0,,,,Public
New Mexico State University-Grants,39067.0,2136.0,10250.0,2136.0,12.491104868913858,647.0,19.143740340030913,Public
New Mexico State University-Main Campus,39067.0,8147.0,10250.0,8147.0,2.5371302319872346,647.0,28.43431221020093,Public
University of New Mexico-Valencia County Campus,44792.0,1878.0,13698.0,1878.0,15.556975505857295,6372.0,2.4444444444444446,Public
Northern New Mexico College,38112.0,6400.0,6500.0,6400.0,3.939375,-308.0,,Public
San Juan College,36513.0,1790.0,6253.0,1790.0,15.905027932960893,-1907.0,,Public
Santa Fe Community College,38005.0,2145.0,9604.0,2145.0,12.24055944055944,-415.0,,Public
University of the Southwest,45389.0,16670.0,14000.0,16670.0,0.8829634073185363,6969.0,4.400918352704836,Private_nonprofit
Southwestern College,,,,,,,,Private_nonprofit
Southwestern Indian Polytechnic Institute,27660.0,1095.0,,1095.0,,-10760.0,,Public
University of New Mexico-Taos Campus,44792.0,2004.0,13698.0,2004.0,14.515968063872256,6372.0,2.4642184557438793,Public
Mesalands Community College,32272.0,2136.0,5295.0,2136.0,11.629681647940075,-6148.0,,Public
Vogue College of Cosmetology-Santa Fe,,,6333.0,,,,,Private_forprofit
Western New Mexico University,39095.0,7868.0,12500.0,7868.0,2.3801474326385357,675.0,30.174814814814816,Public
Vaughn College of Aeronautics and Technology,64973.0,28850.0,14000.0,28850.0,0.7668284228769497,26553.0,1.61375362482582,Private_nonprofit
Adelphi University,75482.0,47290.0,20500.0,47290.0,0.1626559526326919,37062.0,1.8290971884949545,Private_nonprofit
SUNY Adirondack,41267.0,6528.0,8494.0,6528.0,4.020373774509804,2847.0,5.276431331225852,Public
Bryant & Stratton College-Albany,32568.0,18892.0,9500.0,18892.0,0.22104594537370315,-5852.0,,Private_nonprofit
Albany College of Pharmacy and Health Sciences,131426.0,40375.0,25000.0,40375.0,1.635938080495356,93006.0,0.7029116401092402,Private_nonprofit
Albany Law School,,,,,,,,Private_nonprofit
Albany Medical College,,,,,,,,Private_nonprofit
Alfred University,54897.0,39530.0,17751.0,39530.0,-0.06030862635972679,16477.0,3.4764216787036477,Private_nonprofit
Allen School-Brooklyn,34186.0,,9500.0,,,-4234.0,,Private_forprofit
The Ailey School,22782.0,14235.0,13399.0,14235.0,-0.34085001756234634,-15638.0,,Private_nonprofit
American Academy of Dramatic Arts-New York,27019.0,39475.0,12000.0,39475.0,-0.6195313489550348,-11401.0,,Private_nonprofit
American Academy McAllister Institute of Funeral Service,54695.0,20018.0,11000.0,20018.0,1.1827854930562494,16275.0,1.905867895545315,Private_nonprofit
American Musical and Dramatic Academy,26975.0,45560.0,12000.0,45560.0,-0.6713125548726954,-11445.0,,Private_nonprofit
Apex Technical School,41093.0,,9500.0,,,2673.0,,Private_forprofit
Arnot Ogden Medical Center,70775.0,,10750.0,,,32355.0,,Private_nonprofit
Associated Beth Rivkah Schools,17686.0,9700.0,,9700.0,,-20734.0,,Private_nonprofit
Bank Street College of Education,,,,,,,,Private_nonprofit
Bard College,46543.0,63612.0,19000.0,63612.0,-0.5670156574231278,8123.0,10.17013418687677,Private_nonprofit
Barnard College,80516.0,66246.0,15750.0,66246.0,-0.02234097153035655,42096.0,1.9478335233751425,Private_nonprofit
Berk Trade and Business School,49748.0,,6200.0,,,11328.0,,Private_forprofit
Berkeley College-New York,45884.0,28600.0,19000.0,28600.0,-0.06,7464.0,6.377277599142551,Private_forprofit
Berkowits School of Electrolysis,,,6333.0,,,,,Private_forprofit
Beth Hamedrash Shaarei Yosher Institute,,12000.0,,12000.0,,,,Private_nonprofit
Mount Sinai Phillips School of Nursing,96980.0,,18750.0,,,58560.0,,Private_nonprofit
Brittany Beauty Academy,17992.0,,6333.0,,,-20428.0,,Private_forprofit
Boricua College,35348.0,12525.0,6347.0,12525.0,1.3154491017964072,-3072.0,,Private_nonprofit
Brittany Beauty Academy,18753.0,,6333.0,,,-19667.0,,Private_forprofit
American Beauty School,21111.0,,3169.0,,,-17309.0,,Private_forprofit
Brooklyn Law School,,,,,,,,Private_nonprofit
SUNY Broome Community College,39710.0,7470.0,7727.0,7470.0,3.281526104417671,1290.0,11.78062015503876,Public
Bryant & Stratton College-Syracuse North,32568.0,19310.0,9500.0,19310.0,0.19461418953909893,-5852.0,,Private_nonprofit
Bryant & Stratton College-Buffalo,32568.0,19126.0,9500.0,19126.0,0.20610687022900764,-5852.0,,Private_nonprofit
Bryant & Stratton College-Greece,32568.0,19593.0,9500.0,19593.0,0.17735926096054713,-5852.0,,Private_nonprofit
Canisius University,60681.0,32720.0,19000.0,32720.0,0.27386919315403424,22261.0,2.323345761645928,Private_nonprofit
Capri Cosmetology Learning Centers,30190.0,,5826.0,,,-8230.0,,Private_forprofit
St Paul's School of Nursing-Queens,104403.0,17556.0,20000.0,17556.0,3.8076441102756893,65983.0,0.5691769092038859,Private_forprofit
Cayuga County Community College,38709.0,6462.0,6462.0,6462.0,3.9902506963788302,289.0,44.719723183391004,Public
Central Yeshiva Tomchei Tmimim Lubavitz,35023.0,8400.0,,8400.0,,-3397.0,,Private_nonprofit
Christine Valmy International School for Esthetics Skin Care & Makeup,,,5477.0,,,,,Private_forprofit
Circle in the Square Theatre School,39899.0,24085.0,20000.0,24085.0,-0.17380112102968653,1479.0,29.807302231237323,Private_nonprofit
Clarkson University,89696.0,57950.0,21714.0,57950.0,0.17311475409836066,51276.0,1.5536313284967627,Private_nonprofit
Clinton Community College,39246.0,6831.0,8125.0,6831.0,3.555848338457034,826.0,18.106537530266344,Public
Cochran School of Nursing,99503.0,,17796.0,,,61083.0,,Private_nonprofit
Colgate Rochester Crozer Divinity School,,,,,,,,Private_nonprofit
Colgate University,85139.0,67024.0,13000.0,67024.0,0.07631594652661733,46719.0,1.7128791284060019,Private_nonprofit
Metropolitan College of New York,46236.0,20188.0,20000.0,20188.0,0.29958391123439665,7816.0,5.141760491299897,Private_nonprofit
Columbia University in the City of New York,102491.0,69045.0,18750.0,69045.0,0.21284669418495183,64071.0,1.3702767242590252,Private_nonprofit
Columbia-Greene Community College,44441.0,5904.0,9000.0,5904.0,5.002879403794038,6021.0,2.475336322869955,Public
Empire Beauty School-Queens,24397.0,,6756.0,,,-14023.0,,Private_forprofit
Continental School of Beauty Culture-Rochester,23906.0,,6333.0,,,-14514.0,,Private_forprofit
The Cooper Union for the Advancement of Science and Art,83847.0,46820.0,12375.0,46820.0,0.526527125160188,45427.0,1.3030796662777644,Private_nonprofit
Cornell University,104043.0,66014.0,13000.0,66014.0,0.37914684763837975,65623.0,1.2040595522911175,Private_nonprofit
Weill Medical College of Cornell University,104043.0,,13000.0,,,65623.0,,Private_nonprofit
SUNY Corning Community College,38817.0,5966.0,8750.0,5966.0,4.039725108950721,397.0,37.068010075566754,Public
Pomeroy College of Nursing at Crouse Hospital,83972.0,19228.0,12000.0,19228.0,2.7430830039525693,45552.0,0.6855461889708465,Private_nonprofit
Culinary Institute of America,47475.0,38410.0,12000.0,38410.0,-0.07641239260609216,9055.0,5.567090005521811,Private_nonprofit
CUNY Bernard M Baruch College,75971.0,7464.0,10000.0,7464.0,7.838558413719185,37551.0,0.46507416580117705,Public
CUNY Borough of Manhattan Community College,42306.0,5170.0,5550.0,5170.0,6.1094777562862665,3886.0,2.7586206896551726,Public
CUNY Bronx Community College,41307.0,5206.0,6430.0,5206.0,5.699385324625432,2887.0,4.030481468652581,Public
CUNY Brooklyn College,60752.0,7452.0,9218.0,7452.0,5.915458937198068,22332.0,0.746462475371664,Public
College of Staten Island CUNY,53501.0,7490.0,8846.0,7490.0,4.961949265687584,15081.0,1.0832172932829387,Public
CUNY City College,66039.0,7340.0,9775.0,7340.0,6.665395095367847,27619.0,0.6196821029001774,Public
CUNY Graduate School and University Center,65991.0,7410.0,9800.0,7410.0,6.583130904183536,27571.0,0.6242065938848791,Public
CUNY Hostos Community College,40485.0,5208.0,6000.0,5208.0,5.621543778801843,2065.0,5.427602905569008,Public
CUNY Hunter College,63163.0,7382.0,8812.0,7382.0,6.362638851259821,24743.0,0.6544881380592491,Public
CUNY John Jay College of Criminal Justice,56195.0,7470.0,9250.0,7470.0,5.284471218206158,17775.0,0.940646976090014,Public
CUNY Kingsborough Community College,42621.0,5252.0,5500.0,5252.0,6.0679741051028175,4201.0,2.5593906212806474,Public
CUNY LaGuardia Community College,41653.0,5218.0,5217.0,5218.0,5.982752012265236,3233.0,3.2276523352922983,Public
CUNY Lehman College,58013.0,7410.0,8500.0,7410.0,5.681916329284751,19593.0,0.8120247026999439,Public
CUNY Medgar Evers College,46498.0,7352.0,7400.0,7352.0,4.318008705114255,8078.0,1.826194602624412,Public
CUNY New York City College of Technology,49365.0,7332.0,7000.0,7332.0,4.778096017457719,10945.0,1.3094563727729558,Public
CUNY Queens College,62763.0,7538.0,8580.0,7538.0,6.1879808967895995,24343.0,0.6621205274616933,Public
CUNY Queensborough Community College,44214.0,5210.0,5500.0,5210.0,6.430710172744722,5794.0,1.8484639282015878,Public
CUNY School of Law,,,,,,,,Public
CUNY York College,56945.0,7358.0,7500.0,7358.0,5.7198967110627885,18525.0,0.8020512820512821,Public
CVPH Medical Center School of Radiologic Technology,,,,,,,,Private_nonprofit
D'Youville  University,66942.0,33560.0,19750.0,33560.0,0.4061978545887962,28522.0,1.8690835144800504,Private_nonprofit
Daemen University,61808.0,33724.0,15041.0,33724.0,0.38675720555094295,23388.0,2.0850436121087736,Private_nonprofit
Yeshiva of Far Rockaway Derech Ayson Rabbinical Seminary,,11150.0,,11150.0,,,,Private_nonprofit
Dominican University New York,61171.0,33060.0,18250.0,33060.0,0.2982758620689655,22751.0,2.255285481956837,Private_nonprofit
Dutchess Community College,43929.0,5346.0,5500.0,5346.0,6.188365132809578,5509.0,1.968778362679252,Public
Belanger School of Nursing,79677.0,11928.0,11750.0,11928.0,4.694751844399732,41257.0,0.5739147296216399,Private_nonprofit
Elmira College,57550.0,37932.0,20230.0,37932.0,-0.016134134767478645,19130.0,3.0403554626241505,Private_nonprofit
Erie Community College,41228.0,6100.0,5500.0,6100.0,4.857049180327869,2808.0,4.131054131054131,Public
Fashion Institute of Technology,62696.0,6170.0,12000.0,6170.0,7.216531604538088,24276.0,0.7484758609326083,Public
Finger Lakes Community College,40054.0,6138.0,8250.0,6138.0,4.181492342782666,1634.0,8.805385556915544,Public
Five Towns College,35887.0,29950.0,12750.0,29950.0,-0.22747913188647748,-2533.0,,Private_forprofit
Fordham University,85569.0,61992.0,20500.0,61992.0,0.04963543683055878,47149.0,1.7496023245455896,Private_nonprofit
Fulton-Montgomery Community College,39535.0,6054.0,8500.0,6054.0,4.126362735381566,1115.0,13.052914798206277,Public
Gemological Institute of America-New York,42588.0,,8233.0,,,4168.0,,Private_nonprofit
Genesee Community College,39674.0,5800.0,6549.0,5800.0,4.711206896551724,1254.0,9.847687400318978,Public
Hamilton College,78411.0,65740.0,15015.0,65740.0,-0.03565561302099179,39991.0,2.019329349103548,Private_nonprofit
Hartwick College,61107.0,52849.0,17500.0,52849.0,-0.17487558894208027,22687.0,3.1008507074536076,Private_nonprofit
Helene Fuld College of Nursing,111027.0,24648.0,14292.0,24648.0,2.924659201557936,72607.0,0.5363119258473701,Private_nonprofit
Herkimer County Community College,39199.0,5776.0,6500.0,5776.0,4.661184210526316,779.0,15.758664955070603,Public
Hilbert College,48309.0,32150.0,15000.0,32150.0,0.036049766718507,9889.0,4.767923955910608,Private_nonprofit
Hobart William Smith Colleges,68831.0,63268.0,24250.0,63268.0,-0.29536258456091546,30411.0,2.877840255170826,Private_nonprofit
Hofstra University,69039.0,55450.0,18518.0,55450.0,-0.08889089269612263,30619.0,2.4157549234135667,Private_nonprofit
Houghton University,46721.0,17290.0,20313.0,17290.0,0.5273568536726432,8301.0,4.52993615227081,Private_nonprofit
Hudson Valley Community College,45460.0,6694.0,5713.0,6694.0,4.937705407827906,7040.0,1.7623579545454546,Public
Hunter Business School,36312.0,,6333.0,,,-2108.0,,Private_forprofit
Iona University,73595.0,45880.0,19500.0,45880.0,0.17905405405405406,35175.0,1.8587064676616916,Private_nonprofit
Isabella Graham Hart School of Practical Nursing,48143.0,,,,,9723.0,,Private_nonprofit
Island Drafting and Technical Institute,62379.0,19200.0,12000.0,19200.0,1.62390625,23959.0,1.3022246337493217,Private_forprofit
Ithaca College,63548.0,50510.0,19500.0,50510.0,-0.12793506236388835,25128.0,2.786134988857052,Private_nonprofit
Jamestown Community College,38242.0,6600.0,6037.0,6600.0,3.8795454545454544,-178.0,,Public
Jamestown Business College,34976.0,12945.0,10873.0,12945.0,0.8619544225569719,-3444.0,,Private_forprofit
Jefferson Community College,39991.0,6048.0,7685.0,6048.0,4.341600529100529,1571.0,8.741565881604075,Public
Jewish Theological Seminary of America,92751.0,65545.0,14976.0,65545.0,0.18658936608436952,54331.0,1.4820452412066776,Private_nonprofit
The Juilliard School,37827.0,56550.0,25000.0,56550.0,-0.7731741821396994,-593.0,,Private_nonprofit
Kehilath Yakov Rabbinical Seminary,36442.0,12800.0,,12800.0,,-1978.0,,Private_nonprofit
Keuka College,58289.0,38000.0,21418.0,38000.0,-0.029710526315789472,19869.0,2.990487694398309,Private_nonprofit
LIM College,58956.0,31950.0,17500.0,31950.0,0.29752738654147104,20536.0,2.407966497857421,Private_forprofit
Le Moyne College,62731.0,38970.0,18435.0,38970.0,0.13666923274313575,24311.0,2.361276788285138,Private_nonprofit
Long Island University,59950.0,41642.0,19500.0,41642.0,-0.028624945968013064,21530.0,2.8398513701811425,Private_nonprofit
Long Island Beauty School-Hempstead,17378.0,,6333.0,,,-21042.0,,Private_forprofit
Long Island Business Institute,23438.0,12000.0,10000.0,12000.0,0.11983333333333333,-14982.0,,Private_forprofit
Machzikei Hadath Rabbinical College,41527.0,13500.0,,13500.0,,3107.0,,Private_nonprofit
Mandl School-The College of Allied Health,39108.0,21200.0,12000.0,21200.0,0.27867924528301885,688.0,48.25581395348837,Private_forprofit
Manhattan College,86316.0,50850.0,21500.0,50850.0,0.27465093411996067,47896.0,1.510564556539168,Private_nonprofit
Manhattan School of Music,26878.0,54600.0,25125.0,54600.0,-0.9678937728937729,-11542.0,,Private_nonprofit
Manhattanville College,58832.0,42950.0,20090.0,42950.0,-0.0979743888242142,20412.0,3.088379384675681,Private_nonprofit
Maria College of Albany,55458.0,17680.0,14708.0,17680.0,1.3048642533936652,17038.0,1.9009273388895411,Private_nonprofit
Marion S Whelan School of Nursing of Geneva General Hospital,70771.0,11020.0,14751.0,11020.0,4.083484573502722,32351.0,0.7966059781768724,Private_nonprofit
Marist College,77819.0,46140.0,21500.0,46140.0,0.2206111833550065,39399.0,1.7167948425086932,Private_nonprofit
Marymount Manhattan College,49131.0,40260.0,19250.0,40260.0,-0.257799304520616,10711.0,5.55597049761927,Private_nonprofit
St. Peter's Hospital College of Nursing,62588.0,14756.0,13322.0,14756.0,2.338709677419355,24168.0,1.1617841774246938,Private_nonprofit
Memorial Hospital School of Radiation Therapy Technology,,,,,,,,Private_nonprofit
Mercy University,52055.0,22106.0,15000.0,22106.0,0.6762417443228083,13635.0,2.7213788045471214,Private_nonprofit
Mesivta Torah Vodaath Rabbinical Seminary,,13950.0,,13950.0,,,,Private_nonprofit
Mesivta of Eastern Parkway-Yeshiva Zichron Meilech,,10100.0,,10100.0,,,,Private_nonprofit
Mesivtha Tifereth Jerusalem of America,,13560.0,,13560.0,,,,Private_nonprofit
Mildred Elley School-Albany Campus,38830.0,15865.0,12000.0,15865.0,0.6911440277340056,410.0,67.96341463414635,Private_forprofit
Mirrer Yeshiva Cent Institute,41192.0,12500.0,,12500.0,,2772.0,,Private_nonprofit
Modern Welding School,48703.0,,5500.0,,,10283.0,,Private_forprofit
Mohawk Valley Community College,39850.0,6114.0,7467.0,6114.0,4.296532548249918,1430.0,9.497202797202798,Public
Molloy College,77789.0,37840.0,24250.0,37840.0,0.4148784355179704,39369.0,1.5771292133404455,Private_nonprofit
Monroe College,41236.0,17922.0,12672.0,17922.0,0.5937953353420378,2816.0,10.864346590909092,Private_forprofit
Monroe Community College,40174.0,5856.0,6500.0,5856.0,4.750341530054645,1754.0,7.044469783352337,Public
Mount Saint Mary College,67705.0,41370.0,22250.0,41370.0,0.09874305051970027,29285.0,2.1724432303226906,Private_nonprofit
Montefiore School of Nursing,,,20000.0,,,,,Private_nonprofit
University of Mount Saint Vincent,65756.0,42740.0,18500.0,42740.0,0.10566214319138979,27336.0,2.2402692420251684,Private_nonprofit
Icahn School of Medicine at Mount Sinai,,,,,,,,Private_nonprofit
Nassau Community College,48248.0,6330.0,6000.0,6330.0,5.674249605055293,9828.0,1.2545787545787546,Public
Nazareth University,56458.0,40880.0,22500.0,40880.0,-0.16932485322896282,18038.0,3.5136933141146467,Private_nonprofit
Neighborhood Playhouse School of the Theater,29382.0,18400.0,12000.0,18400.0,-0.05532608695652174,-9038.0,,Private_nonprofit
The New School,52901.0,56386.0,15498.0,56386.0,-0.336661582662363,14481.0,4.964021821697397,Private_nonprofit
Northeast College of Health Sciences,,,,,,,,Private_nonprofit
New York Law School,,,,,,,,Private_nonprofit
New York Medical College,,,,,,,,Private_nonprofit
New York School for Medical and Dental Assistants,38899.0,,6887.0,,,479.0,,Private_forprofit
New York Theological Seminary,,,,,,,,Private_nonprofit
New York University,82509.0,60438.0,18500.0,60438.0,0.059085343657963536,44089.0,1.7904239152623103,Private_nonprofit
Niagara County Community College,42285.0,6726.0,7070.0,6726.0,4.235652691049658,3865.0,3.569469598965071,Public
Niagara University,56196.0,38135.0,20312.0,38135.0,-0.05902714042218434,17776.0,3.2879725472547254,Private_nonprofit
Empire Beauty School-Peekskill,27916.0,,6222.0,,,-10504.0,,Private_forprofit
North Country Community College,38276.0,6562.0,9500.0,6562.0,3.385248399878086,-144.0,,Public
New York College of Podiatric Medicine,,,,,,,,Private_nonprofit
New York Institute of Technology,70080.0,44360.0,17000.0,44360.0,0.19657348963029755,31660.0,1.938092229943146,Private_nonprofit
New York School of Interior Design,48041.0,30330.0,12750.0,30330.0,0.16356742499175733,9621.0,4.477705020268163,Private_nonprofit
Ohr Hameir Theological Seminary,,10150.0,,10150.0,,,,Private_nonprofit
Onondaga Community College,41190.0,6042.0,5500.0,6042.0,4.90698444223767,2770.0,4.166787003610108,Public
Orange County Community College,44117.0,6382.0,6500.0,6382.0,4.894233782513319,5697.0,2.261190100052659,Public
Otsego Area BOCES-Practical Nursing Program,45248.0,,9500.0,,,6828.0,,Public
Pace University,70378.0,51424.0,17750.0,51424.0,0.023413192283758558,31958.0,2.1645284435822014,Private_nonprofit
Paul Smiths College of Arts and Science,46145.0,32049.0,17062.0,32049.0,-0.09254578926019533,7725.0,6.357411003236246,Private_nonprofit
Continental School of Beauty Culture-West Seneca,22193.0,,6333.0,,,-16227.0,,Private_forprofit
Plaza College,31519.0,15450.0,13348.0,15450.0,0.17611650485436894,-6901.0,,Private_forprofit
Davis College,38450.0,17500.0,17290.0,17500.0,0.20914285714285713,30.0,1159.6666666666667,Private_nonprofit
Pratt Institute-Main,54295.0,59683.0,20500.0,59683.0,-0.4337583566509726,15875.0,5.050897637795275,Private_nonprofit
Rabbinical Academy Mesivta Rabbi Chaim Berlin,,10800.0,,10800.0,,,,Private_nonprofit
Rabbinical College Bobover Yeshiva Bnei Zion,20707.0,10000.0,,10000.0,,-17713.0,,Private_nonprofit
Rabbinical College Beth Shraga,,16150.0,,16150.0,,,,Private_nonprofit
Rabbinical Seminary Mkor Chaim,,8450.0,,8450.0,,,,Private_nonprofit
Rabbinical College of Long Island,,10290.0,,10290.0,,,,Private_nonprofit
Rabbinical Seminary of America,,10000.0,,10000.0,,,,Private_nonprofit
Rensselaer Polytechnic Institute,102051.0,61884.0,21995.0,61884.0,0.29364617671772997,63631.0,1.3182096776728325,Private_nonprofit
Roberts Wesleyan University,55031.0,37504.0,19000.0,37504.0,-0.03927581058020478,16611.0,3.4016013485040033,Private_nonprofit
Rochester Institute of Technology,76571.0,57016.0,20872.0,57016.0,-0.023098779290023852,38151.0,2.041571649498047,Private_nonprofit
University of Rochester,79042.0,64348.0,19000.0,64348.0,-0.06691738670976564,40622.0,2.0517945940623306,Private_nonprofit
The Rockefeller University,,,,,,,,Private_nonprofit
Rockland Community College,50243.0,6398.0,5500.0,6398.0,5.993279149734292,11823.0,1.0063435676224308,Public
Empire Beauty School-Manhattan,24022.0,,6222.0,,,-14398.0,,Private_forprofit
Russell Sage College,58316.0,36756.0,18000.0,36756.0,0.09685493524866688,19896.0,2.7521109770808203,Private_nonprofit
St Bernard's School of Theology and Ministry,,,,,,,,Private_nonprofit
St Bonaventure University,57214.0,40150.0,19500.0,40150.0,-0.060672478206724785,18794.0,3.17388528253698,Private_nonprofit
St. Francis College,58099.0,27570.0,12693.0,27570.0,0.6469350743561842,19679.0,2.045988109151888,Private_nonprofit
St. Joseph's College of Nursing,81908.0,23206.0,12000.0,23206.0,2.0124967680772214,43488.0,0.8095566593083149,Private_nonprofit
St Lawrence University,67258.0,63870.0,22670.0,63870.0,-0.3018944731485831,28838.0,3.0009015881822596,Private_nonprofit
The College of Saint Rose,56040.0,37452.0,16000.0,37452.0,0.06910178361636228,17620.0,3.0335981838819523,Private_nonprofit
St. Thomas Aquinas College,62909.0,37720.0,17500.0,37720.0,0.2038441145281018,24489.0,2.254889950590061,Private_nonprofit
Samaritan Hospital School of Nursing,64383.0,14671.0,14250.0,14671.0,2.417149478563152,25963.0,1.1139313638639603,Private_nonprofit
Sarah Lawrence College,53603.0,63678.0,19500.0,63678.0,-0.4644461195389302,15183.0,5.478363959691761,Private_nonprofit
Schenectady County Community College,40902.0,5924.0,6887.0,5924.0,4.741897366644159,2482.0,5.161563255439162,Public
Sh'or Yoshuv Rabbinical College,,11700.0,,11700.0,,,,Private_nonprofit
Siena College,76079.0,44405.0,21471.0,44405.0,0.2297714221371467,37659.0,1.7492764013914337,Private_nonprofit
Skidmore College,69363.0,65030.0,15000.0,65030.0,-0.16403198523758267,30943.0,2.586368483986685,Private_nonprofit
St. Joseph's University-New York,63905.0,34535.0,17750.0,34535.0,0.336470247574924,25485.0,2.0515989797920344,Private_nonprofit
Saint Vladimirs Orthodox Theological Seminary,,,,,,,,Private_nonprofit
Saint Elizabeth College of Nursing,72122.0,19300.0,12000.0,19300.0,2.1151295336787563,33702.0,0.9287282653848437,Private_nonprofit
St. John Fisher University,66944.0,39666.0,19500.0,39666.0,0.19608732919881006,28524.0,2.0742532604122843,Private_nonprofit
St Paul's School of Nursing-Staten Island,86693.0,17525.0,18500.0,17525.0,2.8911840228245365,48273.0,0.7462763863857643,Private_forprofit
St. John's University-New York,69571.0,50110.0,19500.0,50110.0,-0.0007782877669127919,31151.0,2.234599210298225,Private_nonprofit
Sullivan County Community College,38354.0,6288.0,6200.0,6288.0,4.113549618320611,-66.0,,Public
SUNY College of Technology at Alfred,50445.0,8862.0,12000.0,8862.0,3.338185511171293,12025.0,1.7348856548856548,Public
SUNY College of Technology at Canton,47860.0,8689.0,12500.0,8689.0,3.0695131775808493,9440.0,2.2445974576271186,Public
SUNY College of Technology at Delhi,51629.0,8710.0,12000.0,8710.0,3.5498277841561423,13209.0,1.567870391399803,Public
SUNY College of Agriculture and Technology at Cobleskill,45030.0,8676.0,11000.0,8676.0,2.9223144306131856,6610.0,2.9767019667170955,Public
Farmingdale State College,69781.0,8576.0,11000.0,8576.0,5.854127798507463,31361.0,0.6242147890692261,Public
SUNY Morrisville,43295.0,8769.0,12000.0,8769.0,2.5688219865435054,4875.0,4.260307692307692,Public
University at Albany,67979.0,10408.0,15059.0,10408.0,4.084550345887779,29559.0,0.8615650055820562,Public
Binghamton University,80596.0,10363.0,15000.0,10363.0,5.3298272700955325,42176.0,0.6013609635811836,Public
University at Buffalo,70814.0,10782.0,14250.0,10782.0,4.246150992394732,32394.0,0.7727356917947769,Public
Stony Brook University,74502.0,10560.0,15000.0,10560.0,4.634659090909091,36082.0,0.7083864530790976,Public
SUNY College of Environmental Science and Forestry,55763.0,9206.0,13000.0,9206.0,3.6451227460351943,17343.0,1.2804013146514444,Public
SUNY Polytechnic Institute,64355.0,8578.0,12000.0,8578.0,5.103404056889718,25935.0,0.7934451513398881,Public
SUNY Brockport,54496.0,8678.0,15000.0,8678.0,3.551279096566029,16076.0,1.4728788255785021,Public
SUNY Buffalo State University,52334.0,8486.0,12500.0,8486.0,3.694084374263493,13914.0,1.5082650567773466,Public
State University of New York at Cortland,60236.0,8815.0,17500.0,8815.0,3.848099829835508,21816.0,1.2062247891455813,Public
SUNY at Fredonia,54247.0,8771.0,17500.0,8771.0,3.189602097822369,15827.0,1.6598850066342326,Public
SUNY College at Geneseo,67316.0,8966.0,14836.0,8966.0,4.853223287976801,28896.0,0.8237126245847176,Public
State University of New York at New Paltz,58073.0,8524.0,15000.0,8524.0,4.053144063819803,19653.0,1.1969673841143846,Public
SUNY Oneonta,60386.0,8812.0,15000.0,8812.0,4.150476622787108,21966.0,1.084038969316216,Public
State University of New York at Oswego,57566.0,8769.0,15750.0,8769.0,3.7686167179838064,19146.0,1.2806330303979943,Public
SUNY College at Potsdam,47866.0,8712.0,18166.0,8712.0,2.409090909090909,9446.0,2.8454372221045947,Public
SUNY at Purchase College,45092.0,8953.0,15194.0,8953.0,2.339439294091366,6672.0,3.619154676258993,Public
SUNY College of Optometry,,,,,,,,Public
SUNY Old Westbury,58526.0,8379.0,12000.0,8379.0,4.552691251939372,20106.0,1.0135780364070426,Public
SUNY College at Plattsburgh,56403.0,8881.0,15000.0,8881.0,3.6619750028149984,17983.0,1.3279764221765,Public
SUNY Downstate Health Sciences University,109601.0,,12500.0,,,71181.0,,Public
Empire State University,54080.0,7630.0,11000.0,7630.0,4.64613368283093,15660.0,1.1896551724137931,Public
SUNY Maritime College,95951.0,8540.0,15875.0,8540.0,8.376580796252927,57531.0,0.424379899532426,Public
Upstate Medical University,92257.0,,15000.0,,,53837.0,,Public
Swedish Institute a College of Health Sciences,29699.0,26041.0,13834.0,26041.0,-0.39076840367113397,-8721.0,,Private_forprofit
Syracuse University,79164.0,63061.0,23697.0,63061.0,-0.12042308241226748,40744.0,2.1293441979187118,Private_nonprofit
Talmudical Seminary Oholei Torah,39230.0,8000.0,,8000.0,,810.0,,Private_nonprofit
Talmudical Institute of Upstate New York,,6150.0,,6150.0,,,,Private_nonprofit
Teachers College at Columbia University,73294.0,,,,,34874.0,,Private_nonprofit
Tompkins Cortland Community College,40707.0,6946.0,8250.0,6946.0,3.672761301468471,2287.0,6.644512461740271,Public
Torah Temimah Talmudical Seminary,,9600.0,,9600.0,,,,Private_nonprofit
Touro University,53419.0,21810.0,12500.0,21810.0,0.8761577258138469,14999.0,2.287485832388826,Private_nonprofit
Trocaire College,55318.0,19820.0,16617.0,19820.0,0.9526236125126135,16898.0,2.1562906852882,Private_nonprofit
Excelsior University,78493.0,,10870.0,,,40073.0,,Private_nonprofit
Ulster County Community College,41896.0,6376.0,6266.0,6376.0,4.588143036386449,3476.0,3.636939010356732,Public
Union College,88604.0,66456.0,21085.0,66456.0,0.01599554592512339,50184.0,1.7444006057707635,Private_nonprofit
Union Theological Seminary in the City of New York,,,,,,,,Private_nonprofit
United Talmudical Seminary,25113.0,14133.0,,14133.0,,-13307.0,,Private_nonprofit
United States Merchant Marine Academy,90610.0,945.0,6500.0,945.0,88.005291005291,52190.0,0.14265184901322092,Public
United States Military Academy,,,,,,,,Public
Utica University,63277.0,24308.0,17538.0,24308.0,0.8816439032417311,24857.0,1.6834694452266967,Private_nonprofit
Vassar College,71366.0,67805.0,17500.0,67805.0,-0.20557481011724799,32946.0,2.5892369331633582,Private_nonprofit
Villa Maria College,38857.0,28670.0,10511.0,28670.0,-0.011301011510289501,437.0,89.65903890160183,Private_nonprofit
School of Visual Arts,46459.0,49140.0,22000.0,49140.0,-0.5022588522588523,8039.0,8.84935937305635,Private_forprofit
Wagner College,74360.0,52000.0,21000.0,52000.0,0.026153846153846153,35940.0,2.0311630495269895,Private_nonprofit
Webb Institute,,61060.0,,61060.0,,,,Private_nonprofit
Wells College,51094.0,35166.0,12000.0,35166.0,0.11169879997725075,12674.0,3.7214770396086476,Private_nonprofit
The College of Westchester,42215.0,24705.0,16875.0,24705.0,0.025703298927342643,3795.0,10.956521739130435,Private_forprofit
SUNY Westchester Community College,46822.0,5696.0,5500.0,5696.0,6.254564606741573,8402.0,1.3325398714591763,Public
Westchester School of Beauty Culture,32170.0,,,,,-6250.0,,Private_forprofit
Word of Life Bible Institute,36173.0,11500.0,5500.0,11500.0,1.6672173913043478,-2247.0,,Private_nonprofit
Yeshiva Karlin Stolin,,14000.0,,14000.0,,,,Private_nonprofit
Yeshiva Derech Chaim,,12700.0,,12700.0,,,,Private_nonprofit
Yeshiva of Nitra Rabbinical College,41785.0,14000.0,,14000.0,,3365.0,,Private_nonprofit
Yeshivath Shaar Hatorah,,19200.0,,19200.0,,,,Private_nonprofit
Yeshiva University,71353.0,49900.0,14000.0,49900.0,0.14935871743486975,32933.0,1.9403030395044485,Private_nonprofit
Yeshivath Viznitz,,9900.0,,9900.0,,,,Private_nonprofit
Yeshivath Zichron Moshe,,10880.0,,10880.0,,,,Private_nonprofit
College of the Albemarle,33234.0,2249.0,,2249.0,,-5186.0,,Public
South Piedmont Community College,37308.0,2022.0,,2022.0,,-1112.0,,Public
Appalachian State University,51836.0,7541.0,15750.0,7541.0,3.7853069884630686,13416.0,1.736061419200954,Public
Asheville-Buncombe Technical Community College,36048.0,2882.0,10000.0,2882.0,8.038167938931299,-2372.0,,Public
Barton College,47913.0,35600.0,15000.0,35600.0,-0.07547752808988764,9493.0,5.330243337195829,Private_nonprofit
Beaufort County Community College,32519.0,2540.0,8125.0,2540.0,8.603937007874016,-5901.0,,Public
Belmont Abbey College,47937.0,19500.0,14560.0,19500.0,0.7116410256410256,9517.0,3.578858884102133,Private_nonprofit
Bennett College,36654.0,19140.0,17351.0,19140.0,0.00851619644723093,-1766.0,,Private_nonprofit
Bladen Community College,30591.0,2558.0,,2558.0,,-7829.0,,Public
Blue Ridge Community College,36324.0,2660.0,9280.0,2660.0,9.166917293233082,-2096.0,,Public
Brevard College,43545.0,31250.0,11250.0,31250.0,0.03344,5125.0,8.292682926829269,Private_nonprofit
Brunswick Community College,36668.0,2532.0,,2532.0,,-1752.0,,Public
Cabarrus College of Health Sciences,58708.0,16070.0,11499.0,16070.0,1.937710018668326,20288.0,1.3588820977917981,Private_nonprofit
Caldwell Community College and Technical Institute,34515.0,2537.0,6625.0,2537.0,9.99329917225069,-3905.0,,Public
Campbell University,54886.0,40410.0,17000.0,40410.0,-0.062459787181390745,16466.0,3.486578403983967,Private_nonprofit
Cape Fear Community College,38654.0,2748.0,6334.0,2748.0,10.761280931586608,234.0,38.81196581196581,Public
Carteret Community College,33357.0,2310.0,4625.0,2310.0,11.438095238095238,-5063.0,,Public
Catawba College,48793.0,33400.0,13000.0,33400.0,0.07164670658682634,10373.0,4.4731514508820975,Private_nonprofit
Catawba Valley Community College,36977.0,2367.0,5125.0,2367.0,12.456696239966202,-1443.0,,Public
Central Carolina Community College,33525.0,2554.0,,2554.0,,-4895.0,,Public
Central Piedmont Community College,37865.0,2792.0,5500.0,2792.0,10.59204871060172,-555.0,,Public
Chowan University,38412.0,27110.0,15250.0,27110.0,-0.14562891921800072,-8.0,,Private_nonprofit
Cleveland Community College,33755.0,2602.0,,2602.0,,-4665.0,,Public
Coastal Carolina Community College,36444.0,2462.0,,2462.0,,-1976.0,,Public
Craven Community College,34231.0,2022.0,5500.0,2022.0,13.20919881305638,-4189.0,,Public
Davidson-Davie Community College,36337.0,1978.0,9500.0,1978.0,12.567745197168858,-2083.0,,Public
Davidson College,81400.0,60300.0,16511.0,60300.0,0.0761028192371476,42980.0,1.7871335504885995,Private_nonprofit
Duke University,97800.0,65805.0,12000.0,65805.0,0.30385229085935717,59380.0,1.3102896598181206,Private_nonprofit
Durham Technical Community College,36142.0,1986.0,8719.0,1986.0,12.808157099697885,-2278.0,,Public
East Carolina University,55146.0,7361.0,17500.0,7361.0,4.114250781143866,16726.0,1.486368528040177,Public
Edgecombe Community College,33267.0,2640.0,9500.0,2640.0,8.002651515151515,-5153.0,,Public
Elizabeth City State University,40026.0,3412.0,12656.0,3412.0,7.02168815943728,1606.0,10.004981320049813,Public
Elon University,74545.0,44536.0,18500.0,44536.0,0.2584201544817676,36125.0,1.7449411764705882,Private_nonprofit
Fayetteville Technical Community College,31861.0,2628.0,8000.0,2628.0,8.07952815829528,-6559.0,,Public
Fayetteville State University,40144.0,3969.0,15766.0,3969.0,5.142101284958428,1724.0,11.447215777262182,Public
Forsyth Technical Community College,34139.0,2256.0,5888.0,2256.0,11.522606382978724,-4281.0,,Public
Gardner-Webb University,48039.0,33450.0,16453.0,33450.0,-0.05572496263079223,9619.0,5.18796132654122,Private_nonprofit
Gaston College,35386.0,3186.0,,3186.0,,-3034.0,,Public
Greensboro College,46566.0,20400.0,17986.0,20400.0,0.40098039215686276,8146.0,4.712251411735822,Private_nonprofit
Guilford College,47590.0,41140.0,15448.0,41140.0,-0.21871657754010695,9170.0,6.1709923664122135,Private_nonprofit
Guilford Technical Community College,33934.0,2319.0,7915.0,2319.0,10.219922380336351,-4486.0,,Public
Halifax Community College,31644.0,2608.0,5670.0,2608.0,8.95935582822086,-6776.0,,Public
Haywood Community College,34770.0,2612.0,,2612.0,,-3650.0,,Public
Heritage Bible College,30672.0,8688.0,,8688.0,,-7748.0,,Private_nonprofit
High Point University,61389.0,44208.0,19000.0,44208.0,-0.04114639884183858,22969.0,2.751882972702338,Private_nonprofit
Isothermal Community College,33325.0,2030.0,,2030.0,,-5095.0,,Public
James Sprunt Community College,29307.0,2592.0,5125.0,2592.0,8.329475308641975,-9113.0,,Public
Johnson C Smith University,42680.0,20480.0,20500.0,20480.0,0.0830078125,4260.0,9.619718309859154,Private_nonprofit
Johnston Community College,37310.0,2657.0,6045.0,2657.0,10.767030485509974,-1110.0,,Public
Lees-McRae College,43415.0,31140.0,12000.0,31140.0,0.008831085420680796,4995.0,8.636636636636636,Private_nonprofit
Lenoir Community College,33866.0,2568.0,,2568.0,,-4554.0,,Public
Lenoir-Rhyne University,45543.0,30900.0,15750.0,30900.0,-0.0358252427184466,7123.0,6.549206794889794,Private_nonprofit
Leons Beauty School Inc,26958.0,,,,,-11462.0,,Private_forprofit
Livingstone College,32600.0,18296.0,26000.0,18296.0,-0.6392654132050721,-5820.0,,Private_nonprofit
Louisburg College,34818.0,22974.0,9500.0,22974.0,0.10202837990772178,-3602.0,,Private_nonprofit
Mars Hill University,44781.0,37270.0,18172.0,37270.0,-0.2860477595921653,6361.0,8.715925168998584,Private_nonprofit
Martin Community College,26016.0,2523.0,,2523.0,,-12404.0,,Public
Mayland Community College,34663.0,2560.0,,2560.0,,-3757.0,,Public
McDowell Technical Community College,33035.0,1958.0,,1958.0,,-5385.0,,Public
Meredith College,51539.0,43936.0,20066.0,43936.0,-0.2836626001456664,13119.0,4.878573061971187,Private_nonprofit
Methodist University,48050.0,39664.0,12500.0,39664.0,-0.10372125857200484,9630.0,5.416822429906542,Private_nonprofit
Miller-Motte College-Wilmington,31102.0,,10661.0,,,-7318.0,,Private_forprofit
Mitchell Community College,33298.0,2651.0,,2651.0,,-5122.0,,Public
Mitchells Academy,26606.0,,4750.0,,,-11814.0,,Private_forprofit
Montgomery Community College,32742.0,2538.0,,2538.0,,-5678.0,,Public
Montreat College,45151.0,33860.0,13875.0,33860.0,-0.07631423508564678,6731.0,7.091813994948745,Private_nonprofit
University of Mount Olive,47139.0,25950.0,20811.0,25950.0,0.014566473988439306,8719.0,5.363115036127996,Private_nonprofit
College of Wilmington,19235.0,,6228.0,,,-19185.0,,Private_forprofit
Nash Community College,34912.0,2883.0,7199.0,2883.0,8.612556364897676,-3508.0,,Public
North Carolina A & T State University,44440.0,6748.0,20909.0,6748.0,2.4871072910492,6020.0,4.594186046511628,Public
University of North Carolina Asheville,44030.0,7461.0,14138.0,7461.0,3.0064334539605952,5610.0,3.850089126559715,Public
University of North Carolina at Chapel Hill,72200.0,8989.0,12989.0,8989.0,5.587050839915452,33780.0,0.6506216696269982,Public
University of North Carolina at Charlotte,57289.0,7214.0,16500.0,7214.0,4.6541447186027165,18869.0,1.256770364089247,Public
University of North Carolina at Greensboro,48160.0,7593.0,16750.0,7593.0,3.1367048597392335,9740.0,2.499281314168378,Public
North Carolina Central University,42968.0,6542.0,22000.0,6542.0,2.2051360440232344,4548.0,6.275725593667546,Public
University of North Carolina School of the Arts,38357.0,9477.0,19500.0,9477.0,0.9897646934683971,-63.0,,Public
North Carolina State University at Raleigh,68758.0,8895.0,17320.0,8895.0,4.782799325463744,30338.0,0.8640978311029073,Public
North Carolina Wesleyan University,45873.0,35536.0,19531.0,35536.0,-0.25872354795137326,7453.0,7.3885683617335305,Private_nonprofit
University of North Carolina Wilmington,54967.0,7317.0,15178.0,7317.0,4.437884378843789,16547.0,1.3594609294736206,Public
Pamlico Community College,30005.0,1867.0,,1867.0,,-8415.0,,Public
William Peace University,46643.0,33150.0,15145.0,33150.0,-0.0498340874811463,8223.0,5.873160646965828,Private_nonprofit
University of North Carolina at Pembroke,43407.0,3571.0,15500.0,3571.0,6.8148977877345285,4987.0,3.8241427712051332,Public
Pfeiffer University,51562.0,33930.0,15500.0,33930.0,0.06283524904214559,13142.0,3.761223558058134,Private_nonprofit
Piedmont Community College,33274.0,2556.0,,2556.0,,-5146.0,,Public
Pitt Community College,37259.0,1972.0,8250.0,1972.0,13.710446247464503,-1161.0,,Public
Queens University of Charlotte,57673.0,43285.0,19500.0,43285.0,-0.11810095876169574,19253.0,3.2610502259388148,Private_nonprofit
Randolph Community College,33336.0,2416.0,,2416.0,,-5084.0,,Public
Richmond Community College,29951.0,2552.0,,2552.0,,-8469.0,,Public
Mid-Atlantic Christian University,38342.0,17280.0,9500.0,17280.0,0.6690972222222222,-78.0,,Private_nonprofit
Roanoke-Chowan Community College,29324.0,2642.0,,2642.0,,-9096.0,,Public
Robeson Community College,29036.0,2571.0,9250.0,2571.0,6.6958381952547645,-9384.0,,Public
Rockingham Community College,32480.0,1966.0,,1966.0,,-5940.0,,Public
Rowan-Cabarrus Community College,34936.0,2064.0,8457.0,2064.0,11.828972868217054,-3484.0,,Public
Saint Augustine's University,35730.0,16896.0,12750.0,16896.0,0.3600852272727273,-2690.0,,Private_nonprofit
Salem College,44640.0,32236.0,19500.0,32236.0,-0.22012656657153493,6220.0,8.317684887459807,Private_nonprofit
Sampson Community College,33409.0,2830.0,,2830.0,,-5011.0,,Public
Sandhills Community College,31656.0,2040.0,,2040.0,,-6764.0,,Public
Shaw University,34409.0,17176.0,19000.0,17176.0,-0.10287610619469026,-4011.0,,Private_nonprofit
Paul Mitchell the School-Fayetteville,26696.0,,9500.0,,,-11724.0,,Private_forprofit
St. Andrews University,45606.0,30800.0,8750.0,30800.0,0.19662337662337662,7186.0,5.50375730587253,Private_nonprofit
Southeastern Community College,30284.0,2600.0,5500.0,2600.0,8.532307692307691,-8136.0,,Public
Southwestern Community College,34145.0,5806.0,7000.0,5806.0,3.6753358594557355,-4275.0,,Public
Stanly Community College,36686.0,2672.0,,2672.0,,-1734.0,,Public
Southeastern Baptist Theological Seminary,,10646.0,,10646.0,,,,Private_nonprofit
Surry Community College,36012.0,2545.0,,2545.0,,-2408.0,,Public
Alamance Community College,34241.0,2528.0,,2528.0,,-4179.0,,Public
Tri-County Community College,32232.0,2363.0,,2363.0,,-6188.0,,Public
Vance-Granville Community College,34304.0,1956.0,4750.0,1956.0,14.109406952965236,-4116.0,,Public
Wake Forest University,78158.0,64758.0,19500.0,64758.0,-0.0941968559869051,39738.0,2.1203382153102823,Private_nonprofit
Wake Technical Community College,41769.0,2336.0,7000.0,2336.0,13.883989726027398,3349.0,2.787697820244849,Public
Warren Wilson College,36260.0,40290.0,9500.0,40290.0,-0.33581533879374537,-2160.0,,Private_nonprofit
Watts College of Nursing,,,,,,,,Private_nonprofit
Wayne Community College,34148.0,2524.0,5875.0,2524.0,10.201664025356576,-4272.0,,Public
Western Piedmont Community College,34195.0,2650.0,3750.0,2650.0,10.488679245283018,-4225.0,,Public
Wilkes Community College,34728.0,2572.0,5600.0,2572.0,10.325038880248833,-3692.0,,Public
Wilson Community College,32973.0,2572.0,9004.0,2572.0,8.319206842923794,-5447.0,,Public
Wingate University,52649.0,40196.0,12000.0,40196.0,0.011269778087371878,14229.0,3.668283083842856,Private_nonprofit
Carolina Christian College,40672.0,9420.0,10000.0,9420.0,2.256050955414013,2252.0,8.623445825932505,Private_nonprofit
Winston Salem Barber School,16389.0,,,,,-22031.0,,Private_forprofit
Winston-Salem State University,45344.0,6735.0,18447.0,6735.0,2.993615441722346,6924.0,3.6369150779896016,Public
Western Carolina University,49458.0,4532.0,15348.0,4532.0,6.526478375992939,11038.0,1.8010509150208371,Public
Rasmussen University-North Dakota,39080.0,12715.0,13000.0,12715.0,1.0511207235548565,660.0,38.96212121212121,Private_forprofit
Bismarck State College,54277.0,5195.0,6750.0,5195.0,8.148604427333975,15857.0,0.753295074730403,Public
Dickinson State University,50720.0,9118.0,11960.0,9118.0,3.250932221978504,12300.0,1.7136585365853658,Public
Nueta Hidatsa Sahnish College,,3870.0,,3870.0,,,,Public
Josef's School of Hair Skin & Body-Grand Forks,27987.0,,6337.0,,,-10433.0,,Private_forprofit
University of Jamestown,56621.0,24820.0,15897.0,24820.0,0.6407735697018534,18201.0,2.237074885995275,Private_nonprofit
Lake Region State College,49502.0,5478.0,7475.0,5478.0,6.671960569550931,11082.0,1.1688323407327197,Public
Cankdeska Cikana Community College,17008.0,3950.0,,3950.0,,-21412.0,,Public
University of Mary,60909.0,21468.0,18750.0,21468.0,0.963806595863611,22489.0,1.7883409666948287,Private_nonprofit
Mayville State University,47828.0,7935.0,12268.0,7935.0,3.481411468178954,9408.0,2.147427721088435,Public
Minot State University,51759.0,8634.0,11980.0,8634.0,3.6072504053741024,13339.0,1.5453932078866481,Public
University of North Dakota,63552.0,10951.0,15238.0,10951.0,3.4118345356588438,25132.0,1.0420579341079101,Public
North Dakota State College of Science,50513.0,5928.0,8250.0,5928.0,6.129385964912281,12093.0,1.1724137931034482,Public
Dakota College at Bottineau,40576.0,5347.0,8421.0,5347.0,5.013652515429213,2156.0,6.385899814471243,Public
North Dakota State University-Main Campus,62203.0,10857.0,16750.0,10857.0,3.186515612047527,23783.0,1.160787116848169,Public
Williston State College,44017.0,4938.0,6500.0,4938.0,6.597610368570272,5597.0,2.043594782919421,Public
Sitting Bull College,28488.0,4010.0,,4010.0,,-9932.0,,Public
Trinity Bible College and Graduate School,35604.0,18762.0,16043.0,18762.0,0.04258607824325765,-2816.0,,Private_nonprofit
Turtle Mountain Community College,32079.0,2626.0,,2626.0,,-6341.0,,Private_nonprofit
United Tribes Technical College,25292.0,4252.0,,4252.0,,-13128.0,,Private_nonprofit
Valley City State University,52725.0,8514.0,11761.0,8514.0,3.8113695090439275,14305.0,1.4173365955959454,Public
ETI Technical College,34017.0,11060.0,12255.0,11060.0,0.967631103074141,-4403.0,,Private_forprofit
Air Force Institute of Technology-Graduate School of Engineering & Management,,,,,,,,Public
Herzing University-Akron,36909.0,13420.0,11756.0,13420.0,0.8742921013412817,-1511.0,,Private_nonprofit
University of Akron Main Campus,46600.0,12799.0,15250.0,12799.0,1.4494101101648567,8180.0,3.4289731051344745,Public
University of Akron Wayne College,46600.0,7699.0,15250.0,7699.0,3.071957397064554,8180.0,2.8055012224938873,Public
Allegheny Wesleyan College,37453.0,6800.0,,6800.0,,-967.0,,Private_nonprofit
Apollo Career Center,43101.0,,5940.0,,,4681.0,,Public
Art Academy of Cincinnati,34368.0,40250.0,11750.0,40250.0,-0.4380621118012422,-4052.0,,Private_nonprofit
Ashland County-West Holmes Career Center,31791.0,,3666.0,,,-6629.0,,Public
Ashland University,52928.0,28910.0,20000.0,28910.0,0.13898305084745763,14508.0,3.371243451888613,Private_nonprofit
Ashtabula County Technical and Career Campus,42163.0,,11224.0,,,3743.0,,Public
Athenaeum of Ohio,,,,,,,,Private_nonprofit
Auburn Career Center,37032.0,,6348.0,,,-1388.0,,Public
Aultman College of Nursing and Health Sciences,63582.0,19854.0,13531.0,19854.0,1.5209529565830564,25162.0,1.326802320960178,Private_nonprofit
Baldwin Wallace University,54122.0,37938.0,24250.0,37938.0,-0.2126100479730086,15702.0,3.9605145841294105,Private_nonprofit
Belmont College,35329.0,4815.0,5322.0,4815.0,5.231983385254413,-3091.0,,Public
Bluffton University,49547.0,36298.0,19500.0,36298.0,-0.17221334508788363,11127.0,5.014649051855846,Private_nonprofit
Bowling Green State University-Firelands,47896.0,6206.0,17500.0,6206.0,3.897840799226555,9476.0,2.5016884761502745,Public
Bowling Green State University-Main Campus,47896.0,14081.0,17500.0,14081.0,1.158653504722676,9476.0,3.3327353313634447,Public
Bryant & Stratton College-Parma,32568.0,19542.0,9500.0,19542.0,0.18043189028758572,-5852.0,,Private_nonprofit
Buckeye Hills Career Center,40264.0,,6168.0,,,1844.0,,Public
Butler Technology and Career Development Schools,56645.0,,6396.0,,,18225.0,,Public
Canton City Schools Adult Career and Technical Education,42134.0,,9500.0,,,3714.0,,Public
Capital University,54143.0,41788.0,20927.0,41788.0,-0.20513065951947929,15723.0,3.9887426063728295,Private_nonprofit
Case Western Reserve University,87989.0,64671.0,21488.0,64671.0,0.028297072876559817,49569.0,1.7381629647561985,Private_nonprofit
Cedarville University,55443.0,36078.0,17500.0,36078.0,0.05169355285769721,17023.0,3.1473888268812784,Private_nonprofit
Central Ohio Technical College,39168.0,5136.0,6644.0,5136.0,5.332554517133956,748.0,15.748663101604278,Public
Central School of Practical Nursing,50672.0,,6100.0,,,12252.0,,Private_nonprofit
Central State University,33267.0,7824.0,13740.0,7824.0,1.4957822085889572,-5153.0,,Public
Choffin Career  and Technical Center,34654.0,12889.0,5500.0,12889.0,1.261928776476065,-3766.0,,Public
The Christ College of Nursing and Health Sciences,68303.0,16394.0,19500.0,16394.0,1.9768817860192753,29883.0,1.2011511561757522,Private_nonprofit
Cincinnati College of Mortuary Science,55695.0,,15000.0,,,17275.0,,Private_nonprofit
University of Cincinnati-Main Campus,54810.0,13570.0,12000.0,13570.0,2.154753131908622,16390.0,1.560097620500305,Public
Cincinnati State Technical and Community College,40137.0,5400.0,7966.0,5400.0,4.957592592592593,1717.0,7.784507862550961,Public
University of Cincinnati-Clermont College,54810.0,6554.0,12000.0,6554.0,5.53188892279524,16390.0,1.1320317266625992,Public
University of Cincinnati-Blue Ash College,54810.0,6992.0,12000.0,6992.0,5.122711670480549,16390.0,1.1587553386211105,Public
Ohio Christian University,39813.0,23700.0,21250.0,23700.0,-0.21675105485232068,1393.0,32.26848528356066,Private_nonprofit
Clark State College,39584.0,4200.0,6899.0,4200.0,6.7821428571428575,1164.0,9.535223367697595,Public
Cleveland Institute of Art,42509.0,47880.0,26500.0,47880.0,-0.6656432748538011,4089.0,18.19026656884324,Private_nonprofit
Cleveland Institute of Music,32641.0,42500.0,18500.0,42500.0,-0.6672705882352942,-5779.0,,Private_nonprofit
Cleveland State University,52131.0,12613.0,15333.0,12613.0,1.9174661063981606,13711.0,2.038217489606885,Public
Columbiana County Career and Technical Center,33552.0,,9245.0,,,-4868.0,,Public
Columbus College of Art & Design,40664.0,39650.0,20500.0,39650.0,-0.4914501891551072,2244.0,26.8048128342246,Private_nonprofit
Columbus State Community College,39435.0,5338.0,5993.0,5338.0,5.26489321843387,1015.0,11.163546798029557,Public
Cuyahoga Community College District,35654.0,3736.0,4724.0,3736.0,7.278907922912206,-2766.0,,Public
Davis College,31588.0,14130.0,11996.0,14130.0,0.38655343241330503,-6832.0,,Private_forprofit
Dayton Barber College,17789.0,,,,,-20631.0,,Private_forprofit
University of Dayton,75537.0,47600.0,19500.0,47600.0,0.17724789915966385,37117.0,1.8077969663496511,Private_nonprofit
Defiance College,49351.0,38778.0,11000.0,38778.0,-0.011011398215483005,10931.0,4.5538377092672215,Private_nonprofit
Denison University,67753.0,64000.0,21250.0,64000.0,-0.273390625,29333.0,2.9062830259434764,Private_nonprofit
Edison State Community College,41360.0,4379.0,9278.0,4379.0,6.326330212377255,2940.0,4.645238095238096,Public
EHOVE Career Center,40117.0,,6333.0,,,1697.0,,Public
The University of Findlay,56996.0,39646.0,19500.0,39646.0,-0.05422993492407809,18576.0,3.1840008613264428,Private_nonprofit
Franklin University,51892.0,9577.0,14238.0,9577.0,2.9317113918763704,13472.0,1.7677404988123515,Private_nonprofit
Gerbers Akron Beauty School,20907.0,,3500.0,,,-17513.0,,Private_forprofit
Gods Bible School and College,37722.0,7696.0,5500.0,7696.0,3.186850311850312,-698.0,,Private_nonprofit
Good Samaritan College of Nursing and Health Science,66111.0,15470.0,16013.0,15470.0,2.2383968972204267,27691.0,1.1369397999349968,Private_nonprofit
Great Oaks Career Campuses,55163.0,,5500.0,,,16743.0,,Public
Hannah E Mullins School of Practical Nursing,47920.0,,9895.0,,,9500.0,,Public
Adult and Community Education-Hudson,51551.0,,14250.0,,,13131.0,,Public
Hebrew Union College-Jewish Institute of Religion,,,,,,,,Private_nonprofit
Heidelberg University,48466.0,33628.0,20500.0,33628.0,-0.16837159509932198,10046.0,5.388015130400159,Private_nonprofit
Hiram College,54311.0,26265.0,19500.0,26265.0,0.32537597563297166,15891.0,2.8799320370020767,Private_nonprofit
Hobart Institute of Welding Technology,60955.0,,5500.0,,,22535.0,,Private_nonprofit
Hocking College,37791.0,5300.0,6701.0,5300.0,4.866037735849057,-629.0,,Public
Ross Medical Education Center-Cincinnati,33079.0,,9389.0,,,-5341.0,,Private_forprofit
International College of Broadcasting,30855.0,12430.0,17234.0,12430.0,0.09581657280772325,-7565.0,,Private_forprofit
Eastern Gateway Community College,34127.0,4205.0,3500.0,4205.0,6.283472057074911,-4293.0,,Public
John Carroll University,62860.0,49100.0,21500.0,49100.0,-0.15763747454175153,24440.0,2.888707037643208,Private_nonprofit
Hondros College of Nursing,58636.0,19902.0,12004.0,19902.0,1.343081097377148,20216.0,1.5782548476454294,Private_forprofit
Casal Aveda Institute,22453.0,,5206.0,,,-15967.0,,Private_forprofit
Kent State University at Ashtabula,45388.0,7272.0,17500.0,7272.0,2.834983498349835,6968.0,3.555109070034443,Public
Kent State University at East Liverpool,45388.0,7272.0,17500.0,7272.0,2.834983498349835,6968.0,3.555109070034443,Public
Kent State University at Stark,45388.0,7272.0,17500.0,7272.0,2.834983498349835,6968.0,3.555109070034443,Public
Kent State University at Trumbull,45388.0,7272.0,17500.0,7272.0,2.834983498349835,6968.0,3.555109070034443,Public
Kent State University at Tuscarawas,45388.0,7272.0,17500.0,7272.0,2.834983498349835,6968.0,3.555109070034443,Public
Kent State University at Salem,45388.0,7272.0,17500.0,7272.0,2.834983498349835,6968.0,3.555109070034443,Public
Kent State University at Kent,45388.0,12846.0,17500.0,12846.0,1.1709481550677254,6968.0,4.355051664753157,Public
Kent State University at Geauga,45388.0,7272.0,17500.0,7272.0,2.834983498349835,6968.0,3.555109070034443,Public
Kenyon College,71830.0,69330.0,15000.0,69330.0,-0.18029712966969566,33410.0,2.524094582460341,Private_nonprofit
Kettering College,67492.0,15672.0,19456.0,15672.0,2.065084226646248,29072.0,1.2083104017611448,Private_nonprofit
Lake Erie College,50417.0,36032.0,13875.0,36032.0,0.014154085257548845,11997.0,4.159956655830625,Private_nonprofit
Lakeland Community College,39612.0,3872.0,7780.0,3872.0,7.221074380165289,1192.0,9.775167785234899,Public
Collins Career Technical Center,47329.0,,9711.0,,,8909.0,,Public
James A. Rhodes State College,41855.0,4657.0,7759.0,4657.0,6.321451578269272,3435.0,3.614556040756914,Public
Ohio Business College-Sheffield,30389.0,9385.0,10000.0,9385.0,1.1725093233883856,-8031.0,,Private_forprofit
Ohio Business College-Sandusky,30389.0,9385.0,10000.0,9385.0,1.1725093233883856,-8031.0,,Private_forprofit
Lorain County Community College,38837.0,4135.0,8917.0,4135.0,6.235792019347038,417.0,31.299760191846524,Public
Lourdes University,48150.0,28930.0,19000.0,28930.0,0.0076045627376425855,9730.0,4.926002055498459,Private_nonprofit
Malone University,48909.0,36120.0,20515.0,36120.0,-0.21389811738648948,10489.0,5.399466107350558,Private_nonprofit
Marietta College,57180.0,38974.0,12000.0,38974.0,0.15923436136911787,18760.0,2.717164179104478,Private_nonprofit
Marion Technical College,41495.0,6475.0,5500.0,6475.0,4.559073359073359,3075.0,3.894308943089431,Public
Medina County Career Center,41273.0,,,,,2853.0,,Public
Mercy College of Ohio,65409.0,18950.0,15084.0,18950.0,1.6556728232189974,26989.0,1.261032272407277,Private_nonprofit
Methodist Theological School in Ohio,,,,,,,,Private_nonprofit
Miami University-Hamilton,55076.0,7278.0,16000.0,7278.0,4.369057433360814,16656.0,1.3975744476464937,Public
Miami University-Middletown,55076.0,7278.0,16000.0,7278.0,4.369057433360814,16656.0,1.3975744476464937,Public
Miami University-Oxford,55076.0,17809.0,16000.0,17809.0,1.194171486327138,16656.0,2.0298390970220943,Public
Moler Hollywood Beauty Academy,17832.0,,6333.0,,,-20588.0,,Private_forprofit
Miami Valley Career Technology Center,43502.0,,9111.0,,,5082.0,,Public
Mount Carmel College of Nursing,75103.0,13890.0,21000.0,13890.0,2.895104391648668,36683.0,0.9511217730283783,Private_nonprofit
University of Mount Union,53217.0,35400.0,20500.0,35400.0,-0.0757909604519774,14797.0,3.777792795836994,Private_nonprofit
Mount Vernon Nazarene University,49555.0,35524.0,19565.0,35524.0,-0.15578200653079607,11135.0,4.9473731477323755,Private_nonprofit
Mount St. Joseph University,51509.0,36650.0,18837.0,36650.0,-0.10854024556616644,13089.0,4.239208495683398,Private_nonprofit
Zane State College,35006.0,5856.0,3995.0,5856.0,4.295594262295082,-3414.0,,Public
Muskingum University,48440.0,31440.0,16750.0,31440.0,0.007951653944020356,10020.0,4.80938123752495,Private_nonprofit
National Beauty College,21091.0,,5310.0,,,-17329.0,,Private_forprofit
North Central State College,38158.0,4624.0,4500.0,4624.0,6.278979238754325,-262.0,,Public
Northern Institute of Cosmetology,21904.0,,,,,-16516.0,,Private_forprofit
Northwest State Community College,40004.0,4578.0,5500.0,4578.0,6.536915683704675,1584.0,6.362373737373737,Public
Toledo Public Schools Adult and Continuing Education,51691.0,,7317.0,,,13271.0,,Public
Notre Dame College,49737.0,32606.0,15750.0,32606.0,0.04235416794455008,11317.0,4.272863833171336,Private_nonprofit
Northeast Ohio Medical University,,,,,,,,Public
University of Northwestern Ohio,50968.0,12930.0,12000.0,12930.0,2.013766434648105,12548.0,1.9867708001275104,Private_nonprofit
Oberlin College,58343.0,64646.0,19500.0,64646.0,-0.3991430250904928,19923.0,4.223560708728606,Private_nonprofit
Ohio Technical College,48450.0,,9500.0,,,10030.0,,Private_forprofit
Ohio Dominican University,51748.0,34370.0,16557.0,34370.0,0.023887110852487636,13328.0,3.821053421368547,Private_nonprofit
Ohio Northern University,80928.0,37800.0,24250.0,37800.0,0.4994179894179894,42508.0,1.4597252281923403,Private_nonprofit
Ohio State University Agricultural Technical Institute,60409.0,9310.0,14500.0,9310.0,3.9311493018259935,21989.0,1.0828141343398971,Public
Ohio State University-Lima Campus,60409.0,9212.0,14500.0,9212.0,3.983608336951802,21989.0,1.0783573604984311,Public
Ohio State University-Mansfield Campus,60409.0,9212.0,14500.0,9212.0,3.983608336951802,21989.0,1.0783573604984311,Public
Ohio State University-Marion Campus,60409.0,9212.0,14500.0,9212.0,3.983608336951802,21989.0,1.0783573604984311,Public
Ohio State University-Newark Campus,60409.0,9212.0,14500.0,9212.0,3.983608336951802,21989.0,1.0783573604984311,Public
Ohio State Beauty Academy,25434.0,,5500.0,,,-12986.0,,Private_forprofit
Ohio State College of Barber Styling,18341.0,,8750.0,,,-20079.0,,Private_forprofit
The Spa School,26989.0,,7814.0,,,-11431.0,,Private_forprofit
Ohio State School of Cosmetology-Canal Winchester,23131.0,,9700.0,,,-15289.0,,Private_forprofit
Ohio State University-Main Campus,60409.0,12859.0,14500.0,12859.0,2.5701843067112526,21989.0,1.2442130155987083,Public
Ohio University-Eastern Campus,52581.0,6178.0,15332.0,6178.0,5.029297507283911,14161.0,1.5189605253866252,Public
Ohio University-Chillicothe Campus,52581.0,6178.0,15332.0,6178.0,5.029297507283911,14161.0,1.5189605253866252,Public
Ohio University-Southern Campus,52581.0,6178.0,15332.0,6178.0,5.029297507283911,14161.0,1.5189605253866252,Public
Ohio University-Lancaster Campus,52581.0,6178.0,15332.0,6178.0,5.029297507283911,14161.0,1.5189605253866252,Public
Ohio University-Main Campus,52581.0,13746.0,15332.0,13746.0,1.709806489160483,14161.0,2.0533860603064755,Public
Ohio University-Zanesville Campus,52581.0,6178.0,15332.0,6178.0,5.029297507283911,14161.0,1.5189605253866252,Public
East Ohio College,29342.0,14370.0,10583.0,14370.0,0.30542797494780793,-9078.0,,Private_forprofit
Trinity Health System School of Nursing,71660.0,9101.0,11625.0,9101.0,5.596527854081969,33240.0,0.62352587244284,Private_nonprofit
Ohio Wesleyan University,55624.0,52357.0,21500.0,52357.0,-0.3482437878411674,17204.0,4.293013252731923,Private_nonprofit
Otterbein University,53313.0,34899.0,20500.0,34899.0,-0.05977248631765953,14893.0,3.719801248908883,Private_nonprofit
Owens Community College,37275.0,5750.0,8731.0,5750.0,3.9641739130434783,-1145.0,,Public
Paramount Beauty Academy,21361.0,,7917.0,,,-17059.0,,Private_forprofit
Cuyahoga Valley Career Center,47914.0,,12534.0,,,9494.0,,Public
Payne Theological Seminary,,,,,,,,Private_nonprofit
Pontifical College Josephinum,,27829.0,,27829.0,,,,Private_nonprofit
Professional Skills Institute,47765.0,14920.0,12667.0,14920.0,1.3524128686327077,9345.0,2.952059925093633,Private_forprofit
Firelands Regional Medical Center School of Nursing,68723.0,,10000.0,,,30303.0,,Private_nonprofit
Rabbinical College Telshe,,17900.0,,17900.0,,,,Private_nonprofit
Raphael's School of Beauty Culture Inc-Niles,21307.0,,6251.0,,,-17113.0,,Private_forprofit
Fortis College-Centerville,34726.0,14023.0,12949.0,14023.0,0.5529487270912073,-3694.0,,Private_forprofit
University of Rio Grande,41478.0,20560.0,11750.0,20560.0,0.44591439688715956,3058.0,10.565729234793983,Private_nonprofit
The Modern College of Design,42187.0,30548.0,12000.0,30548.0,-0.011817467591986382,3767.0,11.294929652243164,Private_forprofit
Shawnee State University,39596.0,9622.0,12885.0,9622.0,1.7760340885470796,1176.0,19.13860544217687,Public
Sinclair Community College,37558.0,3435.0,5500.0,3435.0,8.332751091703058,-862.0,,Public
Stark State College,34661.0,4670.0,6886.0,4670.0,4.947537473233405,-3759.0,,Public
Stautzenberger College-Maumee,34104.0,16699.0,13127.0,16699.0,0.2561830049703575,-4316.0,,Private_forprofit
Franciscan University of Steubenville,50030.0,32630.0,18590.0,32630.0,-0.0364695065890285,11610.0,4.411714039621017,Private_nonprofit
Southern State Community College,35463.0,5687.0,7433.0,5687.0,3.928784948127308,-2957.0,,Public
Terra State Community College,36612.0,5660.0,8557.0,5660.0,3.956713780918728,-1808.0,,Public
Tiffin Academy of Hair Design,25036.0,,6412.0,,,-13384.0,,Private_forprofit
Tiffin University,35942.0,32400.0,15795.0,32400.0,-0.378179012345679,-2478.0,,Private_nonprofit
University of Toledo,50632.0,12377.0,14750.0,12377.0,1.8990870162397997,12212.0,2.221339665902391,Public
Tri-State Bible College,31675.0,9100.0,,9100.0,,-6745.0,,Private_nonprofit
Tri-County Adult Career Center,26129.0,,,,,-12291.0,,Public
Tri-Rivers Career Center,48707.0,,9500.0,,,10287.0,,Public
United Theological Seminary,,,,,,,,Private_nonprofit
Upper Valley Career Center,52170.0,,6333.0,,,13750.0,,Public
Ursuline College,56878.0,37860.0,21938.0,37860.0,-0.07712625462229265,18458.0,3.23967927186044,Private_nonprofit
The North Coast College,30029.0,22500.0,24225.0,22500.0,-0.7420444444444444,-8391.0,,Private_forprofit
Walsh University,59764.0,34595.0,20000.0,34595.0,0.14941465529700823,21344.0,2.5578616941529235,Private_nonprofit
Washington State Community College,37988.0,4128.0,6750.0,4128.0,6.56734496124031,-432.0,,Public
Wilberforce University,38298.0,14776.0,12000.0,14776.0,0.7797780184082296,-122.0,,Private_nonprofit
Wilmington College,48491.0,30962.0,14782.0,30962.0,0.08872165880757057,10071.0,4.54215072981829,Private_nonprofit
Winebrenner Theological Seminary,,,,,,,,Private_nonprofit
Wittenberg University,54947.0,44602.0,23252.0,44602.0,-0.28938164207883055,16527.0,4.105645307678344,Private_nonprofit
The College of Wooster,59629.0,59550.0,21115.0,59550.0,-0.3532493702770781,21209.0,3.803338205478806,Private_nonprofit
Wright State University-Main Campus,49500.0,11188.0,15854.0,11188.0,2.0073292813728996,11080.0,2.4406137184115524,Public
Wright State University-Lake Campus,49500.0,7504.0,15854.0,7504.0,3.4837420042643923,11080.0,2.1081227436823107,Public
Xavier University,64873.0,48125.0,18750.0,48125.0,-0.0416,26453.0,2.5280686500585943,Private_nonprofit
Youngstown State University,41544.0,10791.0,15750.0,10791.0,1.390325271059216,3124.0,8.49583866837388,Public
Bacone College,40006.0,15060.0,12832.0,15060.0,0.8043824701195219,1586.0,17.586380832282472,Private_nonprofit
Oklahoma Wesleyan University,59841.0,31466.0,16679.0,31466.0,0.37170279031335407,21421.0,2.2475608048177023,Private_nonprofit
Southern Nazarene University,54951.0,29600.0,17337.0,29600.0,0.2707432432432432,16531.0,2.8393321638134412,Private_nonprofit
Pontotoc Technology Center,40955.0,,,,,2535.0,,Public
Cameron University,40118.0,6900.0,11000.0,6900.0,3.22,1698.0,10.541813898704358,Public
Carl Albert State College,34117.0,4230.0,6496.0,4230.0,5.529787234042553,-4303.0,,Public
Central Oklahoma College,21213.0,,6254.0,,,-17207.0,,Private_forprofit
University of Central Oklahoma,48351.0,8522.0,13000.0,8522.0,3.148204646796527,9931.0,2.1671533581713827,Public
Connors State College,38469.0,3704.0,8500.0,3704.0,7.090982721382289,49.0,249.0612244897959,Public
East Central University,44962.0,8032.0,11250.0,8032.0,3.197211155378486,6542.0,2.9474166921430753,Public
Eastern Oklahoma State College,38658.0,4767.0,8750.0,4767.0,5.273966855464653,238.0,56.794117647058826,Public
Redlands Community College,37224.0,5385.0,5500.0,5385.0,4.891179201485608,-1196.0,,Public
Formations Institute,22058.0,,5500.0,,,-16362.0,,Private_forprofit
Eves College of Hairstyling,15956.0,,6333.0,,,-22464.0,,Private_forprofit
Randall University,42051.0,17322.0,13250.0,17322.0,0.6626832929222953,3631.0,8.419719085651336,Private_nonprofit
Langston University,33261.0,6728.0,11664.0,6728.0,2.2100178359096314,-5159.0,,Public
Murray State College,36545.0,6630.0,8886.0,6630.0,3.1717948717948716,-1875.0,,Public
Spartan College of Aeronautics and Technology,49944.0,18828.0,14726.0,18828.0,0.8705120033991927,11524.0,2.911662617146824,Private_forprofit
Northeastern State University,45379.0,7513.0,12000.0,7513.0,3.4428324237987487,6959.0,2.803994826842937,Public
Northern Oklahoma College,37566.0,5061.0,7375.0,5061.0,4.9654218533886585,-854.0,,Public
Northeastern Oklahoma A&M College,38337.0,4943.0,7277.0,4943.0,5.283633420999393,-83.0,,Public
Northwestern Oklahoma State University,44358.0,5970.0,11000.0,5970.0,4.587604690117253,5938.0,2.8578646008757156,Public
Oklahoma State University Center for Health Sciences,,,,,,,,Public
Oklahoma Christian University,49203.0,25900.0,18500.0,25900.0,0.18544401544401545,10783.0,4.117592506723546,Private_nonprofit
University of Oklahoma-Health Sciences Center,63126.0,,15500.0,,,24706.0,,Public
Oklahoma Panhandle State University,44933.0,7922.0,7500.0,7922.0,3.7251956576622067,6513.0,2.3678796253646555,Public
Oklahoma State University-Main Campus,57413.0,10234.0,15500.0,10234.0,3.09546609341411,18993.0,1.3549202337703365,Public
Oklahoma State University-Oklahoma City,41307.0,3779.0,8989.0,3779.0,7.551997883037841,2887.0,4.422583997228958,Public
Oklahoma Baptist University,48434.0,34050.0,15363.0,34050.0,-0.028751835535976506,10014.0,4.934391851408029,Private_nonprofit
Oklahoma City Community College,38146.0,4059.0,5668.0,4059.0,7.001478196600148,-274.0,,Public
Oklahoma City University,54655.0,33586.0,15250.0,33586.0,0.17325671410706842,16235.0,3.0080689867570065,Private_nonprofit
University of Oklahoma-Norman Campus,63126.0,9595.0,15500.0,9595.0,3.96362688900469,24706.0,1.0157451631182708,Public
Oklahoma State University Institute of Technology,45634.0,5774.0,9000.0,5774.0,5.3446484239695184,7214.0,2.0479622955364567,Public
Oral Roberts University,46885.0,34100.0,20250.0,34100.0,-0.2189149560117302,8465.0,6.42055522740697,Private_nonprofit
Rogers State University,43166.0,7392.0,11250.0,7392.0,3.3176406926406927,4746.0,3.9279393173198485,Public
Rose State College,37555.0,5032.0,5500.0,5032.0,5.370230524642289,-865.0,,Public
Jenks Beauty College,21406.0,,5500.0,,,-17014.0,,Private_forprofit
University of Science and Arts of Oklahoma,41913.0,9000.0,10736.0,9000.0,2.464111111111111,3493.0,5.650157457772688,Public
Seminole State College,35390.0,5460.0,8033.0,5460.0,4.01043956043956,-3030.0,,Public
Southern School of Beauty Inc,9656.0,,,,,-28764.0,,Private_forprofit
Southeastern Oklahoma State University,45079.0,7200.0,10623.0,7200.0,3.7855555555555553,6659.0,2.6765280072082893,Public
Southwestern Christian University,40391.0,21316.0,13000.0,21316.0,0.28499718521298556,1971.0,17.410451547437848,Private_nonprofit
Southwestern Oklahoma State University,45744.0,8295.0,11750.0,8295.0,3.0981314044605184,7324.0,2.7368924085199344,Public
Tulsa Community College,39746.0,3768.0,7933.0,3768.0,7.442940552016985,1326.0,8.824283559577678,Public
Tulsa Welding School-Tulsa,41067.0,,6886.0,,,2647.0,,Private_forprofit
University of Tulsa,61408.0,48602.0,12500.0,48602.0,0.006296037200115221,22988.0,2.65799547590047,Private_nonprofit
Western Oklahoma State College,38248.0,5446.0,5500.0,5446.0,5.013220712449504,-172.0,,Public
Formations Institute of Cosmetology & Barbering,17260.0,,9626.0,,,-21160.0,,Private_forprofit
High Plains Technology Center,33734.0,,,,,-4686.0,,Public
Blue Mountain Community College,38375.0,6941.0,8961.0,6941.0,3.237717908082409,-45.0,,Public
Central Oregon Community College,38940.0,4941.0,8000.0,4941.0,5.261890305606153,520.0,24.88653846153846,Public
Chemeketa Community College,40968.0,6210.0,7408.0,6210.0,4.404186795491143,2548.0,5.344583987441131,Public
Clackamas Community College,42886.0,6210.0,6973.0,6210.0,4.783091787439614,4466.0,2.951858486341245,Public
Clatsop Community College,39477.0,4575.0,9500.0,4575.0,5.552349726775956,1057.0,13.315988647114475,Public
College of Hair Design Careers,23915.0,,8481.0,,,-14505.0,,Private_forprofit
Concorde Career College-Portland,42362.0,,9500.0,,,3942.0,,Private_forprofit
Sumner College,46639.0,,16129.0,,,8219.0,,Private_forprofit
East West College of the Healing Arts,28483.0,,11302.0,,,-9937.0,,Private_forprofit
Eastern Oregon University,50112.0,10671.0,13500.0,10671.0,2.430981163902165,11692.0,2.067310981867944,Public
New Hope Christian College-Eugene,31115.0,17620.0,18500.0,17620.0,-0.2840522133938706,-7305.0,,Private_nonprofit
George Fox University,59761.0,40940.0,19500.0,40940.0,-0.016585246702491452,21341.0,2.832107211470878,Private_nonprofit
Phagans Grants Pass College of Beauty,23595.0,,7584.0,,,-14825.0,,Private_forprofit
Lane Community College,38075.0,5879.0,6450.0,5879.0,4.379316210239836,-345.0,,Public
Lewis & Clark College,62205.0,62350.0,13644.0,62350.0,-0.22115477145148357,23785.0,3.1950388900567583,Private_nonprofit
Linfield University,78638.0,49530.0,20500.0,49530.0,0.17379366040783364,40218.0,1.741260132279079,Private_nonprofit
Linn-Benton Community College,41363.0,6288.0,6500.0,6288.0,4.544370229007634,2943.0,4.345225959904859,Public
Northwest College-Beaverton,24421.0,,6333.0,,,-13999.0,,Private_forprofit
Phagans Medford Beauty School,20718.0,,8142.0,,,-17702.0,,Private_forprofit
Northwest College-Clackamas,24421.0,,6333.0,,,-13999.0,,Private_forprofit
Mount Angel Seminary,57436.0,29694.0,,29694.0,,19016.0,,Private_nonprofit
Mt Hood Community College,41125.0,5175.0,7339.0,5175.0,5.528695652173913,2705.0,4.6262476894639555,Public
Multnomah University,47939.0,30310.0,14394.0,30310.0,0.1067304519960409,9519.0,4.696291627271772,Private_nonprofit
National University of Natural Medicine,,,15000.0,,,,,Private_nonprofit
Bushnell University,53623.0,34740.0,15633.0,34740.0,0.09355210132412205,15203.0,3.313359205419983,Private_nonprofit
Oregon Health & Science University,101028.0,,16625.0,,,62608.0,,Public
Oregon Institute of Technology,72273.0,12687.0,15625.0,12687.0,3.4650429573579253,33853.0,0.8363217440108706,Public
Oregon State University,64010.0,13494.0,15000.0,13494.0,2.631984585741811,25590.0,1.1134818288393904,Public
University of Oregon,61324.0,15669.0,15000.0,15669.0,1.9564107473355032,22904.0,1.3390237513098149,Public
Pacific Northwest College of Art,34883.0,47126.0,10500.0,47126.0,-0.4825998387302126,-3537.0,,Private_nonprofit
Pacific University,60583.0,54466.0,17036.0,54466.0,-0.20047369000844564,22163.0,3.22618779046158,Private_nonprofit
Phagans Beauty College,33102.0,,8170.0,,,-5318.0,,Private_forprofit
Phagans Central Oregon Beauty College,20551.0,,6785.0,,,-17869.0,,Private_forprofit
Phagans School of Beauty,23393.0,,8170.0,,,-15027.0,,Private_forprofit
Phagans School of Hair Design,22912.0,,7652.0,,,-15508.0,,Private_forprofit
Summit Salon Academy-Portland,24106.0,,7652.0,,,-14314.0,,Private_forprofit
Portland Community College,44592.0,5040.0,7287.0,5040.0,6.401785714285714,6172.0,1.997245625405055,Public
Portland State University,57906.0,11238.0,15457.0,11238.0,2.7772735362164087,19486.0,1.3699579185055937,Public
University of Portland,82804.0,54900.0,18500.0,54900.0,0.17129326047358834,44384.0,1.653749098774333,Private_nonprofit
Reed College,62927.0,67020.0,15750.0,67020.0,-0.2960757982691734,24507.0,3.377402374831681,Private_nonprofit
Rogue Community College,36845.0,5184.0,10247.0,5184.0,4.130787037037037,-1575.0,,Public
Southern Oregon University,49175.0,12093.0,15000.0,12093.0,1.8260150500289423,10755.0,2.5191073919107394,Public
Southwestern Oregon Community College,38349.0,6840.0,8303.0,6840.0,3.3926900584795323,-71.0,,Public
Treasure Valley Community College,36738.0,6210.0,9200.0,6210.0,3.4344605475040257,-1682.0,,Public
Umpqua Community College,36676.0,5909.0,5095.0,5909.0,4.344559147063801,-1744.0,,Public
Warner Pacific University,55204.0,21010.0,20250.0,21010.0,0.6636839600190385,16784.0,2.458293612964728,Private_nonprofit
Corban University,48917.0,37208.0,17951.0,37208.0,-0.16775962158675553,10497.0,5.254739449366486,Private_nonprofit
Western Seminary,,,,,,,,Private_nonprofit
Willamette University,56911.0,48268.0,18913.0,48268.0,-0.2127703654595177,18491.0,3.633172894921854,Private_nonprofit
Western Oregon University,51815.0,11025.0,15000.0,11025.0,2.3392290249433105,13395.0,1.942889137737962,Public
University of Western States,27382.0,,,,,-11038.0,,Private_nonprofit
Bryn Athyn College of the New Church,40457.0,27804.0,13500.0,27804.0,-0.030463242698892244,2037.0,20.276877761413843,Private_nonprofit
Academy of Vocal Arts,,,,,,,,Private_nonprofit
Albright College,58700.0,28794.0,23250.0,28794.0,0.23115926929221364,20280.0,2.5662721893491125,Private_nonprofit
All-State Career School,38495.0,,6333.0,,,75.0,,Private_forprofit
Community College of Allegheny County,39449.0,4842.0,7132.0,4842.0,5.674308137133416,1029.0,11.636540330417882,Public
Allegheny College,62069.0,54960.0,25017.0,54960.0,-0.32583697234352255,23649.0,3.3818343270328555,Private_nonprofit
The  Beauty Institute,23580.0,,7968.0,,,-14840.0,,Private_forprofit
DeSales University,61295.0,44800.0,20000.0,44800.0,-0.07823660714285714,22875.0,2.8327868852459015,Private_nonprofit
Altoona Beauty School Inc,24246.0,,4750.0,,,-14174.0,,Private_forprofit
Alvernia University,55055.0,42810.0,20500.0,42810.0,-0.19282877832282178,16635.0,3.8058310790501952,Private_nonprofit
The Beauty Institute-Ambler,24785.0,,8028.0,,,-13635.0,,Private_forprofit
American College of Financial Services,,,,,,,,Private_nonprofit
Automotive Training Center-Exton,51112.0,,12661.0,,,12692.0,,Private_forprofit
Clarks Summit University,38818.0,32400.0,14500.0,32400.0,-0.24944444444444444,398.0,117.8391959798995,Private_nonprofit
Community College of Beaver County,45090.0,7290.0,9500.0,7290.0,3.882030178326475,6670.0,2.5172413793103448,Public
Arcadia University,58336.0,48290.0,21852.0,48290.0,-0.24448125905984677,19916.0,3.5218919461739304,Private_nonprofit
Missio Theological Seminary,,,,,,,,Private_nonprofit
Bryn Mawr College,75217.0,62560.0,21441.0,62560.0,-0.14040920716112532,36797.0,2.28282196918227,Private_nonprofit
Bucknell University,93807.0,64772.0,23250.0,64772.0,0.08931328351756931,55387.0,1.589217686460722,Private_nonprofit
Bucks County Community College,47324.0,5021.0,8250.0,5021.0,6.7821151165106555,8904.0,1.4904537286612758,Public
Bucks County School of Beauty Culture Inc,27341.0,,7709.0,,,-11079.0,,Private_forprofit
Butler Beauty Academy,23003.0,,7481.0,,,-15417.0,,Private_forprofit
Butler County Community College,38891.0,5610.0,5500.0,5610.0,4.95204991087344,471.0,23.588110403397028,Public
Cabrini University,59038.0,35815.0,19500.0,35815.0,0.10395085857880776,20618.0,2.6828499369482977,Private_nonprofit
Carlow University,51051.0,34502.0,21513.0,34502.0,-0.14387571734971885,12631.0,4.434724091520861,Private_nonprofit
Carnegie Mellon University,114862.0,63829.0,20250.0,63829.0,0.48227294803302573,76442.0,1.0999058109416289,Private_nonprofit
Cedar Crest College,59460.0,44934.0,23044.0,44934.0,-0.1895669203721013,21040.0,3.230893536121673,Private_nonprofit
Central Penn College,45370.0,19404.0,13035.0,19404.0,0.6664089878375593,6950.0,4.667482014388489,Private_forprofit
Chatham University,52410.0,43810.0,18326.0,43810.0,-0.22200410865099293,13990.0,4.441458184417441,Private_nonprofit
Chestnut Hill College,52015.0,39410.0,20782.0,39410.0,-0.20748540979446842,13595.0,4.427510114012504,Private_nonprofit
Cheyney University of Pennsylvania,37837.0,10904.0,13000.0,10904.0,1.2777879677182686,-583.0,,Public
Citizens School of Nursing,69939.0,,12000.0,,,31519.0,,Private_nonprofit
DLP Conemaugh Memorial Medical Center,65740.0,,12000.0,,,27320.0,,Private_forprofit
Curtis Institute of Music,,6000.0,,6000.0,,,,Private_nonprofit
Delaware County Community College,45391.0,6660.0,8176.0,6660.0,4.587837837837838,6971.0,2.128245588868168,Public
Delaware Valley University,55838.0,43300.0,17500.0,43300.0,-0.11459584295612009,17418.0,3.490641864737628,Private_nonprofit
Dickinson College,70204.0,63475.0,17294.0,63475.0,-0.16644348168570303,31784.0,2.5411842436446013,Private_nonprofit
Douglas Education Center,30814.0,18950.0,12000.0,18950.0,-0.007176781002638522,-7606.0,,Private_forprofit
Drexel University,84648.0,60663.0,20204.0,60663.0,0.06232794289764766,46228.0,1.749307778835338,Private_nonprofit
Duquesne University,74742.0,47146.0,23500.0,47146.0,0.0868790565477453,36322.0,1.9449920158581575,Private_nonprofit
East Stroudsburg University of Pennsylvania,56148.0,11036.0,16750.0,11036.0,2.569952881478797,17728.0,1.567351083032491,Public
Eastern University,51655.0,37420.0,18000.0,37420.0,-0.10061464457509353,13235.0,4.187381941820929,Private_nonprofit
Elizabethtown College,62399.0,36842.0,26000.0,36842.0,-0.012024320069485913,23979.0,2.6207097877309313,Private_nonprofit
Empire Beauty School-Lebanon,22377.0,,6633.0,,,-16043.0,,Private_forprofit
Empire Beauty School-York,23921.0,,7851.0,,,-14499.0,,Private_forprofit
Empire Beauty School-Lancaster,25073.0,,8028.0,,,-13347.0,,Private_forprofit
Empire Beauty School-Shamokin Dam,25073.0,,8028.0,,,-13347.0,,Private_forprofit
Empire Beauty School-Pottsville,23589.0,,6333.0,,,-14831.0,,Private_forprofit
Empire Beauty  School-Lehigh Valley,25073.0,,8028.0,,,-13347.0,,Private_forprofit
Empire Beauty School-Gwinnett,23589.0,,6333.0,,,-14831.0,,Private_forprofit
Empire Beauty School-Wyoming Valley,23921.0,,7851.0,,,-14499.0,,Private_forprofit
Empire Beauty School-Harrisburg,22377.0,,6633.0,,,-16043.0,,Private_forprofit
Empire Beauty School-Reading,23921.0,,7851.0,,,-14499.0,,Private_forprofit
Erie Institute of Technology Inc,41951.0,15768.0,8835.0,15768.0,1.1002029426686961,3531.0,6.967714528462192,Private_forprofit
Franklin and Marshall College,76124.0,68380.0,19000.0,68380.0,-0.16460953495174027,37704.0,2.317525991937195,Private_nonprofit
Gannon University,58845.0,37951.0,23031.0,37951.0,-0.056309451661352795,20425.0,2.985654834761322,Private_nonprofit
Geneva College,50004.0,33610.0,18907.0,33610.0,-0.07476941386492116,11584.0,4.533580801104972,Private_nonprofit
Gettysburg College,71517.0,64230.0,23250.0,64230.0,-0.24852872489490893,33097.0,2.6431398616188777,Private_nonprofit
Empire Beauty School-NE Philadelphia,24407.0,,7050.0,,,-14013.0,,Private_forprofit
Gratz College,,,,,,,,Private_nonprofit
Grove City College,,20890.0,,20890.0,,,,Private_nonprofit
Gwynedd Mercy University,67145.0,38310.0,23256.0,38310.0,0.14562777342730357,28725.0,2.1432898172323758,Private_nonprofit
Harcum College,46827.0,29900.0,12000.0,29900.0,0.16478260869565217,8407.0,4.983941953134293,Private_nonprofit
Harrisburg Area Community College,42007.0,7373.0,9500.0,7373.0,3.4089244540892447,3587.0,4.703930861444103,Public
Haverford College,79966.0,68300.0,12000.0,68300.0,-0.004890190336749634,41546.0,1.9327973812160015,Private_nonprofit
Commonwealth Technical Institute,21632.0,7714.0,,7714.0,,-16788.0,,Private_nonprofit
Holy Family University,62235.0,33968.0,21175.0,33968.0,0.2087847385774847,23815.0,2.315473441108545,Private_nonprofit
Immaculata University,75701.0,28550.0,19560.0,28550.0,0.9664098073555166,37281.0,1.29046967624259,Private_nonprofit
Indiana University of Pennsylvania-Main Campus,51019.0,11380.0,19995.0,11380.0,1.7261862917398945,12599.0,2.490277006111596,Public
UPMC Jameson School of Nursing,70472.0,15498.0,9500.0,15498.0,2.9341850561362754,32052.0,0.7799201297890928,Private_nonprofit
Great Lakes Institute of Technology,28704.0,,9014.0,,,-9716.0,,Private_forprofit
Johnson College,55194.0,20733.0,12000.0,20733.0,1.0833453914050064,16774.0,1.9514129009180876,Private_nonprofit
Juniata College,56918.0,56402.0,23858.0,56402.0,-0.41385057267472786,18498.0,4.338847442966808,Private_nonprofit
Keystone College,44976.0,17850.0,16250.0,17850.0,0.6092997198879552,6556.0,5.201342281879195,Private_nonprofit
King's College,59498.0,42600.0,22847.0,42600.0,-0.13964788732394368,21078.0,3.1049909858620364,Private_nonprofit
Butler Beauty Academy-Kittanning Beauty Academy,23003.0,,7481.0,,,-15417.0,,Private_forprofit
Kutztown University of Pennsylvania,53775.0,11230.0,20000.0,11230.0,2.0075690115761353,15355.0,2.0338651904916967,Public
La Roche University,52341.0,33120.0,19470.0,33120.0,-0.007518115942028986,13921.0,3.7777458515911215,Private_nonprofit
La Salle University,67416.0,35570.0,17500.0,35570.0,0.4033174023053135,28996.0,1.8302524486136018,Private_nonprofit
Lackawanna College,41000.0,17950.0,11500.0,17950.0,0.6434540389972145,2580.0,11.414728682170542,Private_nonprofit
Lafayette College,91410.0,62574.0,14000.0,62574.0,0.2370952791894397,52990.0,1.4450651066238913,Private_nonprofit
Lancaster Bible College,44096.0,29990.0,15000.0,29990.0,-0.029809936645548516,5676.0,7.926356589147287,Private_nonprofit
Lancaster Theological Seminary,,,,,,,,Private_nonprofit
Lancaster School of Cosmetology & Therapeutic Bodywork,29738.0,,3167.0,,,-8682.0,,Private_forprofit
Lansdale School of Business,37442.0,11850.0,9833.0,11850.0,1.329873417721519,-978.0,,Private_forprofit
Lansdale School of Cosmetology Inc,25019.0,,,,,-13401.0,,Private_forprofit
Lebanon Valley College,62621.0,50320.0,21000.0,50320.0,-0.17287360890302067,24201.0,2.9469856617495145,Private_nonprofit
Lehigh Carbon Community College,42436.0,5215.0,6000.0,5215.0,5.986768935762225,4016.0,2.7925796812749004,Public
Miller-Motte College-Berks Technical Institute,31102.0,,10661.0,,,-7318.0,,Private_forprofit
Lehigh University,105584.0,62180.0,19500.0,62180.0,0.3844322933419106,67164.0,1.216127687451611,Private_nonprofit
Lincoln Technical Institute-Allentown,38683.0,,9500.0,,,263.0,,Private_forprofit
Lincoln Technical Institute-Philadelphia,38683.0,,9500.0,,,263.0,,Private_forprofit
Lincoln University,43167.0,12512.0,22862.0,12512.0,0.6228420716112532,4747.0,7.451864335369708,Public
UPMC St. Margaret School of Nursing,67327.0,16190.0,12000.0,16190.0,2.4173563928350834,28907.0,0.9751963192306362,Private_nonprofit
United Lutheran Seminary,,,,,,,,Private_nonprofit
Luzerne County Community College,40437.0,6450.0,5500.0,6450.0,4.416589147286822,2017.0,5.924640555280119,Public
Lycoming College,56210.0,47675.0,23500.0,47675.0,-0.3138961719979025,17790.0,4.000843170320405,Private_nonprofit
Manor College,46825.0,19964.0,11250.0,19964.0,0.7819575235423762,8405.0,3.7137418203450325,Private_nonprofit
Marywood University,55817.0,39570.0,23235.0,39570.0,-0.17659843315643164,17397.0,3.6101051905500947,Private_nonprofit
Vet Tech Institute,34583.0,16920.0,12292.0,16920.0,0.31743498817966903,-3837.0,,Private_forprofit
Roxborough Memorial Hospital School of Nursing,79323.0,,15306.0,,,40903.0,,Private_forprofit
Mercyhurst University,47452.0,44510.0,19500.0,44510.0,-0.37200629072118624,9032.0,7.0870239149689995,Private_nonprofit
Messiah University,54064.0,40640.0,21911.0,40640.0,-0.20883366141732285,15644.0,3.998401943237024,Private_nonprofit
ASPIRA City College,34857.0,12147.0,,12147.0,,-3563.0,,Private_nonprofit
Millersville University of Pennsylvania,55246.0,12262.0,17220.0,12262.0,2.1011254281520144,16826.0,1.7521692618566505,Public
Misericordia University,64313.0,38370.0,24854.0,38370.0,0.02838154808444097,25893.0,2.4417410110840767,Private_nonprofit
Montgomery County Community College,46108.0,6270.0,7250.0,6270.0,5.197448165869218,7688.0,1.7585848074921957,Public
Moore College of Art and Design,37839.0,50279.0,20500.0,50279.0,-0.6551442948348217,-581.0,,Private_nonprofit
Moravian University,61860.0,52000.0,22000.0,52000.0,-0.23346153846153847,23440.0,3.156996587030717,Private_nonprofit
Mount Aloysius College,46165.0,26156.0,16980.0,26156.0,0.11580516898608349,7745.0,5.56952872821175,Private_nonprofit
Muhlenberg College,69107.0,60240.0,22000.0,60240.0,-0.21801128818061088,30687.0,2.6799621989767655,Private_nonprofit
Neumann University,57817.0,37300.0,19630.0,37300.0,0.023780160857908846,19397.0,2.934989946899005,Private_nonprofit
New Castle School of Trades,44814.0,,8315.0,,,6394.0,,Private_forprofit
Northampton County Area Community College,41566.0,5310.0,9500.0,5310.0,5.03879472693032,3146.0,4.707565162110616,Public
Heritage Valley Health System School of Nursing,79831.0,22100.0,8250.0,22100.0,2.2389592760180994,41411.0,0.7328970563376881,Private_nonprofit
Orleans Technical College,38668.0,,7521.0,,,248.0,,Private_nonprofit
Salus University,,,,,,,,Private_nonprofit
Pennsylvania Institute of Technology,35703.0,14445.0,6334.0,14445.0,1.033160263066805,-2717.0,,Private_nonprofit
Pennsylvania State University-Penn State Erie-Behrend College,63435.0,15944.0,19500.0,15944.0,1.7555820371299549,25015.0,1.4169098540875475,Public
Pennsylvania State University-Penn State Great Valley,63435.0,,19500.0,,,25015.0,,Public
Pennsylvania State University-Penn State New Kensington,63435.0,14380.0,19500.0,14380.0,2.0552851182197496,25015.0,1.3543873675794524,Public
Pennsylvania State University-Penn State Shenango,63435.0,14002.0,19500.0,14002.0,2.1377660334237967,25015.0,1.3392764341395162,Public
Pennsylvania State University-Penn State Wilkes-Barre,63435.0,14258.0,19500.0,14258.0,2.081427970262309,25015.0,1.3495102938237058,Public
Pennsylvania State University-Penn State Scranton,63435.0,15180.0,19500.0,15180.0,1.8942687747035574,25015.0,1.3863681790925444,Public
Pennsylvania State University-Penn State Lehigh Valley,63435.0,15180.0,19500.0,15180.0,1.8942687747035574,25015.0,1.3863681790925444,Public
Pennsylvania State University-Penn State Altoona,63435.0,15944.0,19500.0,15944.0,1.7555820371299549,25015.0,1.4169098540875475,Public
Pennsylvania State University-Penn State Beaver,63435.0,14380.0,19500.0,14380.0,2.0552851182197496,25015.0,1.3543873675794524,Public
Pennsylvania State University-Penn State Berks,63435.0,15944.0,19500.0,15944.0,1.7555820371299549,25015.0,1.4169098540875475,Public
Pennsylvania State University-Penn State Harrisburg,63435.0,15944.0,19500.0,15944.0,1.7555820371299549,25015.0,1.4169098540875475,Public
Pennsylvania State University-Penn State Brandywine,63435.0,15180.0,19500.0,15180.0,1.8942687747035574,25015.0,1.3863681790925444,Public
Pennsylvania State University-Penn State DuBois,63435.0,14380.0,19500.0,14380.0,2.0552851182197496,25015.0,1.3543873675794524,Public
Pennsylvania State University-Penn State Fayette- Eberly,63435.0,14380.0,19500.0,14380.0,2.0552851182197496,25015.0,1.3543873675794524,Public
Pennsylvania State University-Penn State Hazleton,63435.0,15180.0,19500.0,15180.0,1.8942687747035574,25015.0,1.3863681790925444,Public
Pennsylvania State University-Main Campus,63435.0,20234.0,19500.0,20234.0,1.1713452604527033,25015.0,1.5884069558265042,Public
Pennsylvania State University-Penn State Greater Allegheny,63435.0,14380.0,19500.0,14380.0,2.0552851182197496,25015.0,1.3543873675794524,Public
Pennsylvania State University-Penn State Mont Alto,63435.0,14380.0,19500.0,14380.0,2.0552851182197496,25015.0,1.3543873675794524,Public
Pennsylvania State University-Penn State Abington,63435.0,15240.0,19500.0,15240.0,1.8828740157480315,25015.0,1.3887667399560264,Public
Pennsylvania State University-Penn State Schuylkill,63435.0,15180.0,19500.0,15180.0,1.8942687747035574,25015.0,1.3863681790925444,Public
Pennsylvania State University-Penn State York,63435.0,15180.0,19500.0,15180.0,1.8942687747035574,25015.0,1.3863681790925444,Public
Peirce College,50660.0,15060.0,21875.0,15060.0,0.9113545816733067,12240.0,3.0175653594771243,Private_nonprofit
Penn Commercial Business/Technical School,31736.0,13654.0,8904.0,13654.0,0.6721839753918266,-6684.0,,Private_forprofit
Pennco Tech-Bristol,43493.0,,6333.0,,,5073.0,,Private_forprofit
Pennsylvania Academy of the Fine Arts,29881.0,44600.0,19500.0,44600.0,-0.7672421524663677,-8539.0,,Private_nonprofit
Pennsylvania Gunsmith School,40747.0,,12000.0,,,2327.0,,Private_forprofit
Cortiva Institute,32094.0,,8093.0,,,-6326.0,,Private_forprofit
Pennsylvania College of Art and Design,33301.0,31370.0,23980.0,31370.0,-0.7028689831048772,-5119.0,,Private_nonprofit
University of Pennsylvania,111371.0,66104.0,14000.0,66104.0,0.472997095485901,72951.0,1.0980521171745419,Private_nonprofit
University of the Arts,38252.0,54290.0,23250.0,54290.0,-0.7236691840117886,-168.0,,Private_nonprofit
Cairn University-Langhorne,44172.0,32625.0,17063.0,32625.0,-0.1690727969348659,5752.0,8.638386648122392,Private_nonprofit
Philadelphia College of Osteopathic Medicine,138767.0,,,,,100347.0,,Private_nonprofit
Community College of Philadelphia,40852.0,4632.0,5500.0,4632.0,6.632124352331606,2432.0,4.166118421052632,Public
University of Pittsburgh-Bradford,66125.0,14620.0,20500.0,14620.0,2.1207250341997264,27705.0,1.2676412199963905,Public
University of Pittsburgh-Greensburg,66125.0,14630.0,20500.0,14630.0,2.118591934381408,27705.0,1.268002165674066,Public
University of Pittsburgh-Johnstown,66125.0,14646.0,20500.0,14646.0,2.1151850334562337,27705.0,1.2685796787583468,Public
University of Pittsburgh-Pittsburgh Campus,66125.0,21524.0,20500.0,21524.0,1.1197268165768444,27705.0,1.5168381158635624,Public
University of Pittsburgh-Titusville,66125.0,11918.0,20500.0,11918.0,2.8282429937909046,27705.0,1.1701136978884679,Public
Pittsburgh Institute of Aeronautics,66642.0,17725.0,12000.0,17725.0,2.082764456981664,28222.0,1.0532563248529516,Private_nonprofit
Pittsburgh Institute of Mortuary Science Inc,53524.0,,15009.0,,,15104.0,,Private_nonprofit
Pittsburgh Technical College,40770.0,18980.0,13166.0,18980.0,0.4543730242360379,2350.0,13.679148936170213,Private_nonprofit
Pittsburgh Theological Seminary,,,,,,,,Private_nonprofit
Point Park University,45856.0,38160.0,20957.0,38160.0,-0.3475104821802935,7436.0,7.95010758472297,Private_nonprofit
Joseph F McCloskey School of Nursing,86138.0,,14000.0,,,47718.0,,Private_nonprofit
The Salon Professional Academy-Altoona,20809.0,,6333.0,,,-17611.0,,Private_forprofit
Reading Area Community College,39082.0,6270.0,8250.0,6270.0,3.9173843700159487,662.0,21.93353474320242,Public
Reading Hospital School of Health Sciences,74572.0,11915.0,17250.0,11915.0,3.810910616869492,36152.0,0.806732684222173,Private_nonprofit
Reconstructionist Rabbinical College,,,,,,,,Private_nonprofit
Walnut Hill College,36689.0,23550.0,12000.0,23550.0,0.0483651804670913,-1731.0,,Private_forprofit
Robert Morris University,62105.0,34940.0,23250.0,34940.0,0.11204922724670864,23685.0,2.456829216803884,Private_nonprofit
Rosedale Technical College,47880.0,16700.0,12000.0,16700.0,1.148502994011976,9460.0,3.033826638477801,Private_nonprofit
Rosemont College,48555.0,22171.0,27000.0,22171.0,-0.0277840422173109,10135.0,4.851603354711396,Private_nonprofit
Saint Francis University,62101.0,41720.0,27000.0,41720.0,-0.1586529242569511,23681.0,2.901904480385119,Private_nonprofit
Saint Joseph's University,86881.0,51340.0,21500.0,51340.0,0.273490455784963,48461.0,1.503064319762283,Private_nonprofit
Saint Vincent College,59982.0,41100.0,23250.0,41100.0,-0.10627737226277373,21562.0,2.984417029960115,Private_nonprofit
Saint Vincent Seminary,59982.0,,23250.0,,,21562.0,,Private_nonprofit
Schuylkill Technology Center,49148.0,,9873.0,,,10728.0,,Public
University of Scranton,74652.0,52309.0,25500.0,52309.0,-0.06035290294213233,36232.0,2.1475215279311106,Private_nonprofit
Seton Hill University,51748.0,41414.0,23000.0,41414.0,-0.3058386053025547,13328.0,4.832983193277311,Private_nonprofit
UPMC Shadyside School of Nursing,68801.0,16190.0,12000.0,16190.0,2.50840024706609,30381.0,0.9278825581778085,Private_nonprofit
Sharon Regional School of Nursing,74189.0,,5500.0,,,35769.0,,Private_forprofit
Laurel Technical Institute,28311.0,11470.0,9080.0,11470.0,0.6766346992153444,-10109.0,,Private_forprofit
Shippensburg University of Pennsylvania,56351.0,13544.0,16192.0,13544.0,1.965076786769049,17931.0,1.658357035301991,Public
Slippery Rock University of Pennsylvania,53032.0,10507.0,19500.0,10507.0,2.19139621204911,14612.0,2.0535860936216808,Public
Saint Charles Borromeo Seminary-Overbrook,55225.0,25023.0,13000.0,25023.0,0.6874475482556048,16805.0,2.262600416542696,Private_nonprofit
South Hills Beauty Academy,23453.0,,3431.0,,,-14967.0,,Private_forprofit
South Hills School of Business & Technology,35539.0,19208.0,12000.0,19208.0,0.2254789670970429,-2881.0,,Private_forprofit
St Lukes Hospital School of Nursing,80244.0,,9834.0,,,41824.0,,Private_nonprofit
The Beauty Institute,30577.0,,8802.0,,,-7843.0,,Private_forprofit
Susquehanna University,61723.0,57400.0,27000.0,57400.0,-0.3950696864111498,23303.0,3.6218512637857785,Private_nonprofit
Swarthmore College,80257.0,62412.0,13000.0,62412.0,0.07762930205729668,41837.0,1.802519301097115,Private_nonprofit
Thaddeus Stevens College of Technology,54681.0,9050.0,6625.0,9050.0,4.310055248618784,16261.0,0.9639628559129205,Public
Talmudical Yeshiva of Philadelphia,,10869.0,,10869.0,,,,Private_nonprofit
Temple University,63727.0,22082.0,19750.0,22082.0,0.9915315641699122,25307.0,1.6529813885486229,Public
Theological Seminary of the Reformed Episcopal Church,,,,,,,,Private_nonprofit
Thiel College,49714.0,36864.0,18250.0,36864.0,-0.146484375,11294.0,4.87993624933593,Private_nonprofit
Thomas Jefferson University,77449.0,45683.0,12500.0,45683.0,0.4217323730928354,39029.0,1.4907632785877167,Private_nonprofit
Triangle Tech Inc-Pittsburgh,51953.0,18538.0,12000.0,18538.0,1.1551947351386342,13533.0,2.2565580433015593,Private_forprofit
Triangle Tech Inc-Greensburg,53788.0,18513.0,12000.0,18513.0,1.257224652946578,15368.0,1.9854893284747528,Private_forprofit
Triangle Tech Inc-Dubois,45538.0,18575.0,12000.0,18575.0,0.8055450874831763,7118.0,4.295448159595392,Private_forprofit
Trinity Episcopal School for Ministry,,,,,,,,Private_nonprofit
Ursinus College,73721.0,59196.0,26000.0,59196.0,-0.19384755726738293,35301.0,2.413416050536812,Private_nonprofit
University of Valley Forge,39016.0,24510.0,20166.0,24510.0,-0.23092615259077928,596.0,74.95973154362416,Private_nonprofit
Valley Forge Military College,50798.0,32176.0,9500.0,32176.0,0.28350323222277474,12378.0,3.3669413475521086,Private_nonprofit
Venus Beauty Academy,22727.0,,5500.0,,,-15693.0,,Private_forprofit
Villanova University,100423.0,64701.0,25000.0,64701.0,0.1657161403996847,62003.0,1.446720319984517,Private_nonprofit
Washington Health System School of Nursing,63504.0,,12000.0,,,25084.0,,Private_nonprofit
Washington & Jefferson College,67918.0,28185.0,26000.0,28185.0,0.4872449884690438,29498.0,1.8369041968947046,Private_nonprofit
Waynesburg University,58537.0,29460.0,21500.0,29460.0,0.25719619823489476,20117.0,2.533180891783069,Private_nonprofit
Welder Training and Testing Institute,55598.0,,5500.0,,,17178.0,,Private_forprofit
West Chester University of Pennsylvania,61258.0,10687.0,18750.0,10687.0,2.977542809020305,22838.0,1.2889482441544793,Public
Western Pennsylvania Hospital School of Nursing,56487.0,12886.0,12000.0,12886.0,2.4523513891044546,18067.0,1.3774284607295069,Private_nonprofit
Westminster College,53861.0,39470.0,22825.0,39470.0,-0.21368127691917913,15441.0,4.034388964445308,Private_nonprofit
Westminster Theological Seminary,,,,,,,,Private_nonprofit
Westmoreland County Community College,37439.0,5880.0,8977.0,5880.0,3.8404761904761906,-981.0,,Public
Widener University,70920.0,53638.0,24567.0,53638.0,-0.1358178903016518,32500.0,2.4063076923076925,Private_nonprofit
Wilkes University,63454.0,42286.0,20500.0,42286.0,0.015797190559523246,25034.0,2.508029080450587,Private_nonprofit
Williamson College of the Trades,,30858.0,,30858.0,,,,Private_nonprofit
Wilson College,43326.0,27000.0,19500.0,27000.0,-0.11755555555555555,4906.0,9.478189971463514,Private_nonprofit
Yeshivath Beth Moshe,,10400.0,,10400.0,,,,Private_nonprofit
York College of Pennsylvania,61012.0,24606.0,19500.0,24606.0,0.6870681947492482,22592.0,1.9522839943342776,Private_nonprofit
YTI Career Institute-York,40672.0,,9500.0,,,2252.0,,Private_forprofit
Brown University,93487.0,68230.0,10000.0,68230.0,0.22361131467096584,55067.0,1.420633047015454,Private_nonprofit
Bryant University,90008.0,51169.0,23250.0,51169.0,0.30465711661357464,51588.0,1.4425641622082654,Private_nonprofit
Johnson & Wales University-Providence,43418.0,40408.0,16334.0,40408.0,-0.32973668580479115,4998.0,11.352941176470589,Private_nonprofit
New England Institute of Technology,48684.0,35625.0,12000.0,35625.0,0.029726315789473684,10264.0,4.640003897116134,Private_nonprofit
New England Tractor Trailer Training School of Rhode Island,53085.0,,6333.0,,,14665.0,,Private_forprofit
Providence College,87054.0,60848.0,27000.0,60848.0,-0.01304890875624507,48634.0,1.8063083439569025,Private_nonprofit
Rhode Island College,56318.0,10986.0,13833.0,10986.0,2.8671946113235025,17898.0,1.3866912504190412,Public
Community College of Rhode Island,42659.0,5326.0,5567.0,5326.0,5.964325948178746,4239.0,2.5697098372257607,Public
University of Rhode Island,69743.0,16408.0,17750.0,16408.0,2.168759141882009,31323.0,1.0905085719758645,Public
Rhode Island School of Design,68140.0,59760.0,23250.0,59760.0,-0.24882864792503348,29720.0,2.7930686406460294,Private_nonprofit
Roger Williams University,70266.0,42666.0,19500.0,42666.0,0.18984671635494305,31846.0,1.9520818941154305,Private_nonprofit
Salve Regina University,72975.0,47930.0,27000.0,47930.0,-0.04078865011475068,34555.0,2.1684271451309507,Private_nonprofit
Empire Beauty School-Warwick,23589.0,,6333.0,,,-14831.0,,Private_forprofit
Northpoint Bible College,42210.0,14160.0,16657.0,14160.0,0.804590395480226,3790.0,8.1311345646438,Private_nonprofit
Aiken Technical College,39225.0,5044.0,7110.0,5044.0,5.366970658207771,805.0,15.098136645962732,Public
Allen University,30497.0,14304.0,12000.0,14304.0,0.2931347874720358,-7923.0,,Private_nonprofit
Anderson University,42101.0,33580.0,22000.0,33580.0,-0.40139964264443123,3681.0,15.099157837544146,Private_nonprofit
Charleston Southern University,45898.0,31030.0,18250.0,31030.0,-0.10899129874315179,7478.0,6.589997325488098,Private_nonprofit
Technical College of the Lowcountry,35090.0,5500.0,6431.0,5500.0,4.210727272727273,-3330.0,,Public
Benedict College,31902.0,18000.0,16000.0,18000.0,-0.11655555555555555,-6518.0,,Private_nonprofit
Bob Jones University,44354.0,23400.0,12453.0,23400.0,0.3632905982905983,5934.0,6.041961577350859,Private_nonprofit
Southern Wesleyan University,47756.0,27870.0,19500.0,27870.0,0.013850017940437746,9336.0,5.073907455012853,Private_nonprofit
Charleston Cosmetology Institute,25812.0,,4307.0,,,-12608.0,,Private_forprofit
College of Charleston,56416.0,12978.0,17500.0,12978.0,1.998613037447989,17996.0,1.6935985774616582,Public
Charzanne Beauty College,21229.0,,8000.0,,,-17191.0,,Private_forprofit
Northeastern Technical College,32141.0,5664.0,,5664.0,,-6279.0,,Public
Citadel Military College of South Carolina,72085.0,12570.0,18000.0,12570.0,3.3027048528241845,33665.0,0.9080647556809743,Public
Claflin University,40304.0,17046.0,22049.0,17046.0,0.07092573037662794,1884.0,20.751061571125266,Private_nonprofit
Clemson University,71513.0,15554.0,19000.0,15554.0,2.376173331618876,33093.0,1.044148309310126,Public
Clinton College,30180.0,10516.0,12000.0,10516.0,0.7287942183339673,-8240.0,,Private_nonprofit
Coker University,40117.0,31854.0,15000.0,31854.0,-0.21149620141897407,1697.0,27.609899823217443,Private_nonprofit
Columbia International University,38951.0,27900.0,10500.0,27900.0,0.019749103942652328,531.0,72.31638418079096,Private_nonprofit
Columbia College,41338.0,21450.0,14750.0,21450.0,0.23953379953379952,2918.0,12.405757368060316,Private_nonprofit
Converse University,40867.0,23096.0,22500.0,23096.0,-0.20475406996882578,2447.0,18.63342868818962,Private_nonprofit
Denmark Technical College,25351.0,6301.0,6750.0,6301.0,1.9520710998254245,-13069.0,,Public
Erskine College,53459.0,36710.0,9500.0,36710.0,0.19746663034595477,15039.0,3.0726777046346165,Private_nonprofit
Florence-Darlington Technical College,32748.0,4636.0,6750.0,4636.0,4.6078515962036235,-5672.0,,Public
Francis Marion University,43888.0,11160.0,15617.0,11160.0,1.5332437275985662,5468.0,4.897037307973665,Public
Furman University,68635.0,58312.0,19500.0,58312.0,-0.1573775552201948,30215.0,2.5752771802085057,Private_nonprofit
Greenville Technical College,39473.0,5639.0,8604.0,5639.0,4.474197552757581,1053.0,13.526115859449193,Public
Horry-Georgetown Technical College,35507.0,4468.0,8250.0,4468.0,5.100492390331245,-2913.0,,Public
Kenneth Shuler School of Cosmetology-North Augusta,25542.0,,5825.0,,,-12878.0,,Private_forprofit
Kenneth Shuler School of Cosmetology and Nails-Columbia,25088.0,,5775.0,,,-13332.0,,Private_forprofit
Lander University,42396.0,11700.0,12503.0,11700.0,1.554957264957265,3976.0,6.087273641851106,Public
Limestone University,44999.0,27500.0,18750.0,27500.0,-0.04549090909090909,6579.0,7.029943760449917,Private_nonprofit
Medical University of South Carolina,88420.0,,13021.0,,,50000.0,,Public
Midlands Technical College,38701.0,4788.0,6750.0,4788.0,5.673141186299081,281.0,41.06049822064057,Public
Morris College,30614.0,16224.0,14750.0,16224.0,-0.022189349112426034,-7806.0,,Private_nonprofit
Newberry College,48040.0,30050.0,15750.0,30050.0,0.07454242928452579,9620.0,4.760914760914761,Private_nonprofit
North Greenville University,43035.0,24650.0,15000.0,24650.0,0.13732251521298175,4615.0,8.591549295774648,Private_nonprofit
Orangeburg Calhoun Technical College,35761.0,4970.0,7000.0,4970.0,4.78692152917505,-2659.0,,Public
Piedmont Technical College,35768.0,4775.0,9500.0,4775.0,4.501151832460733,-2652.0,,Public
Presbyterian College,60194.0,43300.0,13000.0,43300.0,0.08993071593533487,21774.0,2.585652613208414,Private_nonprofit
University of South Carolina Aiken,45603.0,10760.0,13000.0,10760.0,2.030018587360595,7183.0,3.30781010719755,Public
University of South Carolina Beaufort,48088.0,10730.0,13750.0,10730.0,2.2001863932898416,9668.0,2.5320645428216797,Public
University of South Carolina-Columbia,62177.0,12688.0,18500.0,12688.0,2.442386506935687,23757.0,1.3127920191943427,Public
University of South Carolina-Lancaster,39426.0,7558.0,5500.0,7558.0,3.4887536385287112,1006.0,12.980119284294235,Public
University of South Carolina-Salkehatchie,31360.0,7558.0,6500.0,7558.0,2.2892299550145543,-7060.0,,Public
University of South Carolina-Sumter,42437.0,7558.0,5500.0,7558.0,3.8871394548822438,4017.0,3.250684590490416,Public
University of South Carolina-Union,33699.0,7558.0,5500.0,7558.0,2.7310134956337655,-4721.0,,Public
Coastal Carolina University,47258.0,11640.0,16979.0,11640.0,1.6012886597938145,8838.0,3.2381760579316587,Public
South Carolina State University,38262.0,11060.0,20900.0,11060.0,0.5698010849909584,-158.0,,Public
University of South Carolina-Upstate,48587.0,11583.0,15000.0,11583.0,1.899680566347233,10167.0,2.614635585718501,Public
Sherman College of Chiropractic,,,,,,,,Private_nonprofit
Spartanburg Methodist College,42895.0,19350.0,7500.0,19350.0,0.8291989664082687,4475.0,6.0,Private_nonprofit
Spartanburg Community College,37097.0,5046.0,5143.0,5046.0,5.332540626238605,-1323.0,,Public
Central Carolina Technical College,32603.0,5715.0,6821.0,5715.0,3.5112860892388453,-5817.0,,Public
Tri-County Technical College,40101.0,4448.0,5500.0,4448.0,6.7790017985611515,1681.0,5.917906008328376,Public
Trident Technical College,38253.0,4564.0,6500.0,4564.0,5.957274320771253,-167.0,,Public
Voorhees University,35339.0,12630.0,15245.0,12630.0,0.5909738717339668,-3081.0,,Private_nonprofit
Williamsburg Technical College,29935.0,4488.0,,4488.0,,-8485.0,,Public
Winthrop University,47185.0,15956.0,19000.0,15956.0,0.7664201554274254,8765.0,3.9881346263548205,Public
Wofford College,68964.0,54100.0,20500.0,54100.0,-0.10417744916820702,30544.0,2.4423782084861183,Private_nonprofit
York Technical College,37257.0,5512.0,5136.0,5512.0,4.827467343976778,-1163.0,,Public
Augustana University,59217.0,39190.0,21250.0,39190.0,-0.031206940546057667,20797.0,2.9061883925566185,Private_nonprofit
The Salon Professional Academy,23641.0,,7315.0,,,-14779.0,,Private_forprofit
Black Hills State University,46674.0,9000.0,15000.0,9000.0,2.5193333333333334,8254.0,2.9076811243033682,Public
Dakota State University,50970.0,9633.0,14250.0,9633.0,2.8118966054188728,12550.0,1.903027888446215,Public
Dakota Wesleyan University,53728.0,32890.0,19500.0,32890.0,0.04068105807236242,15308.0,3.4223935197282467,Private_nonprofit
Paul Mitchell the School-Rapid City,29547.0,,7083.0,,,-8873.0,,Private_forprofit
Lake Area Technical College,45473.0,6718.0,9888.0,6718.0,4.296963381958916,7053.0,2.3544590954203883,Public
Avera McKennan Hospital School of Radiologic Technology,,,,,,,,Private_nonprofit
Mitchell Technical College,50743.0,7524.0,8403.0,7524.0,4.627325890483785,12323.0,1.2924612513186724,Public
Mount Marty University,48179.0,33100.0,14750.0,33100.0,0.009939577039274925,9759.0,4.903166308023363,Private_nonprofit
National American University-Rapid City,37325.0,16065.0,20120.0,16065.0,0.07096171802054155,-1095.0,,Private_forprofit
Kairos University,,,,,,,,Private_nonprofit
Northern State University,47618.0,8845.0,15750.0,8845.0,2.6029395138496327,9198.0,2.6739508588823657,Public
Oglala Lakota College,22517.0,2684.0,,2684.0,,-15903.0,,Public
Avera Sacred Heart Hospital,,,,,,,,Private_nonprofit
South Dakota School of Mines and Technology,72257.0,10400.0,17306.0,10400.0,4.28375,33837.0,0.8188078139314952,Public
South Dakota State University,55070.0,9299.0,16246.0,9299.0,3.175072588450371,16650.0,1.5342342342342343,Public
Sinte Gleska University,20948.0,4714.0,,4714.0,,-17472.0,,Public
University of Sioux Falls,54521.0,20740.0,16141.0,20740.0,0.8505303760848602,16101.0,2.2906030681324143,Private_nonprofit
Sanford Medical Center,,,,,,,,Private_nonprofit
Sisseton Wahpeton College,31546.0,4330.0,,4330.0,,-6874.0,,Public
Southeast Technical College,46709.0,7650.0,9500.0,7650.0,3.863921568627451,8289.0,2.0690071178670526,Public
Stewart School,31843.0,,6168.0,,,-6577.0,,Private_forprofit
University of South Dakota,51926.0,9432.0,17500.0,9432.0,2.6499151823579306,13506.0,1.9940767066488967,Public
Western Dakota Technical College,40240.0,8008.0,9500.0,8008.0,2.8386613386613386,1820.0,9.61978021978022,Public
American Baptist College,41216.0,12474.0,19000.0,12474.0,0.7809844476511143,2796.0,11.256795422031473,Private_nonprofit
Arnolds Beauty School,27828.0,,7667.0,,,-10592.0,,Private_forprofit
Tennessee College of Applied Technology-Athens,40540.0,,,,,2120.0,,Public
Austin Peay State University,44301.0,8675.0,13202.0,8675.0,2.584899135446686,5881.0,3.7199455874851215,Public
Baptist Health Sciences University,72529.0,13846.0,16170.0,13846.0,3.0704174490827674,34109.0,0.8800023454220294,Private_nonprofit
Belmont University,55930.0,41320.0,17500.0,41320.0,-0.06994191674733785,17510.0,3.3592233009708736,Private_nonprofit
Bethel University,47482.0,18168.0,16750.0,18168.0,0.691545574636724,9062.0,3.853233281836239,Private_nonprofit
Bryan College-Dayton,54434.0,18900.0,13000.0,18900.0,1.1922751322751324,16014.0,1.9920069938803546,Private_nonprofit
Carson-Newman University,48382.0,34700.0,14519.0,34700.0,-0.024121037463976945,9962.0,4.9406745633406945,Private_nonprofit
Chattanooga State Community College,37598.0,4550.0,7249.0,4550.0,5.67010989010989,-822.0,,Public
Christian Brothers University,57478.0,37300.0,17589.0,37300.0,0.06941018766756032,19058.0,2.880102843950047,Private_nonprofit
Pentecostal Theological Seminary,,,,,,,,Private_nonprofit
Austin's Beauty College Inc,,,7917.0,,,,,Private_forprofit
Cleveland State Community College,36671.0,4530.0,5481.0,4530.0,5.885209713024283,-1749.0,,Public
Columbia State Community College,40256.0,4904.0,5500.0,4904.0,6.087275693311582,1836.0,5.666666666666667,Public
Concorde Career College-Memphis,31599.0,,9500.0,,,-6821.0,,Private_forprofit
Cumberland University,57687.0,27840.0,11250.0,27840.0,0.6679956896551724,19267.0,2.028857632220896,Private_nonprofit
Lipscomb University,55541.0,38824.0,15350.0,38824.0,0.035210179270554295,17121.0,3.1641843350271595,Private_nonprofit
Tennessee College of Applied Technology-Dickson,36829.0,,,,,-1591.0,,Public
Dyersburg State Community College,36132.0,4540.0,4475.0,4540.0,5.972907488986784,-2288.0,,Public
East Tennessee State University,44859.0,9950.0,14400.0,9950.0,2.0612060301507538,6439.0,3.781643112284516,Public
Chattanooga College Medical Dental and & Technical Careers,25954.0,10690.0,5457.0,10690.0,0.917399438727783,-12466.0,,Private_forprofit
Tennessee College of Applied Technology-Elizabethton,35069.0,,,,,-3351.0,,Public
The Hair Academy LLC,22193.0,,6740.0,,,-16227.0,,Private_forprofit
Fisk University,45454.0,24298.0,14250.0,24298.0,0.28422092353280104,7034.0,5.4802388399203865,Private_nonprofit
Welch College,42198.0,20796.0,11375.0,20796.0,0.4821600307751491,3778.0,8.515352038115404,Private_nonprofit
Freed-Hardeman University,47485.0,25000.0,16750.0,25000.0,0.2294,9065.0,4.605626034197463,Private_nonprofit
Tennessee College of Applied Technology-Harriman,31591.0,,,,,-6829.0,,Public
Tennessee College of Applied Technology-Hartsville,40469.0,,,,,2049.0,,Public
Tennessee College of Applied Technology-Hohenwald,36106.0,,,,,-2314.0,,Public
Tennessee College of Applied Technology-Jacksboro,36449.0,,,,,-1971.0,,Public
Jackson State Community College,35224.0,4516.0,,4516.0,,-3196.0,,Public
John A Gupton College,46902.0,12040.0,5999.0,12040.0,2.3972591362126248,8482.0,2.126738976656449,Private_nonprofit
Johnson University,40596.0,20318.0,13500.0,20318.0,0.33359582636086227,2176.0,15.541360294117647,Private_nonprofit
Paul Mitchell the School-Murfreesboro,30461.0,,7917.0,,,-7959.0,,Private_forprofit
King University,59831.0,34800.0,18000.0,34800.0,0.20204022988505746,21411.0,2.466022138153286,Private_nonprofit
South College,36642.0,17935.0,9500.0,17935.0,0.5133537775299694,-1778.0,,Private_forprofit
Lane College,31670.0,11790.0,16750.0,11790.0,0.26547921967769295,-6750.0,,Private_nonprofit
Le Moyne-Owen College,35594.0,12076.0,17000.0,12076.0,0.5397482610135806,-2826.0,,Private_nonprofit
Lee University,43222.0,22690.0,19500.0,22690.0,0.04548259144997796,4802.0,8.785922532278217,Private_nonprofit
Lincoln Memorial University,49956.0,26150.0,15337.0,26150.0,0.3238623326959847,11536.0,3.5963072122052706,Private_nonprofit
Tennessee College of Applied Technology-Livingston,33497.0,,,,,-4923.0,,Public
The University of Tennessee Southern,38924.0,10506.0,11175.0,10506.0,1.6412526175518751,504.0,43.017857142857146,Public
Maryville College,49279.0,38514.0,15000.0,38514.0,-0.10996001454016721,10859.0,4.928078091905332,Private_nonprofit
Tennessee College of Applied Technology-McKenzie,36720.0,,,,,-1700.0,,Public
Genesis Career College-Cookeville,22652.0,,5500.0,,,-15768.0,,Private_forprofit
Meharry Medical College,,,,,,,,Private_nonprofit
Tennessee College of Applied Technology-Memphis,31192.0,,,,,-7228.0,,Public
University of Memphis,48458.0,10344.0,15809.0,10344.0,2.156322505800464,10038.0,2.6053994819685196,Public
Memphis Theological Seminary,,,,,,,,Private_nonprofit
Middle Tennessee State University,48541.0,9506.0,14093.0,9506.0,2.623816536924048,10121.0,2.331686592233969,Public
Middle Tennessee School of Anesthesia Inc,,,,,,,,Private_nonprofit
Tennessee College of Applied Technology-Morristown,38837.0,,,,,417.0,,Public
Motlow State Community College,40397.0,4536.0,3000.0,4536.0,7.2444885361552025,1977.0,3.811836115326252,Public
Tennessee College of Applied Technology-Murfreesboro,40869.0,,,,,2449.0,,Public
Lincoln College of Technology-Nashville,46396.0,,9524.0,,,7976.0,,Private_forprofit
Nashville State Community College,38519.0,4498.0,6500.0,4498.0,6.118497109826589,99.0,111.0909090909091,Public
Tennessee College of Applied Technology Northwest,38514.0,,,,,94.0,,Public
Tennessee College of Applied Technology-Henry/Carroll,29074.0,,,,,-9346.0,,Public
Tennessee College of Applied Technology-Pulaski,40368.0,,,,,1948.0,,Public
Rhodes College,66651.0,54892.0,19349.0,54892.0,-0.13827151497485973,28231.0,2.6297686939888774,Private_nonprofit
Roane State Community College,39407.0,4762.0,6426.0,4762.0,5.925871482570349,987.0,11.335359675785208,Public
Tennessee College of Applied Technology-Crump,30796.0,,,,,-7624.0,,Public
Southwest Tennessee Community College,34071.0,4550.0,,4550.0,,-4349.0,,Public
Tennessee College of Applied Technology-Shelbyville,38700.0,,,,,280.0,,Public
The University of the South,64911.0,53698.0,17750.0,53698.0,-0.12173637751871579,26491.0,2.6970669283907744,Private_nonprofit
Tennessee College of Applied Technology-Oneida-Huntsville,31949.0,,,,,-6471.0,,Public
Tennessee College of Applied Technology-Crossville,35551.0,,,,,-2869.0,,Public
Tennessee College of Applied Technology-McMinnville,40322.0,,,,,1902.0,,Public
Tennessee College of Applied Technology-Jackson,38383.0,,,,,-37.0,,Public
Tennessee College of Applied Technology-Knoxville,37235.0,,,,,-1185.0,,Public
Pellissippi State Community College,38440.0,4576.0,5500.0,4576.0,6.198426573426573,20.0,503.8,Public
Southern Adventist University,53723.0,25590.0,18000.0,25590.0,0.3959749902305588,15303.0,2.8484610860615565,Private_nonprofit
Southern College of Optometry,,,,,,,,Private_nonprofit
Tennessee Wesleyan University,45989.0,29264.0,14000.0,29264.0,0.09311782394751231,7569.0,5.7159466243889545,Private_nonprofit
The University of Tennessee-Chattanooga,51151.0,10144.0,12000.0,10144.0,2.8595228706624605,12731.0,1.7393763255046737,Public
The University of Tennessee-Knoxville,60249.0,13484.0,16000.0,13484.0,2.2815929991100563,21829.0,1.3506802876906867,Public
The University of Tennessee-Martin,44213.0,10208.0,12981.0,10208.0,2.0595611285266457,5793.0,4.00293457621267,Public
Tennessee School of Beauty of Knoxville Inc,19913.0,,5500.0,,,-18507.0,,Private_forprofit
Tennessee State University,42730.0,8568.0,17500.0,8568.0,1.9446778711484594,4310.0,6.048259860788863,Public
Tennessee Technological University,48501.0,10084.0,11000.0,10084.0,2.718861562871876,10081.0,2.0914591806368414,Public
Trevecca Nazarene University,49378.0,29790.0,14750.0,29790.0,0.16240349110439745,10958.0,4.064610330352254,Private_nonprofit
Northeast State Community College,34553.0,4542.0,3500.0,4542.0,5.836856010568032,-3867.0,,Public
Tusculum University,44367.0,28500.0,14250.0,28500.0,0.056736842105263155,5947.0,7.18849840255591,Private_nonprofit
Union University,53990.0,38450.0,16666.0,38450.0,-0.02928478543563069,15570.0,3.5398843930635837,Private_nonprofit
Vanderbilt University,91565.0,63946.0,12913.0,63946.0,0.22997529165233166,53145.0,1.446213190328347,Private_nonprofit
Volunteer State Community College,41150.0,4524.0,4727.0,4524.0,7.05106100795756,2730.0,3.3886446886446886,Public
Walters State Community College,37085.0,4519.0,3277.0,4519.0,6.481301172825846,-1335.0,,Public
William R Moore College of Technology,32194.0,9678.0,,9678.0,,-6226.0,,Private_nonprofit
Abilene Christian University,55736.0,42380.0,14750.0,42380.0,-0.032892873997168476,17316.0,3.299260799260799,Private_nonprofit
Alvin Community College,45762.0,1834.0,3500.0,1834.0,22.04362050163577,7342.0,0.7265050394987742,Public
Amarillo College,41302.0,2136.0,9500.0,2136.0,13.888576779026216,2882.0,4.037473976405274,Public
Amberton University,,,,,,,,Private_nonprofit
Angelina College,37301.0,3150.0,,3150.0,,-1119.0,,Public
Angelo State University,50116.0,8319.0,12394.0,8319.0,3.5344392354850345,11696.0,1.7709473324213407,Public
Arlington Baptist University,44644.0,19290.0,9500.0,19290.0,0.8218766200103681,6224.0,4.625642673521851,Private_nonprofit
Arlington Career Institute,36674.0,,8015.0,,,-1746.0,,Private_forprofit
Austin College,61296.0,46500.0,17500.0,46500.0,-0.058150537634408604,22876.0,2.7976919041790524,Private_nonprofit
Austin Community College District,43177.0,2550.0,6126.0,2550.0,13.529803921568627,4757.0,1.8238385537103217,Public
Austin Presbyterian Theological Seminary,,,,,,,,Private_nonprofit
Baldwin Beauty School-South Austin,24801.0,,5500.0,,,-13619.0,,Private_forprofit
Baptist Health System School of Health Professions,74220.0,14675.0,14342.0,14675.0,3.0802725724020443,35800.0,0.8105307262569832,Private_forprofit
Baptist Missionary Association Theological Seminary,,10050.0,,10050.0,,,,Private_nonprofit
Baylor College of Medicine,,,,,,,,Private_nonprofit
Baylor University,65793.0,54844.0,19500.0,54844.0,-0.15591495879221062,27373.0,2.7159609834508456,Private_nonprofit
Coastal Bend College,35086.0,2933.0,7445.0,2933.0,8.424139106716673,-3334.0,,Public
Blinn College District,46318.0,4580.0,5500.0,4580.0,7.912227074235808,7898.0,1.2762724740440619,Public
Remington College-Dallas Campus,31349.0,23785.0,9500.0,23785.0,-0.08139583771284423,-7071.0,,Private_nonprofit
Vet Tech Institute of Houston,35765.0,16024.0,12000.0,16024.0,0.48308786819770344,-2655.0,,Private_forprofit
Brazosport College,45910.0,2388.0,4250.0,2388.0,16.445561139028477,7490.0,0.8862483311081442,Public
Central Texas College,40995.0,3150.0,5250.0,3150.0,10.347619047619048,2575.0,3.262135922330097,Public
Charles and Sues School of Hair Design,27724.0,,7770.0,,,-10696.0,,Private_forprofit
Cisco College,39092.0,4110.0,6500.0,4110.0,6.92992700729927,672.0,15.788690476190476,Public
Clarendon College,38696.0,3720.0,5500.0,3720.0,7.923655913978495,276.0,33.405797101449274,Public
Concordia University Texas,60883.0,36690.0,15134.0,36690.0,0.24690651403652222,22463.0,2.3070827583136713,Private_nonprofit
BK Cosmo College of Cosmetology,20270.0,,9500.0,,,-18150.0,,Private_forprofit
North Central Texas College,45809.0,2520.0,6020.0,2520.0,14.789285714285715,7389.0,1.155772093652727,Public
Texas A & M University-Corpus Christi,51865.0,9748.0,15273.0,9748.0,2.7537956503898235,13445.0,1.860989215321681,Public
Paul Mitchell the School-Dallas,28693.0,,7457.0,,,-9727.0,,Private_forprofit
Dallas Baptist University,56807.0,38140.0,16000.0,38140.0,0.06992658626114316,18387.0,2.944471637570022,Private_nonprofit
Dallas Christian College,43503.0,20260.0,15000.0,20260.0,0.4068608094768016,5083.0,6.936848317922487,Private_nonprofit
Dallas Institute of Funeral Service,45866.0,13496.0,7664.0,13496.0,1.8306164789567279,7446.0,2.8417942519473542,Private_nonprofit
Dallas Theological Seminary,,,,,,,,Private_nonprofit
University of Dallas,58285.0,50880.0,18478.0,50880.0,-0.21762971698113207,19865.0,3.4914674049836396,Private_nonprofit
Del Mar College,38656.0,3440.0,3500.0,3440.0,9.219767441860466,236.0,29.406779661016948,Public
East Texas Baptist University,52788.0,30050.0,15030.0,30050.0,0.25650582362728785,14368.0,3.137527839643653,Private_nonprofit
Texas A&M University-Texarkana,45515.0,7930.0,12500.0,7930.0,3.1633039092055486,7095.0,2.879492600422833,Public
Texas A & M University-Commerce,50296.0,10026.0,14250.0,10026.0,2.5952523439058446,11876.0,2.0441226002020882,Public
Dallas College,41714.0,2370.0,5500.0,2370.0,14.280168776371308,3294.0,2.389192471159684,Public
El Paso Community College,35212.0,3274.0,5231.0,3274.0,8.157299938912645,-3208.0,,Public
Western Technical College,36156.0,,13406.0,,,-2264.0,,Private_forprofit
Western Technical College,36156.0,,13406.0,,,-2264.0,,Private_forprofit
Episcopal Theological Seminary of the Southwest,,,,,,,,Private_nonprofit
Exposito School of Hair Design,20397.0,,4750.0,,,-18023.0,,Private_forprofit
Fort Worth Beauty School,22139.0,,4750.0,,,-16281.0,,Private_forprofit
Frank Phillips College,37179.0,3712.0,5500.0,3712.0,7.534213362068965,-1241.0,,Public
Galveston College,37233.0,2546.0,7250.0,2546.0,10.776512175962294,-1187.0,,Public
Graham's Barber College,,,,,,,,Private_forprofit
Grayson College,40873.0,2910.0,7500.0,2910.0,10.468384879725086,2453.0,4.24378312270689,Public
Hallmark University,40183.0,,18989.0,,,1763.0,,Private_nonprofit
Hardin-Simmons University,54771.0,31686.0,13359.0,31686.0,0.3069494413936754,16351.0,2.754877377530426,Private_nonprofit
Trinity Valley Community College,38567.0,2640.0,6707.0,2640.0,11.068181818181818,147.0,63.585034013605444,Public
Hill College,39572.0,3570.0,8088.0,3570.0,7.819047619047619,1152.0,10.119791666666666,Public
Houston Christian University,55933.0,38100.0,11000.0,38100.0,0.17934383202099738,17513.0,2.803631587963227,Private_nonprofit
University of Houston-Clear Lake,59004.0,7746.0,13548.0,7746.0,4.86831913245546,20584.0,1.0344928099494752,Public
Houston Community College,39254.0,2040.0,8752.0,2040.0,13.951960784313725,834.0,12.940047961630695,Public
University of Houston-Downtown,53551.0,7708.0,13750.0,7708.0,4.16359626362221,15131.0,1.4181481726257352,Public
University of Houston-Victoria,54467.0,7499.0,13565.0,7499.0,4.454327243632484,16047.0,1.312644107932947,Public
University of Houston,62377.0,9711.0,14000.0,9711.0,3.981670270826897,23957.0,0.9897316024543975,Public
Howard College,38382.0,2766.0,6250.0,2766.0,10.616775126536515,-38.0,,Public
Howard Payne University,48376.0,33322.0,11892.0,33322.0,0.09489226336954565,9956.0,4.541382081157091,Private_nonprofit
Huston-Tillotson University,42937.0,14703.0,15999.0,14703.0,0.8321431000476094,4517.0,6.796989152092096,Private_nonprofit
University of the Incarnate Word,56733.0,35660.0,21231.0,35660.0,-0.00443073471676949,18313.0,3.1065909463222847,Private_nonprofit
Jacksonville College-Main Campus,38885.0,8220.0,3500.0,8220.0,3.3047445255474455,465.0,25.204301075268816,Private_nonprofit
Jarvis Christian University,32992.0,11720.0,12000.0,11720.0,0.7911262798634813,-5428.0,,Private_nonprofit
KD Conservatory College of Film and Dramatic Arts,30187.0,18080.0,12000.0,18080.0,0.005918141592920354,-8233.0,,Private_forprofit
Kilgore College,37975.0,2160.0,9500.0,2160.0,12.18287037037037,-445.0,,Public
Lamar University,49652.0,8690.0,12500.0,8690.0,3.275258918296893,11232.0,1.8865740740740742,Public
Lamar State College-Orange,36587.0,2832.0,8125.0,2832.0,9.050141242937853,-1833.0,,Public
Lamar State College-Port Arthur,37120.0,1770.0,7125.0,1770.0,15.94632768361582,-1300.0,,Public
Laredo College,33934.0,3300.0,2334.0,3300.0,8.575757575757576,-4486.0,,Public
Texas A & M International University,48386.0,7846.0,11000.0,7846.0,3.764975783838899,9966.0,1.8910295003010236,Public
Lee College,42178.0,2166.0,5813.0,2166.0,15.789012003693443,3758.0,2.123203831825439,Public
LeTourneau University,57103.0,35500.0,19000.0,35500.0,0.07332394366197183,18683.0,2.917090403040197,Private_nonprofit
Lincoln College of Technology-Grand Prairie,46396.0,,9524.0,,,7976.0,,Private_forprofit
Lubbock Christian University,53787.0,27298.0,15750.0,27298.0,0.39339878379368454,15367.0,2.8013275200104117,Private_nonprofit
College of the Mainland,39639.0,1773.0,5156.0,1773.0,18.44895657078398,1219.0,5.684167350287121,Public
University of Mary Hardin-Baylor,56132.0,33150.0,15750.0,33150.0,0.21815987933634992,17712.0,2.760840108401084,Private_nonprofit
McLennan Community College,39163.0,3660.0,6136.0,3660.0,8.023770491803278,743.0,13.184387617765815,Public
McMurry University,48779.0,31372.0,19000.0,31372.0,-0.05077776361086319,10359.0,4.862631528139782,Private_nonprofit
Covenant School of Nursing and Allied Health,78724.0,,10399.0,,,40304.0,,Private_nonprofit
Midland College,43958.0,3030.0,6300.0,3030.0,11.428382838283829,5538.0,1.6847237269772481,Public
Midwestern State University,55747.0,10310.0,13051.0,10310.0,3.1412221144519883,17327.0,1.348242627113753,Public
William Edge Institute,23040.0,,,,,-15380.0,,Private_forprofit
Wade College,36657.0,17692.0,14608.0,17692.0,0.24626950033913633,-1763.0,,Private_forprofit
Southern Careers Institute-Austin,27035.0,,7389.0,,,-11385.0,,Private_forprofit
Tint School of Makeup & Cosmetology,26381.0,,4750.0,,,-12039.0,,Private_forprofit
Navarro College,38716.0,3008.0,7926.0,3008.0,9.236037234042554,296.0,36.939189189189186,Public
Lone Star College System,42466.0,3090.0,5500.0,3090.0,10.963106796116504,4046.0,2.1230845279288184,Public
University of North Texas,57010.0,11164.0,14000.0,11164.0,2.8525618058043714,18590.0,1.3536309844002152,Public
Northeast Texas Community College,37870.0,2794.0,9500.0,2794.0,9.153901216893344,-550.0,,Public
Oblate School of Theology,,,,,,,,Private_nonprofit
Ocean Corporation,53474.0,,9500.0,,,15054.0,,Private_forprofit
Odessa College,42026.0,2640.0,6000.0,2640.0,12.646212121212121,3606.0,2.3960066555740434,Public
Ogle School Hair Skin Nails-Arlington,31055.0,,7916.0,,,-7365.0,,Private_forprofit
Ogle School Hair Skin Nails-Ft Worth,26885.0,,7369.0,,,-11535.0,,Private_forprofit
Our Lady of the Lake University,48675.0,31728.0,17084.0,31728.0,-0.004317952597075138,10255.0,4.759824475865432,Private_nonprofit
The University of Texas Rio Grande Valley,49620.0,9859.0,9593.0,9859.0,3.0599452277107213,11200.0,1.7367857142857144,Public
Texas Southmost College,41900.0,3148.0,6125.0,3148.0,10.3643583227446,3480.0,2.6646551724137932,Public
Panola College,36072.0,2280.0,6000.0,2280.0,12.189473684210526,-2348.0,,Public
Paris Junior College,36515.0,2580.0,4300.0,2580.0,11.486434108527131,-1905.0,,Public
Paul Quinn College,29288.0,13498.0,11090.0,13498.0,0.3481997332938213,-9132.0,,Private_nonprofit
Prairie View A & M University,45411.0,11299.0,17500.0,11299.0,1.4702186034162315,6991.0,4.119439279073094,Public
Ranger College,35552.0,4725.0,5792.0,4725.0,5.298412698412698,-2868.0,,Public
Aviation Institute of Maintenance-Houston,58327.0,16757.0,21413.0,16757.0,1.2029002804797995,19907.0,1.917415984327121,Private_forprofit
Rice University,89718.0,58128.0,9716.0,58128.0,0.3763074593999449,51298.0,1.3225466879800383,Private_nonprofit
Saint Edward's University,58826.0,51384.0,20000.0,51384.0,-0.2443951424567959,20406.0,3.498186807801627,Private_nonprofit
St Philip's College,38224.0,3412.0,7250.0,3412.0,8.077960140679954,-196.0,,Public
University of St Thomas,59224.0,33660.0,12548.0,33660.0,0.38669043374925727,20804.0,2.2211113247452414,Private_nonprofit
Sam Houston State University,54211.0,9228.0,16500.0,9228.0,3.086584308625921,15791.0,1.6292825026914064,Public
San Antonio College,39711.0,3412.0,6500.0,3412.0,8.73358733880422,1291.0,7.677769171185128,Public
San Jacinto Community College,43062.0,1992.0,5750.0,1992.0,17.730923694779115,4642.0,1.6678155967255492,Public
Schreiner University,52228.0,37396.0,13500.0,37396.0,0.03561878275751417,13808.0,3.685979142526072,Private_nonprofit
Seguin Beauty School-Seguin,21891.0,,8427.0,,,-16529.0,,Private_forprofit
St. Mary's University,56955.0,36242.0,19500.0,36242.0,0.033469455328072405,18535.0,3.007391421634745,Private_nonprofit
South Plains College,41276.0,2581.0,6724.0,2581.0,12.38705927934909,2856.0,3.2580532212885154,Public
South Texas Barber College Inc,25734.0,,,,,-12686.0,,Private_forprofit
South Texas College of Law Houston,,,,,,,,Private_nonprofit
South Texas Vocational Technical Institute-Weslaco,31102.0,,10661.0,,,-7318.0,,Private_forprofit
Miller-Motte College-STVT-McAllen,31102.0,,10661.0,,,-7318.0,,Private_forprofit
Southern Methodist University,78354.0,64460.0,15311.0,64460.0,-0.021982624883648775,39934.0,1.9975709921370262,Private_nonprofit
Southwest School of Business and Technical Careers-San Antonio,24251.0,,7226.0,,,-14169.0,,Private_forprofit
Southwest Texas Junior College,35563.0,2646.0,5750.0,2646.0,10.267195767195767,-2857.0,,Public
Southwestern Assemblies of God University,46238.0,18610.0,14750.0,18610.0,0.691993551853842,7818.0,4.267075978511128,Private_nonprofit
Southwestern University,56878.0,51058.0,19500.0,51058.0,-0.26793058874221476,18458.0,3.8226243363311303,Private_nonprofit
Stephen F Austin State University,49634.0,10600.0,17750.0,10600.0,2.0079245283018867,11214.0,2.5280898876404496,Public
Texas State University,56906.0,11450.0,14993.0,11450.0,2.660524017467249,18486.0,1.430433841826247,Public
Southwestern Adventist University,52946.0,24588.0,21500.0,24588.0,0.27891654465592974,14526.0,3.1727936114553215,Private_nonprofit
Southwestern Christian College,32672.0,12121.0,,12121.0,,-5748.0,,Private_nonprofit
Sul Ross State University,41871.0,7592.0,11000.0,7592.0,3.066253951527924,3451.0,5.387423935091278,Public
Tarleton State University,53040.0,7878.0,13989.0,7878.0,3.956968773800457,14620.0,1.4956908344733242,Public
Tarrant County College District,42727.0,1728.0,5500.0,1728.0,20.54340277777778,4307.0,1.6781982818667285,Public
Temple College,38678.0,3000.0,7991.0,3000.0,9.229,258.0,42.60077519379845,Public
University of Texas Southwestern Medical Center,76860.0,,,,,38440.0,,Public
The University of Texas Health Science Center at San Antonio,82206.0,,15000.0,,,43786.0,,Public
The University of Texas Medical Branch at Galveston,92961.0,,12678.0,,,54541.0,,Public
Texarkana College,34647.0,2476.0,9487.0,2476.0,9.161550888529886,-3773.0,,Public
Texas A & M University-Kingsville,51450.0,9892.0,15873.0,9892.0,2.596542660735948,13030.0,1.9773599386032232,Public
Texas A & M University-College Station,72097.0,13099.0,15000.0,13099.0,3.358882357431865,33677.0,0.8343676693292158,Public
The University of Texas at Arlington,63199.0,11728.0,11791.0,11728.0,3.383356070941337,24779.0,0.9491504903345575,Public
The University of Texas at Austin,75121.0,11678.0,18909.0,11678.0,3.8134954615516357,36701.0,0.8334105337729217,Public
The University of Texas at Dallas,68227.0,14564.0,13750.0,14564.0,2.7405245811590224,29807.0,0.9499110947092965,Public
The University of Texas at El Paso,50923.0,9744.0,12573.0,9744.0,2.9357553366174054,12503.0,1.784931616412061,Public
The University of Texas at Tyler,57053.0,9920.0,12500.0,9920.0,3.4912298387096774,18633.0,1.2032415606719262,Public
Texas Chiropractic College Foundation Inc,,,,,,,,Private_nonprofit
Texas Christian University,68424.0,57220.0,19000.0,57220.0,-0.13624606780845858,30004.0,2.540327956272497,Private_nonprofit
Texas College,33752.0,10008.0,19500.0,10008.0,0.4240607513988809,-4668.0,,Private_nonprofit
University of North Texas Health Science Center,93615.0,,,,,55195.0,,Public
Texas Lutheran University,53863.0,34920.0,14315.0,34920.0,0.1325315005727377,15443.0,3.188175872563621,Private_nonprofit
The University of Texas Permian Basin,56073.0,10904.0,12285.0,10904.0,3.015774027879677,17653.0,1.31360108763383,Public
The University of Texas at San Antonio,57131.0,8991.0,15000.0,8991.0,3.685908130352575,18711.0,1.2821869488536155,Public
Texas Southern University,38924.0,9173.0,16250.0,9173.0,1.4718194701842364,504.0,50.442460317460316,Public
Texas Tech University,62454.0,11852.0,15250.0,11852.0,2.9827877151535604,24034.0,1.1276524923025713,Public
Texas Wesleyan University,54053.0,37934.0,13992.0,37934.0,0.05607107080719144,15633.0,3.3215633595599052,Private_nonprofit
Texas Woman's University,56544.0,8648.0,14000.0,8648.0,3.919518963922294,18124.0,1.2496137717943059,Public
Trinity University,71668.0,51352.0,19500.0,51352.0,0.01589032559588721,33248.0,2.131015399422522,Private_nonprofit
The University of Texas Health Science Center at Houston,88757.0,,12500.0,,,50337.0,,Public
Texas Tech University Health Sciences Center,92348.0,,11250.0,,,53928.0,,Public
Tyler Junior College,38140.0,3112.0,6500.0,3112.0,9.167095115681233,-280.0,,Public
Universal Technical Institute of Texas Inc.,51222.0,,11574.0,,,12802.0,,Private_forprofit
UCAS University of Cosmetology Arts & Sciences-McAllen,19880.0,,6083.0,,,-18540.0,,Private_forprofit
Vernon College,40464.0,4080.0,7000.0,4080.0,7.201960784313726,2044.0,5.420743639921722,Public
Victoria Beauty & Barber College,18831.0,,6222.0,,,-19589.0,,Private_forprofit
Victoria College,42382.0,2853.0,7256.0,2853.0,11.311952330879775,3962.0,2.5514891468955074,Public
Vogue College of Cosmetology-McAllen,,,6333.0,,,,,Private_forprofit
Wayland Baptist University,51838.0,23186.0,15467.0,23186.0,0.5686621236953334,13418.0,2.8806826650767627,Private_nonprofit
Weatherford College,42397.0,4560.0,6500.0,4560.0,6.872149122807017,3977.0,2.780990696504903,Public
West Texas A & M University,50741.0,9101.0,12620.0,9101.0,3.188660586748709,12321.0,1.7629250872494115,Public
Western Texas College,42508.0,3240.0,5500.0,3240.0,10.422222222222222,4088.0,2.1379647749510764,Public
Wharton County Junior College,44960.0,2916.0,5500.0,2916.0,12.532235939643346,6540.0,1.2868501529051988,Public
Wiley University,33159.0,12500.0,16833.0,12500.0,0.30608,-5261.0,,Private_nonprofit
Bridgerland Technical College,38347.0,,,,,-73.0,,Public
Brigham Young University,75790.0,6496.0,8310.0,6496.0,9.387931034482758,37370.0,0.3962001605565962,Private_nonprofit
Brigham Young University-Hawaii,52064.0,6438.0,5500.0,6438.0,6.2326809568188875,13644.0,0.8749633538551744,Private_nonprofit
Cameo College of Essential Beauty,32364.0,,5481.0,,,-6056.0,,Private_forprofit
Collectiv Academy,29334.0,,9000.0,,,-9086.0,,Private_forprofit
Davis Technical College,41734.0,,,,,3314.0,,Public
Utah Tech University,44570.0,6074.0,7191.0,6074.0,5.153934804082977,6150.0,2.156910569105691,Public
Evans Hairstyling College-Cedar City,,,,,,,,Private_forprofit
Evans Hairstyling College-St George,16916.0,,,,,-21504.0,,Private_forprofit
Paul Mitchell the School-Salt Lake City,26893.0,,7666.0,,,-11527.0,,Private_forprofit
Eagle Gate College-Murray,37518.0,16491.0,20000.0,16491.0,0.06227639318416106,-902.0,,Private_forprofit
Ensign College,50630.0,3888.0,3500.0,3888.0,11.121913580246913,12210.0,0.6050778050778051,Private_nonprofit
Ogden-Weber Technical College,35032.0,,,,,-3388.0,,Public
Snow College,41022.0,4564.0,4500.0,4564.0,7.002191060473269,2602.0,3.4834742505764797,Public
Southern Utah University,50296.0,6770.0,7751.0,6770.0,5.284342688330871,11876.0,1.2227180868979455,Public
Uintah Basin Technical College,28178.0,,,,,-10242.0,,Public
Utah State University,54022.0,9228.0,9500.0,9228.0,3.8246640658864326,15602.0,1.2003589283425202,Public
Utah Valley University,55486.0,6270.0,8899.0,6270.0,6.430143540669857,17066.0,0.8888433141919606,Public
Salt Lake Community College,47867.0,4257.0,4408.0,4257.0,9.208832511158093,9447.0,0.9172223986450725,Public
University of Utah,67170.0,9315.0,14000.0,9315.0,4.707997852925389,28750.0,0.8109565217391305,Public
Weber State University,56287.0,6391.0,9666.0,6391.0,6.294789547801596,17867.0,0.8986959198522415,Public
Westminster University,66215.0,41416.0,18500.0,41416.0,0.15209097933165927,27795.0,2.155639503507825,Private_nonprofit
Bennington College,38289.0,64644.0,19250.0,64644.0,-0.7054792401460306,-131.0,,Private_nonprofit
Champlain College,58386.0,45550.0,19500.0,45550.0,-0.14630076838638859,19966.0,3.258038665731744,Private_nonprofit
Community College of Vermont,36234.0,3560.0,5702.0,3560.0,7.576404494382023,-2186.0,,Public
Goddard College,25552.0,19568.0,16750.0,19568.0,-0.5501839738348324,-12868.0,,Private_nonprofit
Middlebury College,76310.0,65280.0,11522.0,65280.0,-0.007536764705882353,37890.0,2.02697281604645,Private_nonprofit
Norwich University,65575.0,49600.0,17501.0,49600.0,-0.030766129032258064,27155.0,2.4710366415024856,Private_nonprofit
O'Briens Aveda Institute,,,6333.0,,,,,Private_forprofit
Saint Michael's College,61317.0,50040.0,21500.0,50040.0,-0.20429656274980015,22897.0,3.1244267808009782,Private_nonprofit
SIT Graduate Institute,,,,,,,,Private_nonprofit
Sterling College,30573.0,40760.0,13625.0,40760.0,-0.5842001962708537,-7847.0,,Private_nonprofit
Vermont Law and Graduate School,,,,,,,,Private_nonprofit
Vermont State University,50331.0,11400.0,11000.0,11400.0,2.4500877192982458,11911.0,1.880614557971623,Public
University of Vermont,62472.0,18890.0,17500.0,18890.0,1.3807305452620433,24052.0,1.5129718942291701,Public
Paul Mitchell the School-Roanoke,19217.0,,9500.0,,,-19203.0,,Private_forprofit
Advanced Technology Institute,46342.0,14568.0,12000.0,14568.0,1.3573585941790225,7922.0,3.3536985609694523,Private_forprofit
Averett University,51516.0,38550.0,16750.0,38550.0,-0.09815823605706875,13096.0,4.222663408674404,Private_nonprofit
Blue Ridge Community College,42644.0,5502.0,6500.0,5502.0,5.569247546346783,4224.0,2.8413825757575757,Public
Bluefield University,48896.0,29696.0,13000.0,29696.0,0.2087823275862069,10476.0,4.0756013745704465,Private_nonprofit
Bridgewater College,53453.0,41350.0,17500.0,41350.0,-0.1305199516324063,15033.0,3.9147209472493847,Private_nonprofit
William & Mary,73490.0,25040.0,15500.0,25040.0,1.3158945686900958,35070.0,1.1559737667522099,Public
Regent University,44498.0,20686.0,11000.0,20686.0,0.6193560862419027,6078.0,5.213228035538006,Private_nonprofit
Central School of Practical Nursing,59399.0,,,,,20979.0,,Public
Central Virginia Community College,36627.0,4998.0,5500.0,4998.0,5.227891156462585,-1793.0,,Public
Christopher Newport University,60509.0,16351.0,19500.0,16351.0,1.508042321570546,22089.0,1.6230250350853366,Public
Bryant & Stratton College-Virginia Beach,32568.0,18457.0,9500.0,18457.0,0.24982391504578208,-5852.0,,Private_nonprofit
Mountain Gateway Community College,34293.0,4878.0,6500.0,4878.0,4.697621976219763,-4127.0,,Public
Danville Community College,31664.0,4848.0,6100.0,4848.0,4.273102310231023,-6756.0,,Public
Eastern Virginia Medical School,,,,,,,,Public
Centura College-Virginia Beach,25930.0,16637.0,10054.0,16637.0,-0.04574141972711426,-12490.0,,Private_forprofit
Emory & Henry University,47385.0,35280.0,18460.0,35280.0,-0.18013038548752835,8965.0,5.9944227551589515,Private_nonprofit
Eastern Mennonite University,54869.0,41860.0,16750.0,41860.0,-0.08936932632584807,16449.0,3.5631345370539242,Private_nonprofit
Eastern Shore Community College,32418.0,4938.0,,4938.0,,-6002.0,,Public
Ferrum College,44296.0,38320.0,14250.0,38320.0,-0.21591858037578288,5876.0,8.946562287270252,Private_nonprofit
George Mason University,76343.0,13815.0,15750.0,13815.0,3.3860296778863552,37923.0,0.7796060438256467,Public
Germanna Community College,39644.0,5066.0,5500.0,5066.0,5.7398341887090405,1224.0,8.632352941176471,Public
Hampden-Sydney College,67640.0,52388.0,19500.0,52388.0,-0.08108727189432695,29220.0,2.4602327173169063,Private_nonprofit
Hampton University,59159.0,29162.0,19500.0,29162.0,0.35995473561484126,20739.0,2.3464005014706593,Private_nonprofit
Hollins University,40075.0,42260.0,22925.0,42260.0,-0.5941788925698059,1655.0,39.38670694864048,Private_nonprofit
J Sargeant Reynolds Community College,39529.0,5136.0,8000.0,5136.0,5.138823987538941,1109.0,11.844905320108206,Public
James Madison University,69954.0,13576.0,17272.0,13576.0,2.880524454920448,31534.0,0.9782457030506755,Public
Brightpoint Community College,41223.0,4938.0,5500.0,4938.0,6.234305386796274,2803.0,3.7238672850517305,Public
Liberty University,44813.0,21222.0,15943.0,21222.0,0.36038073697106776,6393.0,5.813389644924135,Private_nonprofit
Longwood University,52347.0,15200.0,19000.0,15200.0,1.1938815789473685,13927.0,2.4556616643929057,Public
Laurel Ridge Community College,41000.0,4928.0,5982.0,4928.0,6.105925324675325,2580.0,4.228682170542636,Public
University of Lynchburg,56380.0,35540.0,22500.0,35540.0,-0.04670793472144063,17960.0,3.2316258351893095,Private_nonprofit
Centra College,60122.0,12263.0,12000.0,12263.0,2.9241621136752833,21702.0,1.1180075569071974,Private_nonprofit
Mary Baldwin University,44427.0,33157.0,12250.0,33157.0,-0.029556353107941007,6007.0,7.559014483103047,Private_nonprofit
University of Mary Washington,60613.0,14559.0,16250.0,14559.0,2.0471186207843943,22193.0,1.3882305231379264,Public
Marymount University,67516.0,39050.0,20000.0,39050.0,0.21679897567221512,29096.0,2.029488589496838,Private_nonprofit
Sovah School of Health Professions,69924.0,,,,,31504.0,,Private_forprofit
Mountain Empire Community College,32622.0,4863.0,,4863.0,,-5798.0,,Public
American National University,26370.0,10735.0,7567.0,10735.0,0.7515603167210061,-12050.0,,Private_forprofit
New River Community College,40025.0,4835.0,5998.0,4835.0,6.037642192347467,1605.0,6.7495327102803735,Public
Sentara College of Health Sciences,77821.0,,15694.0,,,39401.0,,Private_nonprofit
Tidewater Tech-Trades,31657.0,16337.0,9500.0,16337.0,0.3562465568953908,-6763.0,,Private_forprofit
Norfolk State University,44666.0,9910.0,17277.0,9910.0,1.763773965691221,6246.0,4.352705731668268,Public
Northern Virginia Community College,53557.0,5703.0,7000.0,5703.0,7.1635981062598635,15137.0,0.8392019554733434,Public
Old Dominion University,54914.0,12262.0,16300.0,12262.0,2.1490784537595826,16494.0,1.7316599975748757,Public
Patrick & Henry Community College,33323.0,4858.0,,4858.0,,-5097.0,,Public
Paul D Camp Community College,36031.0,4868.0,5500.0,4868.0,5.27177485620378,-2389.0,,Public
Southside College of Health Sciences,71380.0,,12088.0,,,32960.0,,Private_nonprofit
Piedmont Virginia Community College,40752.0,4928.0,5500.0,4928.0,6.153409090909091,2332.0,4.471698113207547,Public
Radford University,53739.0,12286.0,17500.0,12286.0,1.9496174507569592,15319.0,1.9443827926104837,Public
Sylvain Melloul International Hair Academy,17106.0,,8855.0,,,-21314.0,,Private_forprofit
Randolph-Macon College,58448.0,48002.0,22500.0,48002.0,-0.2511145368942961,20028.0,3.5201717595366486,Private_nonprofit
Randolph College,53409.0,29010.0,17455.0,29010.0,0.2393657359531196,14989.0,3.0999399559677094,Private_nonprofit
Rappahannock Community College,36121.0,4958.0,,4958.0,,-2299.0,,Public
Fortis College-Norfolk,32754.0,14083.0,9396.0,14083.0,0.6585954697152595,-5666.0,,Private_forprofit
Richard Bland College,41452.0,8850.0,5750.0,8850.0,3.0341242937853106,3032.0,4.8153034300791555,Public
Bon Secours Memorial College of Nursing,77014.0,,23933.0,,,38594.0,,Private_nonprofit
University of Richmond,76178.0,62600.0,19000.0,62600.0,-0.08661341853035144,37758.0,2.161131415858891,Private_nonprofit
Riverside College of Health Careers,66072.0,14875.0,14250.0,14875.0,2.4838319327731093,27652.0,1.053269202950962,Private_nonprofit
Roanoke College,58047.0,36774.0,22313.0,36774.0,-0.028280850600968074,19627.0,3.0104957456564936,Private_nonprofit
Bon Secours St Mary's Hospital School of Medical Imaging,65432.0,,,,,27012.0,,Private_nonprofit
Shenandoah University,58433.0,36028.0,19500.0,36028.0,0.08063173087598534,20013.0,2.7745965122670264,Private_nonprofit
Southeastern Free Will Baptist Bible College,,11250.0,5000.0,11250.0,,,,Private_nonprofit
Southern Virginia University,50002.0,20040.0,14250.0,20040.0,0.7840319361277445,11582.0,2.960628561561043,Private_nonprofit
Southside Virginia Community College,32371.0,4848.0,,4848.0,,-6049.0,,Public
Southwest Virginia Community College,34221.0,4901.0,,4901.0,,-4199.0,,Public
Staunton School of Cosmetology,22660.0,,9500.0,,,-15760.0,,Private_forprofit
Strayer University-Virginia,40092.0,13920.0,14000.0,13920.0,0.8744252873563219,1672.0,16.698564593301434,Private_forprofit
Sweet Briar College,51943.0,25110.0,21000.0,25110.0,0.2322978892871366,13523.0,3.409746358056644,Private_nonprofit
Virginia Peninsula Community College,37996.0,4944.0,7130.0,4944.0,5.243122977346278,-424.0,,Public
Tidewater Community College,38349.0,5714.0,5810.0,5714.0,4.694609730486524,-71.0,,Public
Union Presbyterian Seminary,,,,,,,,Private_nonprofit
University of Virginia's College at Wise,45325.0,11656.0,10695.0,11656.0,1.9710020590253947,6905.0,3.2369297610427226,Public
Virginia Highlands Community College,32681.0,4863.0,,4863.0,,-5739.0,,Public
Virginia Polytechnic Institute and State University,81698.0,15478.0,19000.0,15478.0,3.0507817547486757,43278.0,0.7966634317667175,Public
Virginia Western Community College,38787.0,5256.0,7200.0,5256.0,5.009703196347032,367.0,33.940054495912804,Public
Virginia Commonwealth University,58128.0,16458.0,17021.0,16458.0,1.4976910924778224,19708.0,1.6987517759285569,Public
University of Virginia-Main Campus,86863.0,20986.0,15153.0,20986.0,2.417039931382827,48443.0,0.7460107755506471,Public
Virginia Military Institute,77369.0,20484.0,19000.0,20484.0,1.8494922866627612,38949.0,1.0137359110631852,Public
Asher Institute of Hampton,18710.0,,7250.0,,,-19710.0,,Private_forprofit
Virginia University of Lynchburg,28396.0,9248.0,9859.0,9248.0,1.0044333910034602,-10024.0,,Private_nonprofit
Virginia State University,45543.0,9755.0,17500.0,9755.0,1.874730907227063,7123.0,3.8263372174645514,Public
Virginia Union University,38275.0,14880.0,22500.0,14880.0,0.060147849462365593,-145.0,,Private_nonprofit
Virginia Wesleyan University,50074.0,36960.0,14000.0,36960.0,-0.02397186147186147,11654.0,4.37274755448773,Private_nonprofit
Washington and Lee University,94810.0,64525.0,16617.0,64525.0,0.211824874079814,56390.0,1.4389430750133003,Private_nonprofit
Wytheville Community College,34303.0,4863.0,6000.0,4863.0,4.820069915689904,-4117.0,,Public
Bellevue College,56310.0,4305.0,8282.0,4305.0,10.156329849012776,17890.0,0.7035774175517049,Public
Bellingham Technical College,49748.0,4226.0,9500.0,4226.0,8.523899668717464,11328.0,1.2116878531073447,Public
Big Bend Community College,43814.0,4909.0,6832.0,4909.0,6.5335098798125895,5394.0,2.1766777901371896,Public
Central Washington University,61580.0,9192.0,13000.0,9192.0,4.28503046127067,23160.0,0.9582037996545768,Public
Centralia College,43140.0,5109.0,,5109.0,,4720.0,,Public
City University of Seattle,69460.0,14589.0,14091.0,14589.0,2.7952567002536157,31040.0,0.9239690721649485,Private_nonprofit
Paul Mitchell the School-Richland,27407.0,,8028.0,,,-11013.0,,Private_forprofit
Clark College,42356.0,4632.0,6666.0,4632.0,6.7050949913644216,3936.0,2.870426829268293,Public
Clover Park Technical College,41787.0,6634.0,9063.0,6634.0,3.9327705758215257,3367.0,4.662013662013662,Public
Columbia Basin College,46680.0,6194.0,7506.0,6194.0,5.324507587988376,8260.0,1.658595641646489,Public
Cornish College of the Arts,33696.0,39913.0,20610.0,39913.0,-0.672136897752612,-4724.0,,Private_nonprofit
Divers Institute of Technology,62489.0,,9355.0,,,24069.0,,Private_forprofit
Eastern Washington University,57897.0,8353.0,14053.0,8353.0,4.2488926134323,19477.0,1.150382502438774,Public
Edmonds College,48144.0,4669.0,7442.0,4669.0,7.717498393660312,9724.0,1.245475113122172,Public
Everett Community College,45434.0,4301.0,6148.0,4301.0,8.134154847709835,7014.0,1.4897348160821215,Public
The Evergreen State College,45320.0,8999.0,15000.0,8999.0,2.3692632514723857,6900.0,3.4781159420289853,Public
Pierce College District,47532.0,4686.0,8532.0,4686.0,7.322663252240717,9112.0,1.4506145741878842,Public
Glen Dow Academy of Hair Design,22925.0,,7917.0,,,-15495.0,,Private_forprofit
Gonzaga University,78892.0,53500.0,20500.0,53500.0,0.0914392523364486,40472.0,1.8284245898398892,Private_nonprofit
Grays Harbor College,40865.0,4751.0,7665.0,4751.0,5.9880025257840455,2445.0,5.078118609406953,Public
Green River College,50712.0,4580.0,7125.0,4580.0,8.516812227074237,12292.0,0.952245362837618,Public
Toni & Guy Hairdressing Academy-Shoreline,29827.0,,7989.0,,,-8593.0,,Private_forprofit
Heritage University,49416.0,19920.0,11925.0,19920.0,0.882078313253012,10996.0,2.896053110221899,Private_nonprofit
Highline College,47869.0,4623.0,6113.0,4623.0,8.032230153579926,9449.0,1.1362048894062864,Public
International Air and Hospitality Academy,52574.0,,6333.0,,,14154.0,,Private_forprofit
Bastyr University,49364.0,,12500.0,,,10944.0,,Private_nonprofit
Bates Technical College,50051.0,5569.0,5563.0,5569.0,6.988507811097145,11631.0,0.9570974120883845,Public
Lake Washington Institute of Technology,50669.0,5156.0,10356.0,5156.0,6.818657874321179,12249.0,1.2663890929871826,Public
Lower Columbia College,40691.0,4346.0,6487.0,4346.0,6.870225494707777,2271.0,4.7701453104359315,Public
BJ's Beauty & Barber College,23216.0,,6333.0,,,-15204.0,,Private_forprofit
North Seattle College,47728.0,5058.0,7000.0,5058.0,7.052194543297746,9308.0,1.295444778685002,Public
Northwest University,54914.0,36035.0,15000.0,36035.0,0.10764534480366311,16494.0,3.0941554504668365,Private_nonprofit
Olympic College,43169.0,4197.0,8000.0,4197.0,7.379556826304503,4749.0,2.5683301747736365,Public
Perry Technical Institute,57764.0,,13364.0,,,19344.0,,Private_nonprofit
Pacific Lutheran University,66990.0,50964.0,17074.0,50964.0,-0.02056353504434503,28570.0,2.3814490724536226,Private_nonprofit
Peninsula College,37078.0,4586.0,9000.0,4586.0,5.122546881814217,-1342.0,,Public
University of Puget Sound,69594.0,59900.0,19250.0,59900.0,-0.15953255425709517,31174.0,2.5389747866812087,Private_nonprofit
Renton Technical College,49782.0,6723.0,6993.0,6723.0,5.364569388665775,11362.0,1.2071818341841225,Public
Saint Martin's University,62092.0,44210.0,15625.0,44210.0,0.05105179823569328,23672.0,2.5276698208854342,Private_nonprofit
South Seattle College,44486.0,4865.0,5478.0,4865.0,7.0180883864337105,6066.0,1.7050774810418727,Public
Seattle Central College,43307.0,4865.0,8943.0,4865.0,6.063514902363823,4887.0,2.8254552895436875,Public
Seattle Pacific University,64506.0,38814.0,16946.0,38814.0,0.22533106611016643,26086.0,2.137545043318255,Private_nonprofit
Seattle University,75272.0,54285.0,16658.0,54285.0,0.07974578612876486,36852.0,1.9250786931509822,Private_nonprofit
Shoreline Community College,52009.0,4388.0,7123.0,4388.0,9.22926162260711,13589.0,0.8470821988372949,Public
Skagit Valley College,43505.0,5620.0,8798.0,5620.0,5.175622775800711,5085.0,2.8353982300884955,Public
South Puget Sound Community College,45039.0,5103.0,6334.0,5103.0,6.584754066235548,6619.0,1.7279045172986855,Public
Spokane Community College,41984.0,4057.0,8625.0,4057.0,7.2225782597978805,3564.0,3.558361391694725,Public
Spokane Falls Community College,38955.0,4058.0,7645.0,4058.0,6.71562345983243,535.0,21.87476635514019,Public
Stylemaster College of Hair Design,20580.0,,7460.0,,,-17840.0,,Private_forprofit
Tacoma Community College,47168.0,4920.0,7718.0,4920.0,7.0182926829268295,8748.0,1.4446730681298583,Public
Walla Walla Community College,43526.0,6513.0,9500.0,6513.0,4.224320589590051,5106.0,3.13611437524481,Public
Walla Walla University,61885.0,33027.0,19306.0,33027.0,0.2892179126169498,23465.0,2.2302578308118473,Private_nonprofit
Washington State University,68905.0,12997.0,14853.0,12997.0,3.158805878279603,30485.0,0.9135640478924061,Public
University of Washington-Seattle Campus,78466.0,12643.0,12375.0,12643.0,4.227477655619711,40046.0,0.6247315587074864,Public
Wenatchee Valley College,41127.0,5118.0,7046.0,5118.0,5.659046502540055,2707.0,4.493535278906538,Public
Western Washington University,62569.0,9286.0,13500.0,9286.0,4.284191255653672,24149.0,0.9435587394923185,Public
Whatcom Community College,44092.0,5146.0,8000.0,5146.0,6.013602798289934,5672.0,2.3177009873060648,Public
Whitman College,67589.0,61492.0,12000.0,61492.0,-0.09599622715149939,29169.0,2.519524152353526,Private_nonprofit
Whitworth University,58561.0,50920.0,18000.0,50920.0,-0.20343676355066773,20141.0,3.421875775780746,Private_nonprofit
Yakima Valley College,43499.0,5163.0,8834.0,5163.0,5.714119697850087,5079.0,2.755857452254381,Public
Appalachian Beauty School,,,,,,,,Private_forprofit
Appalachian Bible College,37467.0,18230.0,6767.0,18230.0,0.6840373011519474,-953.0,,Private_nonprofit
B M Spurr School of Practical Nursing,,,,,,,,Private_nonprofit
Ben Franklin Career Center,37962.0,,,,,-458.0,,Public
Bethany College,44512.0,34816.0,23750.0,34816.0,-0.4036649816176471,6092.0,9.613591595535128,Private_nonprofit
Bluefield State University,38217.0,10240.0,12038.0,10240.0,1.55654296875,-203.0,,Public
Cabell County Career Technology Center,33975.0,,,,,-4445.0,,Public
Charleston School of Beauty Culture,17827.0,,5500.0,,,-20593.0,,Private_forprofit
University of Charleston,55774.0,32842.0,12666.0,32842.0,0.3125875403446806,17354.0,2.622334908378472,Private_nonprofit
Clarksburg Beauty Academy and School of Massage Therapy,16306.0,,6498.0,,,-22114.0,,Private_forprofit
Concord University,42703.0,9700.0,11250.0,9700.0,2.242577319587629,4283.0,4.891431239785197,Public
Davis & Elkins College,43411.0,31270.0,17057.0,31270.0,-0.15721138471378318,4991.0,9.682829092366259,Private_nonprofit
Fairmont State University,46857.0,8454.0,12500.0,8454.0,3.0639933759167257,8437.0,2.483584212397772,Public
Glenville State University,39315.0,9412.0,11123.0,9412.0,1.9953251168720783,895.0,22.94413407821229,Public
Huntington Junior College,21783.0,10050.0,17321.0,10050.0,-0.5560199004975125,-16637.0,,Private_nonprofit
James Rumsey Technical Institute,45133.0,,,,,6713.0,,Public
Ralph R Willis Career and Technical Center,51465.0,,,,,13045.0,,Public
Marshall University,46354.0,8942.0,16750.0,8942.0,2.3106687541936926,7934.0,3.2382152760272245,Public
Mercer County Technical Education Center,33511.0,,,,,-4909.0,,Public
Monongalia County Technical Education Center,40499.0,,,,,2079.0,,Public
Morgantown Beauty College Inc,22230.0,,6052.0,,,-16190.0,,Private_forprofit
West Virginia University at Parkersburg,35171.0,4420.0,8250.0,4420.0,5.090723981900452,-3249.0,,Public
Potomac State College of West Virginia University,55939.0,5040.0,15500.0,5040.0,7.023611111111111,17519.0,1.1724413493920887,Public
Academy of Careers and Technology,32756.0,,,,,-5664.0,,Public
Salem University,34642.0,10750.0,7405.0,10750.0,1.5336744186046511,-3778.0,,Private_forprofit
Shepherd University,49358.0,8642.0,14297.0,8642.0,3.057046979865772,10938.0,2.097184128725544,Public
Southern West Virginia Community and Technical College,32153.0,4944.0,5750.0,4944.0,4.340412621359223,-6267.0,,Public
Fred W Eberle Technical Center,43364.0,,,,,4944.0,,Public
West Virginia School of Osteopathic Medicine,,,,,,,,Public
West Virginia State University,40492.0,9049.0,15250.0,9049.0,1.7894795004972925,2072.0,11.727316602316602,Public
West Virginia University Hospital Departments of Rad Tech and Nutrition,69666.0,,12000.0,,,31246.0,,Private_nonprofit
West Liberty University,43296.0,8732.0,16000.0,8732.0,2.125973431058177,4876.0,5.072190319934372,Public
West Virginia University Institute of Technology,55939.0,8064.0,15500.0,8064.0,4.014756944444445,17519.0,1.3450539414350133,Public
West Virginia Wesleyan College,51593.0,33494.0,15750.0,33494.0,0.0701319639338389,13173.0,3.7382524861459046,Private_nonprofit
West Virginia Junior College-Charleston,27472.0,14544.0,7195.0,14544.0,0.3941831683168317,-10948.0,,Private_forprofit
West Virginia Junior College-Morgantown,31912.0,14313.0,8178.0,14313.0,0.658212813526165,-6508.0,,Private_forprofit
International Beauty School 4,18906.0,,6326.0,,,-19514.0,,Private_forprofit
West Virginia Northern Community College,30162.0,4544.0,6000.0,4544.0,4.317341549295775,-8258.0,,Public
West Virginia University,55939.0,9648.0,15500.0,9648.0,3.19143864013267,17519.0,1.4354700610765454,Public
Wheeling University,57949.0,29475.0,15375.0,29475.0,0.4444105173876166,19529.0,2.2965845665420654,Private_nonprofit
Wood County Technical Center-Practical Nursing,40547.0,,,,,2127.0,,Public
VICI Beauty School,32393.0,,6333.0,,,-6027.0,,Private_forprofit
Alverno College,53145.0,32794.0,22000.0,32794.0,-0.050283588461303895,14725.0,3.7211544991511034,Private_nonprofit
Madison Area Technical College,45413.0,4780.0,8728.0,4780.0,6.674686192468619,6993.0,1.9316459316459316,Public
Bellin College,76222.0,28211.0,15000.0,28211.0,1.1701463967955763,37802.0,1.1430876673191894,Private_nonprofit
Beloit College,53260.0,58554.0,22773.0,58554.0,-0.4793353144106295,14840.0,5.480256064690027,Private_nonprofit
Blackhawk Technical College,41620.0,4170.0,5250.0,4170.0,7.721822541966427,3200.0,2.94375,Public
Carroll University,58009.0,37230.0,22000.0,37230.0,-0.032796132151490735,19589.0,3.0236357139210783,Private_nonprofit
Carthage College,56950.0,36500.0,19500.0,36500.0,0.026027397260273973,18530.0,3.0221262817053427,Private_nonprofit
Concordia University-Wisconsin,56075.0,34250.0,19500.0,34250.0,0.06788321167883211,17655.0,3.0444633248371566,Private_nonprofit
Edgewood College,59728.0,34850.0,19000.0,34850.0,0.16866571018651363,21308.0,2.527219823540454,Private_nonprofit
Fox Valley Technical College,45684.0,4916.0,5834.0,4916.0,7.106183889340928,7264.0,1.4799008810572687,Public
Gateway Technical College,40264.0,4853.0,8000.0,4853.0,5.648258808984133,1844.0,6.970173535791757,Public
The Professional Hair Design Academy,29587.0,,6650.0,,,-8833.0,,Private_forprofit
Lakeland University,55961.0,32286.0,19500.0,32286.0,0.12931301492907143,17541.0,2.952283222165213,Private_nonprofit
Lakeshore Technical College,47113.0,4649.0,5250.0,4649.0,8.00473220047322,8693.0,1.1387323133555733,Public
Lawrence University,55789.0,55461.0,19500.0,55461.0,-0.34568435477182163,17369.0,4.315792503886234,Private_nonprofit
Maranatha Baptist University,45593.0,20280.0,12375.0,20280.0,0.6379684418145957,7173.0,4.552488498536177,Private_nonprofit
Marian University,53501.0,33000.0,17340.0,33000.0,0.09578787878787878,15081.0,3.3379749353491146,Private_nonprofit
Marquette University,78257.0,48700.0,20500.0,48700.0,0.1859753593429158,39837.0,1.7370785952757486,Private_nonprofit
Medical College of Wisconsin,,,,,,,,Private_nonprofit
Mid-State Technical College,42253.0,4886.0,5112.0,4886.0,6.601514531313958,3833.0,2.608400730498304,Public
Milwaukee Area Technical College,41113.0,5017.0,9248.0,5017.0,5.351405222244369,2693.0,5.297066468622354,Public
Milwaukee Institute of Art & Design,41174.0,42268.0,15750.0,42268.0,-0.39850477902905274,2754.0,21.066811909949166,Private_nonprofit
Milwaukee School of Engineering,89070.0,48421.0,24500.0,48421.0,0.3335123190351294,50650.0,1.4397038499506416,Private_nonprofit
Moraine Park Technical College,44371.0,4713.0,5500.0,4713.0,7.247612985359644,5951.0,1.7161821542597884,Public
Mount Mary University,48745.0,34390.0,19000.0,34390.0,-0.13506833381797034,10325.0,5.170944309927361,Private_nonprofit
Nashotah House,,,,,,,,Private_nonprofit
Nicolet Area Technical College,38643.0,4724.0,3500.0,4724.0,6.439246401354784,223.0,36.87892376681614,Public
Northcentral Technical College,44925.0,3861.0,5250.0,3861.0,9.275835275835275,6505.0,1.4006149116064566,Public
Northeast Wisconsin Technical College,44553.0,4904.0,8887.0,4904.0,6.272838499184339,6133.0,2.2486548181966413,Public
Northland College,44560.0,42491.0,15500.0,42491.0,-0.3160904662163752,6140.0,9.444788273615636,Private_nonprofit
Ripon College,54902.0,50700.0,19500.0,50700.0,-0.30173570019723867,16482.0,4.2591918456497995,Private_nonprofit
Sacred Heart Seminary and School of Theology,,,,,,,,Private_nonprofit
Saint Norbert College,58363.0,44432.0,21500.0,44432.0,-0.17035019805545554,19943.0,3.30602216316502,Private_nonprofit
State College of Beauty Culture Inc,28037.0,,5500.0,,,-10383.0,,Private_forprofit
Southwest Wisconsin Technical College,43470.0,4796.0,5500.0,4796.0,6.917014178482068,5050.0,2.038811881188119,Public
Viterbo University,55660.0,32350.0,19500.0,32350.0,0.11777434312210201,17240.0,3.00754060324826,Private_nonprofit
Chippewa Valley Technical College,46297.0,4724.0,8000.0,4724.0,7.106900931414056,7877.0,1.6153357877364478,Public
Waukesha County Technical College,46894.0,4720.0,9500.0,4720.0,6.922457627118644,8474.0,1.6780741090394147,Public
Western Technical College,45303.0,4716.0,6917.0,4716.0,7.139525021204411,6883.0,1.6901060584047654,Public
University of Wisconsin-Whitewater,55356.0,8250.0,16241.0,8250.0,3.741212121212121,16936.0,1.4460911667453944,Public
Northwood Technical College,43406.0,4524.0,5500.0,4524.0,7.378868258178603,4986.0,2.010429201764942,Public
Wisconsin School of Professional Psychology,,,,,,,,Private_nonprofit
University of Wisconsin-Eau Claire,58561.0,9277.0,13000.0,9277.0,3.9111781826021343,20141.0,1.1060523310659849,Public
University of Wisconsin-Green Bay,52528.0,8342.0,11250.0,8342.0,3.9482138575881085,14108.0,1.3887156223419337,Public
University of Wisconsin-La Crosse,60378.0,9651.0,18000.0,9651.0,3.3910475598383587,21958.0,1.259267692868203,Public
Wisconsin Lutheran College,54664.0,35080.0,19500.0,35080.0,0.002394526795895097,16244.0,3.360009849790692,Private_nonprofit
University of Wisconsin-Oshkosh,55548.0,8212.0,12500.0,8212.0,4.242084754018509,17128.0,1.2092480149462868,Public
University of Wisconsin-Parkside,51129.0,7855.0,14000.0,7855.0,3.7267982176957353,12709.0,1.7196474939019593,Public
Herzing University-Madison,36909.0,13420.0,11756.0,13420.0,0.8742921013412817,-1511.0,,Private_nonprofit
University of Wisconsin-Stout,58084.0,10142.0,16000.0,10142.0,3.1494774206270955,19664.0,1.329434499593165,Public
University of Wisconsin-Superior,49606.0,8487.0,14055.0,8487.0,3.188877106162366,11186.0,2.0151975683890577,Public
University of Wisconsin-Madison,73792.0,11205.0,18058.0,11205.0,3.974029451137885,35372.0,0.8272927739454936,Public
University of Wisconsin-Milwaukee,54990.0,10020.0,15250.0,10020.0,2.9660678642714573,16570.0,1.5250452625226312,Public
University of Wisconsin-Platteville,61760.0,8315.0,15000.0,8315.0,4.623571858087793,23340.0,0.9989288774635818,Public
University of Wisconsin-River Falls,54458.0,8606.0,14865.0,8606.0,3.6006274692075295,16038.0,1.463461778276593,Public
University of Wisconsin-Stevens Point,52021.0,8834.0,14674.0,8834.0,3.227643196739869,13601.0,1.7284023233585766,Public
Casper College,40935.0,4410.0,6500.0,4410.0,6.808390022675737,2515.0,4.337972166998012,Public
Central Wyoming College,34402.0,4680.0,5500.0,4680.0,5.175641025641026,-4018.0,,Public
Eastern Wyoming College,37121.0,4290.0,4500.0,4290.0,6.603962703962704,-1299.0,,Public
Laramie County Community College,44783.0,4613.0,7015.0,4613.0,7.1872967699978325,6363.0,1.8274398868458275,Public
Northwest College,36950.0,4935.0,6500.0,4935.0,5.170212765957447,-1470.0,,Public
Northern Wyoming Community College District,40477.0,4830.0,5500.0,4830.0,6.241614906832298,2057.0,5.021876519202722,Public
Western Wyoming Community College,40939.0,4250.0,4500.0,4250.0,7.573882352941176,2519.0,3.4736006351726876,Public
Cheeks Beauty Academy,25459.0,,6333.0,,,-12961.0,,Private_forprofit
WyoTech,50167.0,,6800.0,,,11747.0,,Private_forprofit
University of Wyoming,56880.0,6938.0,12000.0,6938.0,5.468722974920726,18460.0,1.0258938244853737,Public
American Samoa Community College,30087.0,5460.0,,5460.0,,-8333.0,,Public
Guam Community College,27820.0,3414.0,,3414.0,,-10600.0,,Public
University of Guam,35946.0,6110.0,12500.0,6110.0,2.837315875613748,-2474.0,,Public
Northern Marianas College,27836.0,4038.0,,4038.0,,-10584.0,,Public
Institute of Beauty Careers,17713.0,,,,,-20707.0,,Private_forprofit
American Educational College,17172.0,8306.0,,8306.0,,-21248.0,,Private_forprofit
Antilles School of Technical Careers,21766.0,,,,,-16654.0,,Private_forprofit
Universidad Adventista de las Antillas,28465.0,8050.0,11725.0,8050.0,1.0795031055900621,-9955.0,,Private_nonprofit
Atlantic University,25272.0,8280.0,4500.0,8280.0,1.508695652173913,-13148.0,,Private_nonprofit
Universidad Central de Bayamon,25021.0,5986.0,7250.0,5986.0,1.9687604410290678,-13399.0,,Private_nonprofit
Columbia Central University-Caguas,23134.0,7314.0,5001.0,7314.0,1.479217938200711,-15286.0,,Private_forprofit
Albizu University-San Juan,41544.0,7797.0,5000.0,7797.0,3.686930870847762,3124.0,4.096350832266325,Private_nonprofit
Caribbean University-Bayamon,22842.0,5966.0,7000.0,5966.0,1.655380489440161,-15578.0,,Private_nonprofit
Caribbean University-Carolina,22842.0,5966.0,7000.0,5966.0,1.655380489440161,-15578.0,,Private_nonprofit
Pontifical Catholic University of Puerto Rico-Arecibo,24908.0,6238.0,11337.0,6238.0,1.1755370310997115,-13512.0,,Private_nonprofit
Pontifical Catholic University of Puerto Rico-Ponce,24908.0,6340.0,11337.0,6340.0,1.1405362776025236,-13512.0,,Private_nonprofit
CEM College-San Juan,21033.0,12900.0,3700.0,12900.0,0.34364341085271316,-17387.0,,Private_forprofit
Universidad Teologica del Caribe,23536.0,6660.0,5750.0,6660.0,1.6705705705705707,-14884.0,,Private_nonprofit
Colegio Universitario de San Juan,26510.0,2340.0,,2340.0,,-11910.0,,Public
Universidad Ana G. Mendez-Cupey Campus,24490.0,6920.0,10006.0,6920.0,1.0930635838150289,-13930.0,,Private_nonprofit
Puerto Rico Conservatory of Music,19474.0,3370.0,8750.0,3370.0,2.182195845697329,-18946.0,,Public
Center for Advanced Studies On Puerto Rico and the Caribbean,,,,,,,,Private_nonprofit
EDP University of Puerto Rico Inc-San Sebastian,22844.0,7050.0,10500.0,7050.0,0.7509219858156029,-15576.0,,Private_nonprofit
Emma's Beauty Academy-Mayaguez,14827.0,,,,,-23593.0,,Private_forprofit
Escuela de Artes Plasticas y Diseno de Puerto Rico,21790.0,4902.0,,4902.0,,-16630.0,,Public
Instituto Tecnologico de Puerto Rico-Recinto de Manati,26293.0,1600.0,,1600.0,,-12127.0,,Public
Huertas College,22927.0,8520.0,6625.0,8520.0,0.9133802816901408,-15493.0,,Private_forprofit
Humacao Community College,20064.0,6560.0,,6560.0,,-18356.0,,Private_nonprofit
ICPR Junior College-Arecibo,18694.0,8060.0,,8060.0,,-19726.0,,Private_forprofit
ICPR Junior College-Mayaguez,18694.0,8060.0,,8060.0,,-19726.0,,Private_forprofit
Instituto Tecnologico de Puerto Rico-Recinto de Guayama,26293.0,1618.0,,1618.0,,-12127.0,,Public
Instituto Tecnologico de Puerto Rico-Recinto de San Juan,26293.0,3707.0,,3707.0,,-12127.0,,Public
Inter American University of Puerto Rico-San German,25416.0,5580.0,7000.0,5580.0,2.300358422939068,-13004.0,,Private_nonprofit
Inter American University of Puerto Rico-Aguadilla,24776.0,5542.0,5500.0,5542.0,2.478166726813425,-13644.0,,Private_nonprofit
Inter American University of Puerto Rico-Arecibo,24539.0,5580.0,6750.0,5580.0,2.1879928315412185,-13881.0,,Private_nonprofit
Inter American University of Puerto Rico-Barranquitas,23204.0,5542.0,3500.0,5542.0,2.5553951642006494,-15216.0,,Private_nonprofit
Inter American University of Puerto Rico-Metro,30821.0,5580.0,8666.0,5580.0,2.9704301075268815,-7599.0,,Private_nonprofit
Inter American University of Puerto Rico-Ponce,26721.0,5580.0,4850.0,5580.0,2.9195340501792115,-11699.0,,Private_nonprofit
Inter American University of Puerto Rico-Fajardo,23132.0,5580.0,5500.0,5580.0,2.1598566308243727,-15288.0,,Private_nonprofit
Inter American University of Puerto Rico-Guayama,25827.0,5580.0,6775.0,5580.0,2.414336917562724,-12593.0,,Private_nonprofit
Inter American University of Puerto Rico-Bayamon,29936.0,5580.0,5500.0,5580.0,3.37921146953405,-8484.0,,Private_nonprofit
Inter American University of Puerto Rico-School of Law,,,,,,,,Private_nonprofit
Liceo de Arte y Tecnologia,26733.0,8325.0,3599.0,8325.0,1.7788588588588587,-11687.0,,Private_forprofit
Modern Hairstyling Institute-Bayamon,17105.0,,,,,-21315.0,,Private_forprofit
Modern Hairstyling Institute-Arecibo,15266.0,,,,,-23154.0,,Private_forprofit
NUC University,24785.0,8054.0,9500.0,8054.0,0.8978147504345667,-13635.0,,Private_forprofit
Ponce Health Sciences University,,,15500.0,,,,,Private_forprofit
University of Puerto Rico-Aguadilla,27997.0,5954.0,5500.0,5954.0,2.7784682566341954,-10423.0,,Public
University of Puerto Rico-Arecibo,30512.0,5324.0,4500.0,5324.0,3.88580015026296,-7908.0,,Public
University of Puerto Rico-Bayamon,34409.0,6284.0,5500.0,6284.0,3.6004137492043284,-4011.0,,Public
University of Puerto Rico-Carolina,30626.0,7986.0,4500.0,7986.0,2.271475081392437,-7794.0,,Public
University of Puerto Rico at Cayey,30958.0,5354.0,5000.0,5354.0,3.848337691445648,-7462.0,,Public
University of Puerto Rico-Humacao,29521.0,5364.0,5500.0,5364.0,3.478187919463087,-8899.0,,Public
University of Puerto Rico-Utuado,23906.0,5354.0,3500.0,5354.0,2.81135599551737,-14514.0,,Public
University of Puerto Rico-Mayaguez,48992.0,5274.0,8000.0,5274.0,6.7724687144482365,10572.0,1.2555807794173288,Public
University of Puerto Rico-Medical Sciences,45953.0,,5500.0,,,7533.0,,Public
University of Puerto Rico at Ponce,31394.0,5354.0,5500.0,5354.0,3.8363840119536796,-7026.0,,Public
University of Puerto Rico-Rio Piedras,35723.0,5324.0,5500.0,5324.0,4.676746806912096,-2697.0,,Public
Universidad Ana G. Mendez-Carolina Campus,24328.0,6920.0,10000.0,6920.0,1.0705202312138729,-14092.0,,Private_nonprofit
Universidad del Sagrado Corazon,31754.0,6360.0,11250.0,6360.0,2.2238993710691823,-6666.0,,Private_nonprofit
Seminario Evangelico de Puerto Rico,,,,,,,,Private_nonprofit
Universidad Central Del Caribe,31468.0,6442.0,7050.0,6442.0,2.790437752250854,-6952.0,,Private_nonprofit
Universidad Politecnica de Puerto Rico,47540.0,9810.0,12830.0,9810.0,2.53822629969419,9120.0,2.482456140350877,Private_nonprofit
Pontifical Catholic University of Puerto Rico-Mayaguez,24908.0,6238.0,11337.0,6238.0,1.1755370310997115,-13512.0,,Private_nonprofit
Universidad Ana G. Mendez-Gurabo Campus,26223.0,6920.0,9000.0,6920.0,1.4888728323699423,-12197.0,,Private_nonprofit
College of Micronesia-FSM,24651.0,5050.0,,5050.0,,-13769.0,,Public
Palau Community College,29898.0,3730.0,,3730.0,,-8522.0,,Public
University of the Virgin Islands,38681.0,5612.0,9500.0,5612.0,4.199750534568781,261.0,57.900383141762454,Public
Stanford University,124080.0,62484.0,9851.0,62484.0,0.8281320017924588,85660.0,0.8444431473266402,Private_nonprofit
Purdue University-Main Campus,72424.0,9992.0,15000.0,9992.0,4.746997598078463,34004.0,0.734972356193389,Public
Blue Hills Regional Technical School,,,9301.0,,,,,Public
Parker University,42091.0,17457.0,9500.0,17457.0,0.8669301712779973,3671.0,7.343230727322256,Private_nonprofit
EDP University of Puerto Rico Inc-San Juan,22844.0,7050.0,10500.0,7050.0,0.7509219858156029,-15576.0,,Private_nonprofit
ICPR Junior College,18694.0,8060.0,,8060.0,,-19726.0,,Private_forprofit
City College-Hollywood,34938.0,18615.0,15285.0,18615.0,0.05576148267526188,-3482.0,,Private_forprofit
Meridian College,33735.0,,13000.0,,,-4685.0,,Private_forprofit
Georgia State University-Perimeter College,47384.0,2960.0,11750.0,2960.0,11.038513513513514,8964.0,1.641008478357876,Public
Georgia Piedmont Technical College,34619.0,3188.0,9500.0,3188.0,6.879234629861982,-3801.0,,Public
ETI School of Skilled Trades,52800.0,,9428.0,,,14380.0,,Private_forprofit
Traxlers School of Hair,16249.0,,,,,-22171.0,,Private_forprofit
Warren County Community College,43359.0,5310.0,6499.0,5310.0,5.941619585687382,4939.0,2.3909698319497874,Public
St. John's College,44985.0,38946.0,13500.0,38946.0,-0.19157294715760284,6565.0,7.9887281035795885,Private_nonprofit
Bais Medrash Elyon,,8600.0,,8600.0,,,,Private_nonprofit
Antioch University-Los Angeles,51541.0,,17103.0,,,13121.0,,Private_nonprofit
Antioch University-Santa Barbara,51541.0,,17103.0,,,13121.0,,Private_nonprofit
Antioch University-New England,51541.0,,17103.0,,,13121.0,,Private_nonprofit
Antioch University-Seattle,51541.0,,17103.0,,,13121.0,,Private_nonprofit
Antioch University,51541.0,,17103.0,,,13121.0,,Private_nonprofit
Mid-America Christian University,46116.0,19896.0,15444.0,19896.0,0.5416164053075995,7696.0,4.591995841995842,Private_nonprofit
Miller-Motte College-Tulsa,31102.0,,10661.0,,,-7318.0,,Private_forprofit
Ponca City Beauty College,15872.0,,3311.0,,,-22548.0,,Private_forprofit
Francis Tuttle Technology Center,32996.0,,,,,-5424.0,,Public
Central Technology Center,36351.0,,,,,-2069.0,,Public
Carrington College-Portland,36625.0,,8615.0,,,-1795.0,,Private_forprofit
Career Technology Center of Lackawanna County,45555.0,,11861.0,,,7135.0,,Public
Palo Alto College,37448.0,3412.0,6779.0,3412.0,7.988569753810082,-972.0,,Public
UCAS University of Cosmetology Arts & Sciences-San Antonio 410,24450.0,,6169.0,,,-13970.0,,Private_forprofit
Central Texas Beauty College-Round Rock,23338.0,,,,,-15082.0,,Private_forprofit
HJ International Graduate School for Peace and Public Leadership,,,,,,,,Private_nonprofit
Athens Technical College,35951.0,3172.0,,3172.0,,-2469.0,,Public
GateWay Community College-Central City,46147.0,,4500.0,,,7727.0,,Public
Carrington College-San Leandro Campus,39633.0,,10460.0,,,1213.0,,Private_forprofit
Headmasters School of Hair Design,17707.0,,10556.0,,,-20713.0,,Private_forprofit
The Salon Professional Academy-Nampa,18095.0,,6333.0,,,-20325.0,,Private_forprofit
Beckfield College-Florence,37114.0,13295.0,13722.0,13295.0,0.7594584430236931,-1306.0,,Private_forprofit
Dorsey College-Wayne,29392.0,32160.0,9500.0,32160.0,-0.3814676616915423,-9028.0,,Private_forprofit
Ecumenical Theological Seminary,,,,,,,,Private_nonprofit
Ross Medical Education Center-Saginaw,30060.0,,7504.0,,,-8360.0,,Private_forprofit
Sussex County Community College,44664.0,5544.0,6000.0,5544.0,5.974025974025974,6244.0,1.8488148622677771,Public
Landmark College,29813.0,64290.0,8875.0,64290.0,-0.6743194898117904,-8607.0,,Private_nonprofit
Yeshiva Gedolah of Greater Detroit,,8600.0,,8600.0,,,,Private_nonprofit
Collin County Community College District,48701.0,1864.0,4500.0,1864.0,22.712982832618025,10281.0,0.6190059332749732,Public
Owensboro Community and Technical College,35798.0,4656.0,5500.0,4656.0,5.507302405498282,-2622.0,,Public
Allure Beauty College,,,,,,,,Private_forprofit
Cloyd's Beauty School 3 Inc,15105.0,,,,,-23315.0,,Private_forprofit
Moore Norman Technology Center,34000.0,,,,,-4420.0,,Public
Fayette County Career & Technical Institute Practical Nursing Program,49229.0,,12440.0,,,10809.0,,Public
Franklin County Career and Technology Center,54747.0,,14614.0,,,16327.0,,Public
Paul Mitchell the School-Knoxville,26260.0,,9833.0,,,-12160.0,,Private_forprofit
Ogle School Hair Skin Nails-Hurst,31488.0,,7917.0,,,-6932.0,,Private_forprofit
Tennessee College of Applied Technology Nashville,38955.0,,,,,535.0,,Public
ECPI University,42837.0,18484.0,13915.0,18484.0,0.5647046093919065,4417.0,7.335069051392348,Private_forprofit
Ms Roberts Academy of Beauty Culture,24535.0,,,,,-13885.0,,Private_forprofit
Paul Mitchell the School-Houston,27384.0,,9500.0,,,-11036.0,,Private_forprofit
Fortis Institute-Forty Fort,30224.0,13955.0,8063.0,13955.0,0.5880329630956647,-8196.0,,Private_forprofit
Laurel Business Institute,30819.0,11470.0,9500.0,11470.0,0.8586748038360942,-7601.0,,Private_forprofit
Aviation Institute of Maintenance-Philadelphia,42785.0,16757.0,21875.0,16757.0,0.24783672495076683,4365.0,8.850400916380298,Private_forprofit
Dorsey College-Roseville,29392.0,32160.0,9500.0,32160.0,-0.3814676616915423,-9028.0,,Private_forprofit
Moler-Pickens Beauty Academy,22137.0,,4889.0,,,-16283.0,,Private_forprofit
Red River Technology Center,31415.0,,,,,-7005.0,,Public
Southern Union State Community College,36597.0,4980.0,6250.0,4980.0,5.093775100401606,-1823.0,,Public
South University-Columbia,34421.0,18238.0,13000.0,18238.0,0.17452571553898455,-3999.0,,Private_forprofit
Clinton Technical School,53451.0,,10307.0,,,15031.0,,Public
Greene County Career and Technology Center,34231.0,,13025.0,,,-4189.0,,Public
Lac Courte Oreilles Ojibwe University,24302.0,6030.0,,6030.0,,-14118.0,,Public
Diesel Driving Academy-Shreveport,38740.0,,6333.0,,,320.0,,Private_forprofit
Pima Medical Institute-Mesa,38673.0,,9500.0,,,253.0,,Private_forprofit
Platt College-Los Angeles,40669.0,14804.0,15215.0,14804.0,0.7194001621183463,2249.0,13.347710093374832,Private_forprofit
Platt College-Aurora,77602.0,20590.0,33443.0,20590.0,1.1446818844099078,39182.0,1.3790260834056454,Private_forprofit
Paul Mitchell the School-Boise,25719.0,,9500.0,,,-12701.0,,Private_forprofit
Educators of Beauty College of Cosmetology-Rockford,21463.0,,9500.0,,,-16957.0,,Private_forprofit
Northwestern College,37871.0,18475.0,9569.0,18475.0,0.5319079837618403,-549.0,,Private_forprofit
Douglas J Aveda Institute,26849.0,,6333.0,,,-11571.0,,Private_forprofit
Ross Medical Education Center-Brighton,29898.0,,7719.0,,,-8522.0,,Private_forprofit
Ross Medical Education Center-Ann Arbor,29898.0,,7719.0,,,-8522.0,,Private_forprofit
Dorsey School of Beauty,13256.0,,8322.0,,,-25164.0,,Private_forprofit
Pike-Lincoln Technical Center,48581.0,,9481.0,,,10161.0,,Public
St Charles Community College,42422.0,3000.0,4832.0,3000.0,11.53,4002.0,1.9570214892553723,Public
University of Massachusetts Global,65703.0,12520.0,18750.0,12520.0,2.7502396166134186,27283.0,1.1461349558333027,Public
New College of Florida,48082.0,6916.0,12000.0,6916.0,4.217177559282822,9662.0,1.9577727178637963,Public
Montana Bible College,,13600.0,,13600.0,,,,Private_nonprofit
Conservatory of Recording Arts and Sciences,37429.0,,8344.0,,,-991.0,,Private_forprofit
Adrian's Beauty College of Turlock,18199.0,,6500.0,,,-20221.0,,Private_forprofit
San Joaquin Valley College-Fresno,38317.0,,9773.0,,,-103.0,,Private_forprofit
Dr. Ida Rolf Institute,,,7716.0,,,,,Private_nonprofit
Aveda Institute-Fort Myers,24057.0,,6953.0,,,-14363.0,,Private_forprofit
Ross Medical Education Center-Port Huron,30060.0,,7504.0,,,-8360.0,,Private_forprofit
Raphael's School of Beauty Culture Inc-Alliance,17650.0,,6250.0,,,-20770.0,,Private_forprofit
Metro Technology Centers,38830.0,,9140.0,,,410.0,,Public
Luna Community College,32461.0,1202.0,3855.0,1202.0,22.798668885191347,-5959.0,,Public
Grabber School of Hair Design,27109.0,,7830.0,,,-11311.0,,Private_forprofit
Yeshivah Gedolah Rabbinical College,30667.0,9300.0,,9300.0,,-7753.0,,Private_nonprofit
Raphael's School of Beauty Culture Inc-Brunswick,21307.0,,6251.0,,,-17113.0,,Private_forprofit
Caribbean University-Ponce,22842.0,5966.0,7000.0,5966.0,1.655380489440161,-15578.0,,Private_nonprofit
Caribbean University-Vega Baja,22842.0,5966.0,7000.0,5966.0,1.655380489440161,-15578.0,,Private_nonprofit
University of Advancing Technology,50719.0,19430.0,12000.0,19430.0,0.9927431806484818,12299.0,2.555492316448492,Private_forprofit
Paradise Valley Community College,47196.0,2358.0,4500.0,2358.0,17.106870229007633,8776.0,0.7814494074749316,Public
Chandler-Gilbert Community College,51111.0,2358.0,4500.0,2358.0,18.767175572519083,12691.0,0.5403829485462138,Public
Great Plains Technology Center,42376.0,,,,,3956.0,,Public
Roane-Jackson Technical Center,33982.0,,,,,-4438.0,,Public
Pioneer Technology Center,29841.0,,,,,-8579.0,,Public
Portage Lakes Career Center,38316.0,,6333.0,,,-104.0,,Public
Bell Mar Beauty College,26222.0,,,,,-12198.0,,Private_forprofit
Caddo Kiowa Technology Center,21576.0,,,,,-16844.0,,Public
Center for Instruction Technology & Innovation,,,5052.0,,,,,Public
International School of Skin Nailcare & Massage Therapy,25452.0,,6193.0,,,-12968.0,,Private_forprofit
Palomar Institute of Cosmetology,23451.0,,6333.0,,,-14969.0,,Private_forprofit
Southern Oklahoma Technology Center,29012.0,,,,,-9408.0,,Public
Autry Technology Center,40389.0,,,,,1969.0,,Public
Greene County Career Center,41796.0,,5225.0,,,3376.0,,Public
Canadian Valley Technology Center,31355.0,,,,,-7065.0,,Public
Wilkes-Barre Area Career and Technical Center Practical Nursing,48705.0,,14247.0,,,10285.0,,Public
Meridian Technology Center,34451.0,,,,,-3969.0,,Public
Waynesville Career Center,40979.0,,5500.0,,,2559.0,,Public
Capitol Beauty School,31349.0,,6333.0,,,-7071.0,,Private_forprofit
Morris County Vocational School District,47174.0,,5990.0,,,8754.0,,Public
Ross Medical Education Center-Roosevelt Park,30060.0,,7504.0,,,-8360.0,,Private_forprofit
Ross Medical Education Center-Kentwood,30072.0,,5500.0,,,-8348.0,,Private_forprofit
South Florida Bible College and Theological Seminary,45354.0,7380.0,,7380.0,,6934.0,,Private_nonprofit
Cloyd's Barber School 2 Inc,23220.0,,,,,-15200.0,,Private_forprofit
Universal Technical Institute of Illinois Inc,52873.0,,11183.0,,,14453.0,,Private_forprofit
Pennsylvania College of Technology,52567.0,17940.0,15250.0,17940.0,1.0801003344481606,14147.0,2.3460804410829152,Public
Commonwealth Institute of Funeral Service,37786.0,15313.0,7125.0,15313.0,1.0022856396525828,-634.0,,Private_nonprofit
Delta College of Arts & Technology,34222.0,,5899.0,,,-4198.0,,Private_forprofit
Stone Child College,24555.0,3610.0,,3610.0,,-13865.0,,Public
New York Academy of Art,,,,,,,,Private_nonprofit
Suffolk County Community College,49907.0,6440.0,5500.0,6440.0,5.895496894409938,11487.0,1.039435884042831,Public
Las Positas College,51088.0,1168.0,5639.0,1168.0,37.91181506849315,12668.0,0.5373381749289549,Public
Ogeechee Technical College,31248.0,3170.0,7328.0,3170.0,6.545741324921136,-7172.0,,Public
Remington College-Mobile Campus,31349.0,20476.0,9500.0,20476.0,0.06705411213127564,-7071.0,,Private_nonprofit
Southern Technical College,36155.0,14742.0,9897.0,14742.0,0.7811694478361145,-2265.0,,Private_forprofit
Mercy-St Luke's School of Radiologic Technology,,,,,,,,Private_nonprofit
Northwest Technology Center-Alva,32501.0,,,,,-5919.0,,Public
Mercer County Career Center,49088.0,,9500.0,,,10668.0,,Public
California State University-San Marcos,62908.0,7739.0,13500.0,7739.0,5.384287375629927,24488.0,0.8673227703364913,Public
Hairmasters Institute of Cosmetology,19594.0,,7048.0,,,-18826.0,,Private_forprofit
Tricoci University of Beauty Culture LLC-Bloomington,27925.0,,7307.0,,,-10495.0,,Private_forprofit
Interactive College of Technology-Newport,27065.0,10970.0,8661.0,10970.0,0.6776663628076572,-11355.0,,Private_forprofit
Miller-Motte College-McCann-Monroe,31102.0,,10661.0,,,-7318.0,,Private_forprofit
Ross Medical Education Center-Taylor,30481.0,,8481.0,,,-7939.0,,Private_forprofit
Interactive College of Technology,27182.0,10970.0,5300.0,10970.0,0.9947128532360985,-11238.0,,Private_forprofit
Butler Beauty Academy-New Castle Beauty Academy,23003.0,,7481.0,,,-15417.0,,Private_forprofit
NorthWest Arkansas Community College,43505.0,2982.0,5500.0,2982.0,11.744802146210597,5085.0,1.6680432645034415,Public
H W Brewster Technical College,27053.0,,,,,-11367.0,,Public
Hodges University,37052.0,15580.0,17600.0,15580.0,0.2485237483953787,-1368.0,,Private_nonprofit
University of St. Augustine for Health Sciences,79150.0,,,,,40730.0,,Private_forprofit
Capital Area Career Center,55357.0,11670.0,9500.0,11670.0,2.929477292202228,16937.0,1.2499261970833087,Public
Hair Professionals Career College,23417.0,,7917.0,,,-15003.0,,Private_forprofit
Empire Beauty School-Bloomfield,23925.0,,7667.0,,,-14495.0,,Private_forprofit
Southwest Technology Center,48966.0,,,,,10546.0,,Public
Western Area Career & Technology Center,43189.0,,15817.0,,,4769.0,,Public
Nossi College of Art and Design,35113.0,20350.0,17708.0,20350.0,-0.14471744471744472,-3307.0,,Private_forprofit
Pima Medical Institute-Seattle,38673.0,,9500.0,,,253.0,,Private_forprofit
Mineral County Vocational Technical Center,46022.0,,,,,7602.0,,Public
Hypnosis Motivation Institute,24244.0,,9500.0,,,-14176.0,,Private_nonprofit
Thanh Le College School of Cosmetology,13265.0,,,,,-25155.0,,Private_forprofit
Southeastern Technical College,30329.0,3172.0,5027.0,3172.0,6.976670870113493,-8091.0,,Public
Massachusetts School of Law,,,,,,,,Private_nonprofit
Universal Technical Institute-Auto Motorcycle & Marine Mechanics Institute Division-Orlando,48341.0,,10247.0,,,9921.0,,Private_forprofit
Erwin Technical College,37966.0,,,,,-454.0,,Public
Rosel School of Cosmetology,19819.0,,,,,-18601.0,,Private_forprofit
Worsham College of Mortuary Science,61574.0,24800.0,12000.0,24800.0,0.9989516129032258,23154.0,1.5893582102444501,Private_forprofit
Bryan University,28725.0,15868.0,16999.0,15868.0,-0.2610284850012604,-9695.0,,Private_forprofit
Oregon College of Oriental Medicine,,,,,,,,Private_nonprofit
Central Pennsylvania Institute of Science and Technology,41677.0,,7480.0,,,3257.0,,Public
Northwest Educational Center,25442.0,,,,,-12978.0,,Private_forprofit
PCI Health Training Center,34096.0,,7842.0,,,-4324.0,,Private_forprofit
Hamrick School,44797.0,,5481.0,,,6377.0,,Private_forprofit
Fortis College,26652.0,,9122.0,,,-11768.0,,Private_forprofit
Downey Adult School,46851.0,,,,,8431.0,,Public
CRU Institute of Cosmetology and Barbering,20125.0,,9551.0,,,-18295.0,,Private_forprofit
Modern Technology School,50667.0,,11430.0,,,12247.0,,Private_forprofit
National Career Education,38015.0,,7600.0,,,-405.0,,Private_forprofit
North-West College-Glendale,37542.0,,9500.0,,,-878.0,,Private_forprofit
Fremont University,39003.0,,20000.0,,,583.0,,Private_forprofit
Pomona Unified School District Adult and Career Education,34849.0,,,,,-3571.0,,Public
Universal College of Beauty Inc-Los Angeles 2,17821.0,,,,,-20599.0,,Private_forprofit
IBMC College,34432.0,15320.0,7048.0,15320.0,0.787467362924282,-3988.0,,Private_forprofit
Avalon Institute-Aurora,24367.0,,6325.0,,,-14053.0,,Private_forprofit
Academy of Cosmetology,20144.0,,5125.0,,,-18276.0,,Private_forprofit
Fortis College-Smyrna,36368.0,14929.0,9500.0,14929.0,0.7997186683635876,-2052.0,,Private_forprofit
Ross College-Davenport,29898.0,,7719.0,,,-8522.0,,Private_forprofit
Pivot Point Academy,30453.0,,9833.0,,,-7967.0,,Private_forprofit
Blalock's Professional Beauty College,,,,,,,,Private_forprofit
Diesel Driving Academy-Baton Rouge,43011.0,,6333.0,,,4591.0,,Private_forprofit
New England Hair Academy,,,,,,,,Private_forprofit
Rob Roy Academy-Worcester,30033.0,,5500.0,,,-8387.0,,Private_forprofit
Upper Cape Cod Regional Technical School,,,9500.0,,,,,Public
All-State Career-Baltimore,33193.0,,6333.0,,,-5227.0,,Private_forprofit
Adler Graduate School,,,,,,,,Private_nonprofit
Academy of Hair Design-Jackson,22284.0,,6500.0,,,-16136.0,,Private_forprofit
KC's School of Hair Design,,,6500.0,,,,,Private_forprofit
Lincoln Technical Institute-Moorestown,31914.0,,9000.0,,,-6506.0,,Private_forprofit
MCVSD,45062.0,,5500.0,,,6642.0,,Public
Yeshiva Gedolah Imrei Yosef D'spinka,36545.0,11500.0,,11500.0,,-1875.0,,Private_nonprofit
Knox County Career Center,38212.0,,8618.0,,,-208.0,,Public
Madison Adult Career Center,30941.0,,3383.0,,,-7479.0,,Public
Remington College-Cleveland Campus,31349.0,16254.0,9500.0,16254.0,0.3442229605020303,-7071.0,,Private_nonprofit
Brown & Clermont Adult Career Campuses,,,,,,,,Public
Chisholm Trail Technology Center,27170.0,,,,,-11250.0,,Public
Gordon Cooper Technology Center,42021.0,,,,,3601.0,,Public
Kiamichi Technology Center-McAlester,31625.0,,,,,-6795.0,,Public
YTI Career Institute-Altoona,30188.0,,6334.0,,,-8232.0,,Private_forprofit
Eastern Center for Arts and Technology,56446.0,,9850.0,,,18026.0,,Public
Empire Beauty School-Center City Philadelphia,22377.0,,6633.0,,,-16043.0,,Private_forprofit
CEM College-Humacao,21033.0,12900.0,3700.0,12900.0,0.34364341085271316,-17387.0,,Private_forprofit
Colegio Mayor de Tecnologia Inc,24591.0,,,,,-13829.0,,Private_forprofit
Institucion Chaviano de Mayaguez,12635.0,,,,,-25785.0,,Private_forprofit
Liceo de Arte-Dise-O y Comercio,15501.0,12226.0,,12226.0,,-22919.0,,Private_forprofit
Universal Technology College of Puerto Rico,19878.0,,,,,-18542.0,,Private_nonprofit
Academy of Hair Technology,22893.0,,2750.0,,,-15527.0,,Private_forprofit
Mr Wayne's School of Unisex Hair Design,23696.0,,7667.0,,,-14724.0,,Private_forprofit
Queen City College,26401.0,,4703.0,,,-12019.0,,Private_forprofit
College of the Marshall Islands,,6840.0,,6840.0,,,,Public
Remington College-Fort Worth Campus,31349.0,19341.0,9500.0,19341.0,0.12967271599193422,-7071.0,,Private_nonprofit
UCAS University of Cosmetology Arts & Sciences,13862.0,,4384.0,,,-24558.0,,Private_forprofit
School of Automotive Machinists & Technology,57529.0,,9500.0,,,19109.0,,Private_forprofit
Nuvani Institute,19484.0,,3862.0,,,-18936.0,,Private_forprofit
Nuvani Institute,22354.0,,4242.0,,,-16066.0,,Private_forprofit
Texas College of Cosmetology-Abilene,21685.0,,5500.0,,,-16735.0,,Private_forprofit
Centura College-Newport News,25930.0,16637.0,10054.0,16637.0,-0.04574141972711426,-12490.0,,Private_forprofit
Centura College-Norfolk,25930.0,16637.0,10054.0,16637.0,-0.04574141972711426,-12490.0,,Private_forprofit
Virginia Beach City Public Schools School of Practical Nursing,,,,,,,,Public
Northwest College of Art & Design,31167.0,18100.0,29030.0,18100.0,-0.8819337016574585,-7253.0,,Private_forprofit
University of Washington-Bothell Campus,78466.0,12559.0,12375.0,12559.0,4.2624412771717495,40046.0,0.6226339709334265,Public
University of Washington-Tacoma Campus,78466.0,12817.0,12375.0,12817.0,4.156510883982211,40046.0,0.6290765619537532,Public
Huntington School of Beauty Culture,24794.0,,,,,-13626.0,,Private_forprofit
Valley College-Beckley,24070.0,,6843.0,,,-14350.0,,Private_forprofit
Valley College-Martinsburg,24900.0,,9418.0,,,-13520.0,,Private_forprofit
Bellus Academy-Poway,25223.0,,6333.0,,,-13197.0,,Private_forprofit
Capstone College,35348.0,,9296.0,,,-3072.0,,Private_forprofit
Central Coast College,40823.0,,5503.0,,,2403.0,,Private_forprofit
Pacific College of Health and Science,26209.0,10732.0,9500.0,10732.0,0.5569325382035035,-12211.0,,Private_forprofit
Artistic Nails and Beauty Academy-Tampa,20948.0,,6333.0,,,-17472.0,,Private_forprofit
National Aviation Academy of Tampa Bay,59029.0,,21313.0,,,20609.0,,Private_forprofit
Madison Oneida BOCES-Practical Nursing Program,41169.0,,9052.0,,,2749.0,,Public
College of Health Care Professions,33070.0,,9473.0,,,-5350.0,,Private_forprofit
Center for Advanced Legal Studies,56561.0,,9395.0,,,18141.0,,Private_forprofit
Houston Training School-Main Campus,18991.0,,,,,-19429.0,,Private_forprofit
Bay Mills Community College,30048.0,3320.0,,3320.0,,-8372.0,,Public
Fond du Lac Tribal and Community College,45665.0,5999.0,9500.0,5999.0,5.028504750791798,7245.0,2.1392684610075916,Public
Northwest Indian College,35447.0,3969.0,,3969.0,,-2973.0,,Public
Provo College,39645.0,16491.0,24262.0,16491.0,-0.06718816324055546,1225.0,33.267755102040816,Private_forprofit
CET-Coachella,32986.0,,6729.0,,,-5434.0,,Private_nonprofit
CET-Oxnard,32986.0,,6729.0,,,-5434.0,,Private_nonprofit
CET-Santa Maria,32986.0,,6729.0,,,-5434.0,,Private_nonprofit
Colorado Chinese Medicine University,,,,,,,,Private_forprofit
Michigan College of Beauty-Troy,22058.0,,6333.0,,,-16362.0,,Private_forprofit
Ogle School Hair Skin Nails-Dallas,26885.0,,7369.0,,,-11535.0,,Private_forprofit
Phoenix Seminary,,,,,,,,Private_nonprofit
Faust Institute of Cosmetology-Spirit Lake,23784.0,,6375.0,,,-14636.0,,Private_forprofit
Cheeks Beauty Academy,25459.0,,6333.0,,,-12961.0,,Private_forprofit
Colorado School of Healing Arts,33444.0,12206.0,7459.0,12206.0,1.1288710470260528,-4976.0,,Private_forprofit
Mt. Diablo Adult Education-Mt. Diablo USD,40175.0,,,,,1755.0,,Public
Greater Lowell Technical School,,,7833.0,,,,,Public
Academy of Hair Design-Pearl,19921.0,,6500.0,,,-18499.0,,Private_forprofit
Genesis Career College-Lebanon,24977.0,,8857.0,,,-13443.0,,Private_forprofit
Southwest College for the Deaf,38382.0,2766.0,6250.0,2766.0,10.616775126536515,-38.0,,Public
Fortis College-Richmond,32754.0,14986.0,9396.0,14986.0,0.5586547444281329,-5666.0,,Private_forprofit
Midwest College of Oriental Medicine-Racine,44136.0,,15000.0,,,5716.0,,Private_forprofit
Hacienda La Puente Adult Education,39271.0,,,,,851.0,,Public
La Belle Beauty Academy,16212.0,,5909.0,,,-22208.0,,Private_forprofit
Hawaii Community College,34891.0,3204.0,6101.0,3204.0,7.985642946317103,-3529.0,,Public
Robert Fiance Beauty Schools-North Plainfield,24509.0,,6333.0,,,-13911.0,,Private_forprofit
Long Island Beauty School-Hauppauge,26900.0,,5500.0,,,-11520.0,,Private_forprofit
Buckeye Joint Vocational School,35889.0,,,,,-2531.0,,Public
Sandusky Career Center,40504.0,,12773.0,,,2084.0,,Public
Greater Altoona Career & Technology Center,38008.0,,9438.0,,,-412.0,,Public
Central Texas Beauty College-Temple,23338.0,,,,,-15082.0,,Private_forprofit
Erie 2 Chautauqua Cattaraugus BOCES-Practical Nursing Program,47270.0,,,,,8850.0,,Public
Empire Beauty School-Brooklyn,24022.0,,6222.0,,,-14398.0,,Private_forprofit
Eastern New Mexico University Ruidoso Branch Community College,38550.0,1372.0,11000.0,1372.0,19.080174927113703,130.0,95.16923076923077,Public
UEI College-Ontario,31141.0,,9500.0,,,-7279.0,,Private_forprofit
UEI College-Reseda,31141.0,,9500.0,,,-7279.0,,Private_forprofit
Beacon College,29420.0,49230.0,18500.0,49230.0,-0.7781840341255332,-9000.0,,Private_nonprofit
Acupuncture and Integrative Medicine College-Berkeley,,,,,,,,Private_nonprofit
Estrella Mountain Community College,44356.0,2358.0,4670.0,2358.0,15.830364715860899,5936.0,1.1839622641509433,Public
Heartland Community College,40768.0,5460.0,5500.0,5460.0,5.4593406593406595,2348.0,4.6678023850085175,Public
University of the Potomac-Washington DC Campus,34961.0,6660.0,7500.0,6660.0,3.123273273273273,-3459.0,,Private_forprofit
Rabbi Jacob Joseph School,,12700.0,,12700.0,,,,Private_nonprofit
The Salon Professional Academy-Melbourne,16515.0,,6333.0,,,-21905.0,,Private_forprofit
Albert Einstein College of Medicine,,,,,,,,Private_nonprofit
Fortis Institute-Scranton,30224.0,14444.0,8063.0,14444.0,0.5342702852395458,-8196.0,,Private_forprofit
Everglades University,47597.0,20768.0,18950.0,20768.0,0.3793817411402157,9177.0,4.327993897787948,Private_nonprofit
Seminar L'moros Bais Yaakov,24366.0,11500.0,,11500.0,,-14054.0,,Private_nonprofit
Herzing University-Orlando,36909.0,13420.0,11756.0,13420.0,0.8742921013412817,-1511.0,,Private_nonprofit
Cortiva Institute,27193.0,,6500.0,,,-11227.0,,Private_forprofit
College of Biblical Studies-Houston,39260.0,7475.0,14750.0,7475.0,2.2789297658862875,840.0,26.458333333333332,Private_nonprofit
Mid-EastCTC-Adult Education,40416.0,,7063.0,,,1996.0,,Public
Polaris Career Center,38718.0,,5500.0,,,298.0,,Public
P&A Scholars Beauty School,20249.0,,6333.0,,,-18171.0,,Private_forprofit
Sharp's Academy of Hairstyling,16266.0,,,,,-22154.0,,Private_forprofit
The College of Health Care Professions-Northwest,33070.0,,9473.0,,,-5350.0,,Private_forprofit
School of Professional Horticulture New York Botanical Garden,,8750.0,,8750.0,,,,Private_nonprofit
Fortis College,33193.0,,6333.0,,,-5227.0,,Private_forprofit
UEI College-Gardena,30848.0,,9433.0,,,-7572.0,,Private_forprofit
Asian-American International Beauty College,12610.0,,,,,-25810.0,,Private_forprofit
Copper Mountain Community College,33281.0,1114.0,9250.0,1114.0,20.57181328545781,-5139.0,,Public
Diversified Vocational College,25328.0,,9500.0,,,-13092.0,,Private_forprofit
UEI College-Fresno,27688.0,,9445.0,,,-10732.0,,Private_forprofit
Santiago Canyon College,44956.0,1164.0,4500.0,1164.0,33.756013745704465,6536.0,0.8665850673194615,Public
Southern California Institute of Technology,53598.0,20515.0,10651.0,20515.0,1.0934438215939557,15178.0,2.0533667149822112,Private_forprofit
Soka University of America,55017.0,37450.0,15250.0,37450.0,0.06186915887850467,16597.0,3.175272639633669,Private_nonprofit
Summit College,40187.0,,7600.0,,,1767.0,,Private_forprofit
Advance Beauty College,11575.0,,,,,-26845.0,,Private_forprofit
Los Angeles Pacific College,,7130.0,,7130.0,,,,Private_forprofit
World Mission University,,6920.0,,6920.0,,,,Private_nonprofit
Yo San University of Traditional Chinese Medicine,,,,,,,,Private_nonprofit
John Amico School of Hair Design,,,7917.0,,,,,Private_forprofit
Delta College Inc,32044.0,,6200.0,,,-6376.0,,Private_forprofit
Tri-State Cosmetology Institute,18157.0,,5432.0,,,-20263.0,,Private_forprofit
Frontier Community College,37533.0,4390.0,5500.0,4390.0,6.296810933940774,-887.0,,Public
Lincoln Trail College,37533.0,4390.0,5500.0,4390.0,6.296810933940774,-887.0,,Public
Wabash Valley College,37533.0,4390.0,5500.0,4390.0,6.296810933940774,-887.0,,Public
Brookline College-Tempe,29576.0,,9500.0,,,-8844.0,,Private_forprofit
Inter American University of Puerto Rico-School of Optometry,,,,,,,,Private_nonprofit
Schiller International University,35529.0,13680.0,23224.0,13680.0,-0.10051169590643275,-2891.0,,Private_forprofit
Coconino Community College,40420.0,2712.0,5500.0,2712.0,11.876106194690266,2000.0,4.106,Public
Emma's Beauty Academy-Juana Diaz,17034.0,,,,,-21386.0,,Private_forprofit
Brillare Beauty Institute,24728.0,,5107.0,,,-13692.0,,Private_nonprofit
Pima Medical Institute-Denver,38673.0,,9500.0,,,253.0,,Private_forprofit
Ohio State School of Cosmetology-Heath,25078.0,,5831.0,,,-13342.0,,Private_forprofit
Yeshivas Novominsk,,8640.0,,8640.0,,,,Private_nonprofit
Southern Careers Institute-Corpus Christi,27035.0,,7389.0,,,-11385.0,,Private_forprofit
Rabbinical College of Ohr Shimon Yisroel,,21850.0,,21850.0,,,,Private_nonprofit
Carroll Community College,44349.0,4128.0,7769.0,4128.0,7.861434108527132,5929.0,2.006577837746669,Public
Galen College of Nursing-Tampa Bay,61480.0,16400.0,16500.0,16400.0,1.7426829268292683,23060.0,1.4267129228100608,Private_forprofit
Galen College of Nursing-San Antonio,61480.0,16400.0,16500.0,16400.0,1.7426829268292683,23060.0,1.4267129228100608,Private_forprofit
Sarasota School of Massage Therapy,30237.0,,7916.0,,,-8183.0,,Private_forprofit
Schuyler Steuben Chemung Tioga Allegany BOCES,43956.0,,9323.0,,,5536.0,,Public
Delaware Chenango Madison Otsego BOCES-Practical Nursing Program,48116.0,,,,,9696.0,,Public
Central Susquehanna Intermediate Unit LPN Career,49686.0,,9500.0,,,11266.0,,Public
Myotherapy Massage College,31678.0,,8233.0,,,-6742.0,,Private_forprofit
G Skin & Beauty Institute,32281.0,,5396.0,,,-6139.0,,Private_forprofit
Cosmetology Training Center,16194.0,,7350.0,,,-22226.0,,Private_forprofit
Stage One-The Hair School,17390.0,,8250.0,,,-21030.0,,Private_forprofit
Empire Beauty School-Malden,23921.0,,7851.0,,,-14499.0,,Private_forprofit
Stephanie Moss Academy,28953.0,,6333.0,,,-9467.0,,Private_forprofit
Orlo School of Hair Design and Cosmetology,32014.0,,5500.0,,,-6406.0,,Private_forprofit
Eastland-Fairfield Career and Technical Schools,43780.0,,5500.0,,,5360.0,,Public
Empire Beauty School-Cincinnati,23743.0,,6155.0,,,-14677.0,,Private_forprofit
Mahoning County Career and Technical Center,37526.0,,5500.0,,,-894.0,,Public
Pickaway Ross Joint Vocational School District,46485.0,,5500.0,,,8065.0,,Public
Pioneer Career and Technology Center,32219.0,,,,,-6201.0,,Public
Raphael's School of Beauty Culture Inc-Boardman,22437.0,,5500.0,,,-15983.0,,Private_forprofit
Scioto County Career Technical Center,40584.0,,5500.0,,,2164.0,,Public
Pacific Bible College,,6555.0,,6555.0,,,,Private_nonprofit
Lake Erie College of Osteopathic Medicine,,,,,,,,Private_nonprofit
UCAS University of Cosmetology Arts & Sciences-Harlingen,19880.0,,6083.0,,,-18540.0,,Private_forprofit
KaiStar,31123.0,,7780.0,,,-7297.0,,Private_forprofit
Empire Beauty School-Green Bay,23589.0,,6333.0,,,-14831.0,,Private_forprofit
Warren County Career Center,49016.0,,5500.0,,,10596.0,,Public
Paul Mitchell the School-Wichita,31553.0,,9500.0,,,-6867.0,,Private_forprofit
Pinnacle Institute of Cosmetology,22786.0,,9833.0,,,-15634.0,,Private_forprofit
Southern Careers Institute-Pharr,27035.0,,7389.0,,,-11385.0,,Private_forprofit
Florida National University-Main Campus,33928.0,16088.0,16492.0,16088.0,0.08378915962207857,-4492.0,,Private_forprofit
Georgia Institute of Cosmetology,21432.0,,9500.0,,,-16988.0,,Private_forprofit
Nouvelle Institute,16138.0,,,,,-22282.0,,Private_forprofit
Franklin Technology Center Adult Education,36700.0,,7600.0,,,-1720.0,,Public
Professional Technical Institution,24336.0,,,,,-14084.0,,Private_forprofit
Erikson Institute,,,,,,,,Private_nonprofit
South Texas College,36788.0,4920.0,,4920.0,,-1632.0,,Public
Pike County Joint Vocational School District,44689.0,,,,,6269.0,,Public
Lorain County Joint Vocational School District,35776.0,,3242.0,,,-2644.0,,Public
Roger Williams University School of Law,70266.0,,19500.0,,,31846.0,,Private_nonprofit
California State University-Monterey Bay,59247.0,7437.0,11000.0,7437.0,5.487427726233697,20827.0,0.8852451145148125,Public
Ohio Media School-Valley View,37423.0,,9500.0,,,-997.0,,Private_forprofit
EINE Inc,,,9500.0,,,,,Private_forprofit
Marian Health Careers Center-Los Angeles Campus,63612.0,,10916.0,,,25192.0,,Private_forprofit
Cleveland Clinic Health System-School of Diagnostic Imaging,,,11658.0,,,,,Private_nonprofit
Academy for Nursing and Health Occupations,47039.0,,15715.0,,,8619.0,,Private_nonprofit
Shawsheen Valley School of Practical Nursing,,,4750.0,,,,,Public
Shear Ego International School of Hair Design,,,6333.0,,,,,Private_forprofit
Remington College-Memphis Campus,31349.0,20047.0,9500.0,20047.0,0.08988876141068489,-7071.0,,Private_nonprofit
Fayette Institute of Technology,41880.0,,,,,3460.0,,Public
Capella University,42189.0,14436.0,8814.0,14436.0,1.3119285120532003,3769.0,6.168745025205625,Private_forprofit
College of Menominee Nation,25853.0,6200.0,,6200.0,,-12567.0,,Private_nonprofit
Leech Lake Tribal College,,4148.0,,4148.0,,,,Public
Spartan College of Aeronautics & Technology,61575.0,,20000.0,,,23155.0,,Private_forprofit
Yukon Beauty College Inc,19950.0,,9500.0,,,-18470.0,,Private_forprofit
United Education Institute-Morrow,31141.0,,9500.0,,,-7279.0,,Private_forprofit
Artistic Academy of Hair Design,34266.0,,5500.0,,,-4154.0,,Private_forprofit
Motoring Technical Training Institute,48281.0,,9350.0,,,9861.0,,Private_forprofit
Mech-Tech College,24967.0,11394.0,3008.0,11394.0,0.9272424082850623,-13453.0,,Private_forprofit
Baldwin Beauty School-North Austin,24801.0,,5500.0,,,-13619.0,,Private_forprofit
Jean Madeline Aveda Institute,26029.0,,8028.0,,,-12391.0,,Private_forprofit
Pacific College of Health and Science,26209.0,11234.0,9500.0,11234.0,0.4873598006053053,-12211.0,,Private_forprofit
Tricoci University of Beauty Culture-Indianapolis,26446.0,,6333.0,,,-11974.0,,Private_forprofit
Trine University-Regional/Non-Traditional Campuses,57165.0,9576.0,18500.0,9576.0,3.0376984126984126,18745.0,1.4977860762870099,Private_nonprofit
Pennsylvania Highlands Community College,38752.0,6990.0,6211.0,6990.0,3.655364806866953,332.0,39.76204819277108,Public
Nevada Career Institute,41472.0,,9321.0,,,3052.0,,Private_forprofit
Phillips Theological Seminary,,,,,,,,Private_nonprofit
Empire Beauty School-Hanover,24407.0,,7050.0,,,-14013.0,,Private_forprofit
Industrial Management Training Institute,55344.0,,8490.0,,,16924.0,,Private_forprofit
Allen School-Jamaica,34186.0,,9500.0,,,-4234.0,,Private_forprofit
Premiere Career College,41270.0,,13818.0,,,2850.0,,Private_forprofit
The University of Texas MD Anderson Cancer Center,90232.0,,12500.0,,,51812.0,,Public
Paul Mitchell the School-Huntsville,19098.0,,9833.0,,,-19322.0,,Private_forprofit
Estes Institute of Cosmetology Arts and Science,26965.0,,7000.0,,,-11455.0,,Private_forprofit
Baldwin Park Adult & Community Education,32069.0,,,,,-6351.0,,Public
Ventura Adult and Continuing Education,38232.0,,3920.0,,,-188.0,,Public
CT Aerotech,,,,,,,,Public
Stratford School for Aviation Maintenance Technicians,,,,,,,,Public
City College-Altamonte Springs,35994.0,18615.0,11147.0,18615.0,0.33478377652430835,-2426.0,,Private_forprofit
Career Center of Southern Illinois,48452.0,,10221.0,,,10032.0,,Public
Crave Beauty Academy,26589.0,,7917.0,,,-11831.0,,Private_forprofit
Hastings Beauty School,26258.0,,9500.0,,,-12162.0,,Private_forprofit
Kirksville Area Technical Center,40517.0,,9000.0,,,2097.0,,Public
Southern Missouri Technical Institute,31460.0,,8994.0,,,-6960.0,,Public
Saline County Career Center,37200.0,,11602.0,,,-1220.0,,Public
Warrensburg Area Career Center,37242.0,,,,,-1178.0,,Public
Cass Career Center,52545.0,,9500.0,,,14125.0,,Public
Applied Technology Services,56508.0,,14750.0,,,18088.0,,Public
Central College of Cosmetology,22821.0,,,,,-15599.0,,Private_forprofit
Southeast Missouri Hospital College of Nursing and Health Sciences,60918.0,11691.0,9860.0,11691.0,3.367291078607476,22498.0,0.9579073695439595,Private_nonprofit
Messenger College,29463.0,11200.0,27000.0,11200.0,-0.7800892857142857,-8957.0,,Private_nonprofit
Union County Vocational Technical School,37590.0,,,,,-830.0,,Public
Prism Career Institute-Philadelphia,32473.0,,16645.0,,,-5947.0,,Private_forprofit
Clinton Essex Warren Washington BOCES,,,7100.0,,,,,Public
Jefferson Lewis BOCES-Practical Nursing Program,47886.0,18571.0,4750.0,18571.0,1.3227612944914113,9466.0,2.4636594126346925,Public
Veeb Nassau County School of Practical Nursing,62185.0,20230.0,9500.0,20230.0,1.6043005437469104,23765.0,1.2509993688196928,Public
Cattaraugus Allegany BOCES-Practical Nursing Program,39581.0,,4386.0,,,1161.0,,Public
Orange Ulster BOCES-Practical Nursing Program,57794.0,,11880.0,,,19374.0,,Public
Wayne Finger Lakes BOCES-Practical Nursing Program,49509.0,,10649.0,,,11089.0,,Public
Broome Delaware Tioga BOCES-Practical Nursing Program,53233.0,,9500.0,,,14813.0,,Public
Washington Saratoga Warren Hamilton Essex BOCES-Practical Nursing Program,48129.0,,13000.0,,,9709.0,,Public
Albany BOCES-Adult Practical Nursing Program,47733.0,,9500.0,,,9313.0,,Public
Eastern Suffolk BOCES,63394.0,,8550.0,,,24974.0,,Public
Rockland County BOCES-Practical Nursing Program,68647.0,,6820.0,,,30227.0,,Public
New York College of Health Professions,31601.0,14235.0,17644.0,14235.0,-0.019529329118370214,-6819.0,,Private_nonprofit
Charles Stuart School of Diamond Setting,,,,,,,,Private_forprofit
Penta County Joint Vocational School,33656.0,,,,,-4764.0,,Public
Career and Technology Education Centers of Licking County,38002.0,,5500.0,,,-418.0,,Public
Northern Career Institute,49073.0,15600.0,9500.0,15600.0,1.5367307692307692,10653.0,2.3561438092556086,Public
Washington County Career Center-Adult Technical Training,43749.0,,,,,5329.0,,Public
Ohio Media School-Cincinnati,28918.0,,9500.0,,,-9502.0,,Private_forprofit
Vantage Career Center,33875.0,,6827.0,,,-4545.0,,Public
Indian Capital Technology Center-Muskogee,33208.0,,,,,-5212.0,,Public
Western Technology Center,29728.0,,,,,-8692.0,,Public
Mid-America Technology Center,38465.0,,,,,45.0,,Public
Eastern Oklahoma County Technology Center,49311.0,,,,,10891.0,,Public
Wes Watkins Technology Center,32209.0,,,,,-6211.0,,Public
York County School of Technology-Adult & Continuing Education,54322.0,,9500.0,,,15902.0,,Public
Chester County Intermediate Unit,60347.0,,18075.0,,,21927.0,,Public
Jefferson County Dubois Area Vocational Technical Practical Nursing Program,36531.0,,9855.0,,,-1889.0,,Public
Greater Johnstown Career and Technology Center,48881.0,,7818.0,,,10461.0,,Public
Mifflin County Academy of Science and Technology,47765.0,,9500.0,,,9345.0,,Public
Lenape Technical School Practical Nursing Program,46756.0,,10223.0,,,8336.0,,Public
Venango County Area Vocational Technical School,38161.0,,9500.0,,,-259.0,,Public
Lancaster County Career and Technology Center,44566.0,,11858.0,,,6146.0,,Public
Lebanon County Area Vocational Technical School,56364.0,,9500.0,,,17944.0,,Public
Indiana County Technology Center,34858.0,,7600.0,,,-3562.0,,Public
Northern Tier Career Center,38737.0,,12625.0,,,317.0,,Public
Hazleton Area Career Center,49311.0,,,,,10891.0,,Public
All-State Career School-Pittsburgh,33193.0,,6333.0,,,-5227.0,,Private_forprofit
D'Mart Institute,17340.0,,,,,-21080.0,,Private_forprofit
Automeca Technical College-Aguadilla,24632.0,8895.0,3000.0,8895.0,1.431928049465992,-13788.0,,Private_forprofit
North Central Institute,55027.0,,,,,16607.0,,Private_forprofit
Pipo Academy of Hair Design,20136.0,,,,,-18284.0,,Private_forprofit
Tint School of Makeup and Cosmetology-Dallas,26381.0,,4750.0,,,-12039.0,,Private_forprofit
United Technical Center,49130.0,4400.0,,4400.0,,10710.0,,Public
Charles H McCann Technical School,,,,,,,,Public
Central California School of Continuing Education,41223.0,9895.0,5150.0,9895.0,2.6455785750378977,2803.0,5.367463432037103,Private_forprofit
HCA Florida Mercy Hospital School of Practical Nursing,72275.0,,,,,33855.0,,Private_forprofit
Marion Technical College,36095.0,,,,,-2325.0,,Public
Rivertown School of Beauty Barber Skin Care and Nails,22139.0,,6333.0,,,-16281.0,,Private_forprofit
Atlanta Institute of Music and Media,31186.0,,9500.0,,,-7234.0,,Private_forprofit
Illinois Media School,38284.0,,9500.0,,,-136.0,,Private_forprofit
New Dimensions School of Hair Design,28050.0,,8375.0,,,-10370.0,,Private_forprofit
Jna Institute of Culinary Arts,32286.0,14575.0,8208.0,14575.0,0.6520068610634648,-6134.0,,Private_forprofit
Putnam Career and Technical Center,36203.0,,,,,-2217.0,,Public
Crawford County Career and Technical Center Practical Nursing Program,46611.0,,9829.0,,,8191.0,,Public
Texas College of Cosmetology-San Angelo,21685.0,,5500.0,,,-16735.0,,Private_forprofit
Automeca Technical College-Bayamon,24632.0,8895.0,3000.0,8895.0,1.431928049465992,-13788.0,,Private_forprofit
Automeca Technical College-Caguas,24632.0,8895.0,3000.0,8895.0,1.431928049465992,-13788.0,,Private_forprofit
Automeca Technical College-Ponce,24632.0,8895.0,3000.0,8895.0,1.431928049465992,-13788.0,,Private_forprofit
Centura College-Chesapeake,25930.0,16637.0,10054.0,16637.0,-0.04574141972711426,-12490.0,,Private_forprofit
University of Phoenix-Hawaii,37752.0,,16690.0,,,-668.0,,Private_forprofit
Prism Career Institute-Cherry Hill,32473.0,,16645.0,,,-5947.0,,Private_forprofit
Sonoran University of Health Sciences,,,,,,,,Private_nonprofit
Escuela de Peritos Electricistas de Isabela Inc,24480.0,,,,,-13940.0,,Private_forprofit
Yeshiva D'monsey Rabbinical College,,9200.0,,9200.0,,,,Private_nonprofit
Lincoln Technical Institute-Mahwah,46396.0,,9524.0,,,7976.0,,Private_forprofit
Career Technical Institute,30227.0,,7074.0,,,-8193.0,,Private_forprofit
Northwest Vista College,42490.0,3412.0,5500.0,3412.0,9.841148886283705,4070.0,2.1896805896805898,Public
Oconee Fall Line Technical College,30899.0,3201.0,4688.0,3201.0,7.188378631677601,-7521.0,,Public
York County Community College,44873.0,3866.0,5500.0,3866.0,9.184428349715468,6453.0,1.4514179451417946,Public
Western Suffolk BOCES,49667.0,,9500.0,,,11247.0,,Public
Arkansas State University-Mountain Home,34238.0,3168.0,8685.0,3168.0,7.065972222222222,-4182.0,,Public
Columbia Gorge Community College,44440.0,5544.0,8778.0,5544.0,5.432539682539683,6020.0,2.3790697674418606,Public
Bakke Graduate University,,,,,,,,Private_nonprofit
Tillamook Bay Community College,,4680.0,6980.0,4680.0,,,,Public
Manhattan School of Computer Technology,26020.0,,,,,-12400.0,,Private_nonprofit
Ross College-Hopkinsville,29898.0,,7719.0,,,-8522.0,,Private_forprofit
Paul Mitchell the School-St. George,38043.0,,7070.0,,,-377.0,,Private_forprofit
Cadillac Institute of Cosmetology,16514.0,,,,,-21906.0,,Private_forprofit
Arizona College of Nursing-Tempe,34657.0,24853.0,9500.0,24853.0,0.012231923711423169,-3763.0,,Private_forprofit
Vanguard-Sentinel Adult Career and Technology Center,33907.0,,,,,-4513.0,,Public
Academy of Beauty Professionals,25117.0,,6333.0,,,-13303.0,,Private_forprofit
New York Conservatory for Dramatic Arts,26921.0,37200.0,12000.0,37200.0,-0.5988978494623656,-11499.0,,Private_forprofit
Eastern International College-Jersey City,35008.0,18947.0,18499.0,18947.0,-0.12867472423074894,-3412.0,,Private_forprofit
Academia Serrant Inc,18422.0,,,,,-19998.0,,Private_forprofit
San Joaquin Valley College-Trades Education Center,38317.0,,9773.0,,,-103.0,,Private_forprofit
Pacific College,70064.0,,20869.0,,,31644.0,,Private_forprofit
American College of Healthcare and Technology,31109.0,,9500.0,,,-7311.0,,Private_forprofit
Compu-Med Vocational Careers Corp,22226.0,,,,,-16194.0,,Private_forprofit
Advantage Technical College,26905.0,,,,,-11515.0,,Private_forprofit
Mid Cities Barber College,24664.0,,,,,-13756.0,,Private_forprofit
Midwestern University-Glendale,,,,,,,,Private_nonprofit
Oregon Coast Community College,,5400.0,6334.0,5400.0,,,,Public
Gwinnett College-Sandy Springs,31206.0,,7639.0,,,-7214.0,,Private_forprofit
Mildred Elley-Pittsfield Campus,38830.0,16052.0,12000.0,16052.0,0.6714428108646897,410.0,68.41951219512195,Private_forprofit
Embry-Riddle Aeronautical University-Worldwide,84131.0,11665.0,14250.0,11665.0,4.990655807972567,45711.0,0.5669313731924482,Private_nonprofit
Merkaz Bnos-Business School,27249.0,,,,,-11171.0,,Private_nonprofit
Lia Schorr Institute of Cosmetic Skin Care Training,,,4996.0,,,,,Private_forprofit
CET-Alexandria,32986.0,,6729.0,,,-5434.0,,Private_nonprofit
Aviation Institute of Maintenance-Norfolk,44173.0,16757.0,19500.0,16757.0,0.47239959419943905,5753.0,6.302277072831566,Private_forprofit
Centura College-Richmond Main,25930.0,16637.0,10054.0,16637.0,-0.04574141972711426,-12490.0,,Private_forprofit
Osceola Technical College,38484.0,,,,,64.0,,Public
Miami Ad School,106192.0,19400.0,16849.0,19400.0,3.6053092783505156,67772.0,0.5348669066871274,Private_forprofit
Green Country Technology Center,51375.0,,,,,12955.0,,Public
Nova College de Puerto Rico,20251.0,,,,,-18169.0,,Private_forprofit
John Wesley International Barber and Beauty College,23643.0,,,,,-14777.0,,Private_forprofit
Southeastern College-West Palm Beach,41200.0,23584.0,12039.0,23584.0,0.23647388059701493,2780.0,12.814028776978418,Private_forprofit
Ottawa University-Milwaukee,55552.0,,12500.0,,,17132.0,,Private_nonprofit
Klamath Community College,34357.0,4857.0,9500.0,4857.0,4.117768169652049,-4063.0,,Public
American College of Acupuncture and Oriental Med,,,,,,,,Private_forprofit
AOMA Graduate School of Integrative Medicine,,,,,,,,Private_forprofit
Urban College of Boston,35472.0,7608.0,,7608.0,,-2948.0,,Private_nonprofit
Strayer University-Maryland,40092.0,13920.0,14000.0,13920.0,0.8744252873563219,1672.0,16.698564593301434,Private_forprofit
Empire Beauty School-Monroeville,25073.0,,8028.0,,,-13347.0,,Private_forprofit
Southern Careers Institute-San Antonio,27035.0,,7389.0,,,-11385.0,,Private_forprofit
Cayce/Reilly School of Massage,19338.0,,7389.0,,,-19082.0,,Private_nonprofit
Prism Career Institute-West Atlantic City,32473.0,,16645.0,,,-5947.0,,Private_forprofit
Studio Jewelers,,,,,,,,Private_forprofit
Praxis Institute,22300.0,,8805.0,,,-16120.0,,Private_forprofit
San Juan Bautista School of Medicine,,9489.0,7000.0,9489.0,,,,Private_nonprofit
Texas Health and Science University,,,,,,,,Private_forprofit
Carver Career Center,33739.0,,,,,-4681.0,,Public
Cayuga Onondaga BOCES-Practical Nursing Program,45439.0,13335.0,7104.0,13335.0,1.8747656542932134,7019.0,2.911953269696538,Public
Clearfield County Career and Technology Center,41559.0,,8750.0,,,3139.0,,Public
Colegio de Cinematografia Artes y Television,25707.0,7195.0,,7195.0,,-12713.0,,Private_forprofit
Delaware County Technical School-Practical Nursing Program,55120.0,,16500.0,,,16700.0,,Public
Mid-Del Technology Center,33238.0,,,,,-5182.0,,Public
New York Institute of Massage Inc,26379.0,,9500.0,,,-12041.0,,Private_forprofit
Dutchess BOCES-Practical Nursing Program,48363.0,,5500.0,,,9943.0,,Public
Escuela Tecnica de Electricidad,26398.0,,,,,-12022.0,,Private_forprofit
Institute of Technology,35095.0,,9500.0,,,-3325.0,,Private_forprofit
Bristol Technical Education Center,,,,,,,,Public
Genesee Valley BOCES-Practical Nursing Program,46695.0,,11460.0,,,8275.0,,Public
Henrico County-Saint Marys Hospital School of Practical Nursing,56618.0,,9500.0,,,18198.0,,Public
Herkimer County BOCES-Practical Nursing Program,41763.0,,6125.0,,,3343.0,,Public
Graduate America College,22178.0,,,,,-16242.0,,Private_forprofit
Cape Coral Technical College,36080.0,,,,,-2340.0,,Public
UPMC Mercy School of Nursing,68337.0,16190.0,12000.0,16190.0,2.479740580605312,29917.0,0.9422736236922151,Private_nonprofit
Ocean County Vocational-Technical School,47122.0,,5500.0,,,8702.0,,Public
Yeshiva of the Telshe Alumni,,9400.0,,9400.0,,,,Private_nonprofit
Kenneth Shuler School of Cosmetology-Rock Hill,23193.0,,5724.0,,,-15227.0,,Private_forprofit
CET-El Paso,32986.0,,6729.0,,,-5434.0,,Private_nonprofit
Appalachian School of Law,,,,,,,,Private_nonprofit
Platt College-Ontario,40669.0,14804.0,15215.0,14804.0,0.7194001621183463,2249.0,13.347710093374832,Private_forprofit
Delaware College of Art and Design,35036.0,30280.0,12000.0,30280.0,-0.2392338177014531,-3384.0,,Private_nonprofit
American University of Health Sciences,93610.0,24575.0,32484.0,24575.0,1.487324516785351,55190.0,1.033864830585251,Private_forprofit
Career Networks Institute,45256.0,,23645.0,,,6836.0,,Private_forprofit
Monty Tech,,,9500.0,,,,,Public
Okaloosa Technical College,32577.0,,,,,-5843.0,,Public
Lincoln Technical Institute-Lincoln,31914.0,,9000.0,,,-6506.0,,Private_forprofit
Wayne County Schools Career Center,42774.0,,5500.0,,,4354.0,,Public
Carolinas College of Health Sciences,64624.0,19095.0,9500.0,19095.0,1.886829012830584,26204.0,1.0912456113570448,Public
Western Governors University,60615.0,8300.0,8318.0,8300.0,5.300843373493976,22195.0,0.7487271908087407,Private_nonprofit
California Aeronautical University,38361.0,35465.0,13354.0,35465.0,-0.2948822783025518,-59.0,,Private_forprofit
Herzing University-New Orleans,36909.0,13420.0,11756.0,13420.0,0.8742921013412817,-1511.0,,Private_nonprofit
Florida Gulf Coast University,54560.0,6118.0,11999.0,6118.0,5.956685191238967,16140.0,1.1224907063197025,Public
Little Priest Tribal College,,5400.0,,5400.0,,,,Public
South Louisiana Community College,31432.0,4210.0,7250.0,4210.0,4.74394299287411,-6988.0,,Public
Pima Medical Institute-Chula Vista,38673.0,,9500.0,,,253.0,,Private_forprofit
Lincoln College of Technology-Marietta,31914.0,,9000.0,,,-6506.0,,Private_forprofit
Academy of Hair Design-Lufkin,20892.0,,9500.0,,,-17528.0,,Private_forprofit
Pathway Vocational Academy,22822.0,,6222.0,,,-15598.0,,Private_forprofit
Cortiva Institute,30474.0,,7652.0,,,-7946.0,,Private_forprofit
Toni & Guy Hairdressing Academy-Worcester,,,6222.0,,,,,Private_forprofit
Northwest HVAC/R Training Center,60551.0,,9500.0,,,22131.0,,Private_nonprofit
Myotherapy Institute,27531.0,16390.0,10712.0,16390.0,0.026174496644295303,-10889.0,,Private_forprofit
Florida College of Integrative Medicine,,,,,,,,Private_forprofit
New Professions Technical Institute,25962.0,,6952.0,,,-12458.0,,Private_forprofit
Strand College of Hair Design,21301.0,,6333.0,,,-17119.0,,Private_forprofit
Ilisagvik College,39541.0,5260.0,,5260.0,,1121.0,,Public
Community College of Baltimore County,43729.0,4380.0,8251.0,4380.0,7.1,5309.0,2.379167451497457,Public
White Earth Tribal and Community College,18044.0,5250.0,,5250.0,,-20376.0,,Private_nonprofit
Blue Cliff College-Metairie,22177.0,,8265.0,,,-16243.0,,Private_forprofit
Creative Images Institute of Cosmetology-North Dayton,22271.0,,9149.0,,,-16149.0,,Private_forprofit
Dewey University-Carolina,19761.0,7630.0,5000.0,7630.0,0.9346002621231979,-18659.0,,Private_nonprofit
Yeshiva College of the Nations Capital,,11100.0,,11100.0,,,,Private_nonprofit
Louisiana State University Health Sciences Center-Shreveport,74671.0,,15719.0,,,36251.0,,Public
Hair Academy II,43383.0,,5500.0,,,4963.0,,Private_forprofit
River Parishes Community College,37848.0,4079.0,7329.0,4079.0,6.4819808776660945,-572.0,,Public
Los Angeles Film School,31632.0,,15934.0,,,-6788.0,,Private_forprofit
Century College,19462.0,8575.0,,8575.0,,-18958.0,,Private_forprofit
FINE Mortuary College,,19325.0,19000.0,19325.0,,,,Private_forprofit
International Baptist College and Seminary,39556.0,13500.0,,13500.0,,1136.0,,Private_nonprofit
Gwinnett College,29234.0,,7917.0,,,-9186.0,,Private_forprofit
Medical Training College,30894.0,,5671.0,,,-7526.0,,Private_forprofit
University of Connecticut-Waterbury Campus,73997.0,17462.0,18610.0,17462.0,2.171858893597526,35577.0,1.013913483430306,Public
University of Connecticut-Avery Point,73997.0,17462.0,18610.0,17462.0,2.171858893597526,35577.0,1.013913483430306,Public
University of Connecticut-Stamford,73997.0,17472.0,18610.0,17472.0,2.170043498168498,35577.0,1.0141945639036456,Public
University of Management and Technology,68530.0,9450.0,8971.0,9450.0,5.302539682539683,30110.0,0.6117901029558286,Private_forprofit
Baton Rouge Community College,34581.0,4221.0,7000.0,4221.0,5.534233593935086,-3839.0,,Public
IYRS School of Technology & Trades,,,9500.0,,,,,Private_nonprofit
Midwest Technical Institute-Illinois,33601.0,,9251.0,,,-4819.0,,Private_forprofit
Advanced Barber College and Hair Design,18519.0,,,,,-19901.0,,Private_forprofit
The College of Health Care Professions-Austin,38922.0,,9096.0,,,502.0,,Private_forprofit
New Community Career & Technical Institute,40200.0,,1932.0,,,1780.0,,Private_nonprofit
The Chicago School-College of Nursing,56899.0,,10250.0,,,18479.0,,Private_nonprofit
Professional Golfers Career College,46079.0,18310.0,8000.0,18310.0,1.0796832332058983,7659.0,3.435174304739522,Private_forprofit
Chester Career College,32650.0,,16000.0,,,-5770.0,,Private_forprofit
Milan Institute-San Antonio Ingram,24879.0,,6333.0,,,-13541.0,,Private_forprofit
Rudae's School of Beauty Culture-Ft Wayne,25749.0,,9500.0,,,-12671.0,,Private_forprofit
Carrington College-San Jose,39633.0,,10460.0,,,1213.0,,Private_forprofit
Brookline College-Tucson,29576.0,,9500.0,,,-8844.0,,Private_forprofit
Miller-Motte College-McCann-Lewisburg,31102.0,,10661.0,,,-7318.0,,Private_forprofit
Carrington College-Pleasant Hill Campus,39633.0,,10460.0,,,1213.0,,Private_forprofit
Cortiva Institute,27193.0,,6500.0,,,-11227.0,,Private_forprofit
Modern Hairstyling Institute-Carolina,17666.0,,,,,-20754.0,,Private_forprofit
Universal Technical Institute of California Inc,52873.0,,11183.0,,,14453.0,,Private_forprofit
American InterContinental University-Atlanta,36144.0,13416.0,9500.0,13416.0,0.9859868813357185,-2276.0,,Private_forprofit
The Academy of Hair Design Six,22706.0,,6500.0,,,-15714.0,,Private_forprofit
Eastern West Virginia Community and Technical College,31636.0,4288.0,5500.0,4288.0,5.095149253731344,-6784.0,,Public
Aviation Institute of Maintenance-Indianapolis,42759.0,16757.0,12663.0,16757.0,0.7960255415647193,4339.0,6.7803641392025815,Private_forprofit
IVAEM College,19686.0,,,,,-18734.0,,Private_forprofit
Midwest College of Oriental Medicine-Skokie,44136.0,,15000.0,,,5716.0,,Private_forprofit
Carrington College-Spokane,36625.0,,8615.0,,,-1795.0,,Private_forprofit
Cascadia College,54133.0,4914.0,5215.0,4914.0,8.954822954822955,15713.0,0.6446254693565837,Public
CBD College,37237.0,,16733.0,,,-1183.0,,Private_nonprofit
East West College of Natural Medicine,,,,,,,,Private_forprofit
Atlantic Institute of Oriental Medicine,,,,,,,,Private_nonprofit
MDT College of Health Sciences,43946.0,21600.0,14250.0,21600.0,0.3748148148148148,5526.0,6.487513572204126,Private_forprofit
Bennett Career Institute,22568.0,,3666.0,,,-15852.0,,Private_forprofit
Blue Cliff College-Lafayette,22177.0,,8265.0,,,-16243.0,,Private_forprofit
Community Care College,28954.0,,7934.0,,,-9466.0,,Private_nonprofit
Erie 1 BOCES,47114.0,,7781.0,,,8694.0,,Public
HDS Truck Driving Institute,40059.0,,,,,1639.0,,Private_forprofit
The King's University,41471.0,12480.0,14250.0,12480.0,1.1811698717948718,3051.0,8.761061946902656,Private_nonprofit
Fortis College-Baton Rouge,32886.0,16167.0,9500.0,16167.0,0.44652687573452093,-5534.0,,Private_forprofit
My Le's Beauty College,15070.0,,,,,-23350.0,,Private_forprofit
New Concept Massage and Beauty School,20421.0,,5700.0,,,-17999.0,,Private_forprofit
New York College of Traditional Chinese Medicine,,,12500.0,,,,,Private_nonprofit
Fortis College-Orange Park,28506.0,14386.0,9500.0,14386.0,0.3211455581815654,-9914.0,,Private_forprofit
Northeastern Seminary,,,,,,,,Private_nonprofit
Omega Institute of Cosmetology,14923.0,,4584.0,,,-23497.0,,Private_forprofit
Pacific Islands University,20902.0,7203.0,,7203.0,,-17518.0,,Private_nonprofit
PCI College,36141.0,,15272.0,,,-2279.0,,Private_forprofit
Rosedale Bible College,35558.0,9418.0,4142.0,9418.0,2.335740072202166,-2862.0,,Private_nonprofit
Seattle Institute of East Asian Medicine,,,,,,,,Private_nonprofit
Shawnee Beauty College,18636.0,,4400.0,,,-19784.0,,Private_forprofit
Acupuncture and Massage College,21937.0,11980.0,7600.0,11980.0,0.19674457429048414,-16483.0,,Private_forprofit
Upper Valley Educators Institute,,,12500.0,,,,,Private_nonprofit
Keck Graduate Institute,,,12500.0,,,,,Private_nonprofit
Aviation Institute of Maintenance-Atlanta,48191.0,16657.0,20500.0,16657.0,0.6624242060395029,9771.0,3.802783747825197,Private_forprofit
Empire Beauty School-Kennesaw,23589.0,,6333.0,,,-14831.0,,Private_forprofit
New York Automotive and Diesel Institute,50963.0,,14250.0,,,12543.0,,Private_forprofit
Remington College-Baton Rouge Campus,31349.0,15144.0,9500.0,15144.0,0.44274960380348655,-7071.0,,Private_nonprofit
New Saint Andrews College,,15700.0,,15700.0,,,,Private_nonprofit
Arkansas State University-Newport,41524.0,2856.0,5750.0,2856.0,11.525910364145659,3104.0,2.7725515463917527,Public
Atenas College,20231.0,8198.0,6600.0,8198.0,0.6627226152720176,-18189.0,,Private_nonprofit
Onondaga Cortland Madison BOCES,40658.0,,5792.0,,,2238.0,,Public
Interactive College of Technology,27182.0,10970.0,5300.0,10970.0,0.9947128532360985,-11238.0,,Private_forprofit
Pillar College,45577.0,24820.0,17817.0,24820.0,0.11845286059629331,7157.0,5.957384378929719,Private_nonprofit
Oregon State University-Cascades Campus,64010.0,12594.0,15000.0,12594.0,2.891535651897729,25590.0,1.07831184056272,Public
Milan Institute-Amarillo,29491.0,,7618.0,,,-8929.0,,Private_forprofit
Southern University Law Center,43371.0,,15455.0,,,4951.0,,Public
Texas Barber College,21262.0,,9500.0,,,-17158.0,,Private_forprofit
Miller-Motte College-Charleston,31102.0,,10661.0,,,-7318.0,,Private_forprofit
American Career College-Anaheim,38430.0,,9500.0,,,10.0,,Private_forprofit
Saginaw Chippewa Tribal College,,2210.0,,2210.0,,,,Public
Richmont Graduate University,,,,,,,,Private_nonprofit
The Seattle School of Theology & Psychology,,,,,,,,Private_nonprofit
East Valley Institute of Technology,35086.0,,,,,-3334.0,,Public
Smith Chason College,58004.0,19100.0,16640.0,19100.0,1.16565445026178,19584.0,1.8249591503267975,Private_forprofit
Irell & Manella Graduate School of Biological Sciences at City of Hope,,,,,,,,Private_nonprofit
Design's School of Cosmetology,23937.0,,6333.0,,,-14483.0,,Private_forprofit
Ultimate Medical Academy,29194.0,,11969.0,,,-9226.0,,Private_nonprofit
Florida Barber Academy,16697.0,,13000.0,,,-21723.0,,Private_forprofit
M-DCPS The English Center,30739.0,,,,,-7681.0,,Public
Florida Education Institute,24588.0,,9500.0,,,-13832.0,,Private_forprofit
Texas County Technical College,40843.0,19025.0,10026.0,19025.0,0.6198160315374507,2423.0,11.989682212133719,Private_forprofit
Aviation Institute of Maintenance-Kansas City,40743.0,16757.0,14805.0,16757.0,0.5478904338485409,2323.0,13.586741282823935,Private_forprofit
Blue Cliff College-Gulfport,22177.0,,8265.0,,,-16243.0,,Private_forprofit
Metropolitan Learning Institute,25916.0,,,,,-12504.0,,Private_nonprofit
Orleans Niagara BOCES-Practical Nursing Program,,,9500.0,,,,,Public
Yeshiva Shaarei Torah of Rockland,89548.0,13000.0,,13000.0,,51128.0,,Private_nonprofit
Leon Studio One School of Beauty Knowledge,26249.0,,9500.0,,,-12171.0,,Private_forprofit
American Institute of Alternative Medicine,40805.0,17291.0,9500.0,17291.0,0.8104794401711873,2385.0,11.233123689727464,Private_forprofit
Brown Aveda Institute-Mentor,27446.0,,6333.0,,,-10974.0,,Private_forprofit
Institute of Technology,37507.0,,9500.0,,,-913.0,,Private_forprofit
Susquehanna County Career and Technology Center,,,5500.0,,,,,Public
Universidad Pentecostal Mizpa,21410.0,4220.0,,4220.0,,-17010.0,,Private_nonprofit
Caribbean Forensic and Technical College,20691.0,8500.0,,8500.0,,-17729.0,,Private_forprofit
Concorde Career College-Grand Prairie,40648.0,,9500.0,,,2228.0,,Private_forprofit
Lamar Institute of Technology,38991.0,2844.0,8287.0,2844.0,9.796061884669479,571.0,19.493870402802102,Public
Aviation Institute of Maintenance-Dallas,42375.0,16757.0,19500.0,16757.0,0.3651011517574745,3955.0,9.167383059418457,Private_forprofit
Healing Mountain Massage School,22160.0,,8139.0,,,-16260.0,,Private_forprofit
Eastern Virginia Career College,37304.0,,9500.0,,,-1116.0,,Private_forprofit
Rudy & Kelly Academy A Paul Mitchell Partner School,24176.0,,9500.0,,,-14244.0,,Private_forprofit
Nevada State University,53166.0,6368.0,12547.0,6368.0,5.378611809045226,14746.0,1.2827207378272074,Public
California State University-Channel Islands,62152.0,6817.0,12500.0,6817.0,6.283555816341499,23732.0,0.8139642676554862,Public
Franklin W Olin College of Engineering,129455.0,64458.0,14287.0,64458.0,0.7867138291600733,91035.0,0.8649969791838305,Private_nonprofit
Won Institute of Graduate Studies,,,,,,,,Private_nonprofit
Lincoln Technical Institute-Paramus,31914.0,,9000.0,,,-6506.0,,Private_forprofit
Pima Medical Institute-Colorado Springs,38673.0,,9500.0,,,253.0,,Private_forprofit
Paul Mitchell the School-Costa Mesa,26897.0,,9500.0,,,-11523.0,,Private_forprofit
Ave Maria School of Law,,,,,,,,Private_nonprofit
Tulsa Welding School-Jacksonville,41067.0,,6886.0,,,2647.0,,Private_forprofit
Pennsylvania College of Health Sciences,69731.0,31866.0,13352.0,31866.0,0.7692524948220674,31311.0,1.4441570055252149,Private_nonprofit
West Virginia Junior College-Bridgeport,27472.0,14747.0,7195.0,14747.0,0.37499152369973554,-10948.0,,Private_forprofit
St Louis College of Health Careers-Fenton,32217.0,,9500.0,,,-6203.0,,Private_forprofit
Interactive College of Technology-Gainesville,27065.0,11210.0,8661.0,11210.0,0.6417484388938448,-11355.0,,Private_forprofit
San Joaquin Valley College-Ontario,38317.0,,9773.0,,,-103.0,,Private_forprofit
Alaska Christian College,25787.0,9014.0,6233.0,9014.0,1.1692922121144886,-12633.0,,Private_nonprofit
University of Arkansas Grantham,63496.0,8280.0,8491.0,8280.0,5.643115942028985,25076.0,0.6688068272451747,Public
Carrington College-Albuquerque,36718.0,,9298.0,,,-1702.0,,Private_forprofit
NASCAR Technical Institute,52873.0,,11183.0,,,14453.0,,Private_forprofit
University of the Potomac-VA Campus,34961.0,6660.0,7500.0,6660.0,3.123273273273273,-3459.0,,Private_forprofit
Milan Institute-Palm Desert,29491.0,,7618.0,,,-8929.0,,Private_forprofit
Tohono O'odham Community College,39229.0,932.0,,932.0,,809.0,,Public
Edward Via College of Osteopathic Medicine,,,,,,,,Private_nonprofit
Pacific College of Health and Science,26209.0,7508.0,9500.0,7508.0,1.2254928076718168,-12211.0,,Private_forprofit
Southwest Institute of Healing Arts,29544.0,,7917.0,,,-8876.0,,Private_forprofit
InterCoast Colleges-Riverside,36089.0,,9500.0,,,-2331.0,,Private_forprofit
Brighton Center's Center for Employment Training,24540.0,,,,,-13880.0,,Private_nonprofit
California Healing Arts College,25151.0,,9476.0,,,-13269.0,,Private_forprofit
Dallas Barber & Stylist College,20142.0,,,,,-18278.0,,Private_forprofit
NorthShore University HealthSystem School of Nurse Anesthesia,,,,,,,,Private_nonprofit
Faith International University,51006.0,8850.0,12500.0,8850.0,3.350960451977401,12586.0,1.6963292547274749,Private_nonprofit
Family of Faith Christian University,,8220.0,,8220.0,,,,Private_nonprofit
Hood Theological Seminary,,,,,,,,Private_nonprofit
Colegio Educativo Tecnologico Industrial Inc,19432.0,,,,,-18988.0,,Private_nonprofit
Irene's Myomassology Institute,26551.0,,7389.0,,,-11869.0,,Private_forprofit
Jay's Technical Institute,15511.0,,9500.0,,,-22909.0,,Private_forprofit
NTMA Training Centers of Southern California,45713.0,,8785.0,,,7293.0,,Private_nonprofit
P C Age-Jersey City,54323.0,,11618.0,,,15903.0,,Private_forprofit
PC AGE-Metropark,54323.0,,11618.0,,,15903.0,,Private_forprofit
Hollywood Institute,22285.0,,5563.0,,,-16135.0,,Private_forprofit
South Florida Institute of Technology,28570.0,,9500.0,,,-9850.0,,Private_forprofit
Southeastern College-Charleston,30737.0,24184.0,9500.0,24184.0,-0.12185742639761826,-7683.0,,Private_forprofit
Tigi Hairdressing Academy-Colorado Springs,22480.0,,9500.0,,,-15940.0,,Private_forprofit
Trend Barber College,16575.0,,9500.0,,,-21845.0,,Private_forprofit
Valley Grande Institute for Academic Studies,33472.0,,9317.0,,,-4948.0,,Private_nonprofit
West Coast University-Los Angeles,102672.0,37194.0,24145.0,37194.0,1.1112813894714202,64252.0,0.9546628898711325,Private_forprofit
Williamson Christian College,37474.0,15010.0,,15010.0,,-946.0,,Private_nonprofit
Triangle Tech Inc-Sunbury,45538.0,18700.0,12000.0,18700.0,0.793475935828877,7118.0,4.313009272267491,Private_forprofit
DigiPen Institute of Technology,79878.0,37400.0,21163.0,37400.0,0.5699197860962567,41458.0,1.4125862318491003,Private_forprofit
Pierpont Community and Technical College,35132.0,5594.0,8618.0,5594.0,3.739721129781909,-3288.0,,Public
Dewey University-Hato Rey,19761.0,6970.0,5000.0,6970.0,1.1177905308464848,-18659.0,,Private_nonprofit
InterCoast Colleges-West Covina,36089.0,,9500.0,,,-2331.0,,Private_forprofit
American College of Healthcare Sciences,,12656.0,9500.0,12656.0,,,,Private_forprofit
Colorado Media School,37423.0,,9500.0,,,-997.0,,Private_forprofit
Paul Mitchell the School-Rhode Island,26897.0,,9500.0,,,-11523.0,,Private_forprofit
Miller-Motte College-Chattanooga,31102.0,,10661.0,,,-7318.0,,Private_forprofit
Milan Institute-Sparks,32493.0,,7000.0,,,-5927.0,,Private_forprofit
Interactive College of Technology,27182.0,10970.0,5300.0,10970.0,0.9947128532360985,-11238.0,,Private_forprofit
Bexley Hall Seabury Western Theological Seminary Federation Inc.,,,,,,,,Private_nonprofit
Strayer University-Tennessee,40092.0,13920.0,14000.0,13920.0,0.8744252873563219,1672.0,16.698564593301434,Private_forprofit
Strayer University-Pennsylvania,40092.0,13920.0,14000.0,13920.0,0.8744252873563219,1672.0,16.698564593301434,Private_forprofit
Charlie's Guard-Detective Bureau and Academy Inc,21241.0,,,,,-17179.0,,Private_forprofit
PCI Academy-Plymouth,31330.0,,4858.0,,,-7090.0,,Private_forprofit
Creative Images Institute of Cosmetology-South Dayton,22271.0,,9149.0,,,-16149.0,,Private_forprofit
Brookline College-Albuquerque,29576.0,,9500.0,,,-8844.0,,Private_forprofit
Byzantine Catholic Seminary of Saints Cyril and Methodius,,,,,,,,Private_nonprofit
Northcentral University,48414.0,,9430.0,,,9994.0,,Private_nonprofit
Bayamon Community College,18580.0,8385.0,,8385.0,,-19840.0,,Private_forprofit
Folsom Lake College,42568.0,1288.0,9255.0,1288.0,24.86413043478261,4148.0,2.5417068466730957,Public
LeGrand Institute of Cosmetology Inc,22831.0,,9089.0,,,-15589.0,,Private_forprofit
Cambridge Technical Institute,17970.0,,,,,-20450.0,,Private_forprofit
Empire Beauty School-Midlothian,23921.0,,7851.0,,,-14499.0,,Private_forprofit
Empire Beauty School-Owings Mills,25073.0,,8028.0,,,-13347.0,,Private_forprofit
Empire Beauty School-West Mifflin,25073.0,,8028.0,,,-13347.0,,Private_forprofit
ATI College-Whittier,38938.0,,11853.0,,,518.0,,Private_forprofit
Advance Science International College,24047.0,,19000.0,,,-14373.0,,Private_forprofit
ATA College,35017.0,,5500.0,,,-3403.0,,Private_forprofit
American Advanced Technicians Institute,39494.0,,3789.0,,,1074.0,,Private_forprofit
Baptist University of the Americas,37709.0,7680.0,,7680.0,,-711.0,,Private_nonprofit
The Beauty Institute,23023.0,,,,,-15397.0,,Private_forprofit
Beis Medrash Heichal Dovid,,10040.0,,10040.0,,,,Private_nonprofit
Blue Cliff Career College,21365.0,,6500.0,,,-17055.0,,Private_forprofit
Lawrenceburg Technical College,25089.0,,,,,-13331.0,,Private_forprofit
Paul Mitchell the School-Gastonia,23966.0,,9500.0,,,-14454.0,,Private_forprofit
CES College,22916.0,,16450.0,,,-15504.0,,Private_nonprofit
Stellar Career College,30337.0,,4688.0,,,-8083.0,,Private_forprofit
Auguste Escoffier School of Culinary Arts-Austin,36330.0,,12000.0,,,-2090.0,,Private_forprofit
Culinary Institute Inc,32195.0,18539.0,12167.0,18539.0,0.0803171692108528,-6225.0,,Private_forprofit
Escuela Hotelera de San Juan,20854.0,15560.0,3500.0,15560.0,0.11529562982005141,-17566.0,,Private_forprofit
Orion Institute,25847.0,,7885.0,,,-12573.0,,Private_forprofit
Moore Career College,26068.0,,4750.0,,,-12352.0,,Private_forprofit
Industrial Technical College,17162.0,8400.0,,8400.0,,-21258.0,,Private_forprofit
Institute of Clinical Acupuncture & Oriental Med,,,,,,,,Private_forprofit
Gwinnett College-Marietta Campus,25373.0,,7815.0,,,-13047.0,,Private_forprofit
Leston College,16002.0,,,,,-22418.0,,Private_forprofit
Charlotte Christian College and Theological Seminary,33696.0,11960.0,8701.0,11960.0,1.0898829431438126,-4724.0,,Private_nonprofit
Nightingale College,27126.0,,10500.0,,,-11294.0,,Private_forprofit
PITC Institute,58389.0,,9500.0,,,19969.0,,Private_forprofit
Skinworks School of Advanced Skincare,35562.0,,6333.0,,,-2858.0,,Private_forprofit
Southeastern College-Columbia,31156.0,24184.0,7811.0,24184.0,-0.03469235858418789,-7264.0,,Private_forprofit
Turning Point Beauty College,17556.0,,6000.0,,,-20864.0,,Private_forprofit
Unitech Training Academy-Lafayette,24707.0,,6859.0,,,-13713.0,,Private_forprofit
Mountwest Community and Technical College,28951.0,4818.0,5136.0,4818.0,3.942922374429224,-9469.0,,Public
American InterContinental University System,36144.0,12310.0,9500.0,12310.0,1.1644191714053616,-2276.0,,Private_forprofit
Toyota Technological Institute at Chicago,,,,,,,,Private_nonprofit
American InterContinental University-Houston,36144.0,14842.0,9500.0,14842.0,0.7951758523110093,-2276.0,,Private_forprofit
University of California-Merced,64368.0,14167.0,12750.0,14167.0,2.643537799110609,25948.0,1.0373439186064437,Public
Remington College-North Houston Campus,31349.0,20001.0,9500.0,20001.0,0.09239538023098845,-7071.0,,Private_nonprofit
Paul Mitchell the School-Orlando,26897.0,,9500.0,,,-11523.0,,Private_forprofit
Pima Medical Institute-Las Vegas,38673.0,,9500.0,,,253.0,,Private_forprofit
Remington College-Nashville Campus,31349.0,21230.0,9500.0,21230.0,0.029156853509185114,-7071.0,,Private_nonprofit
Central Methodist University-College of Graduate and Extended Studies,48991.0,6960.0,13292.0,6960.0,4.129166666666666,10571.0,1.9158073975971999,Private_nonprofit
North-West College-Riverside,39876.0,,9500.0,,,1456.0,,Private_forprofit
Colegio Tecnico de Electricidad Galloza,22859.0,,,,,-15561.0,,Private_forprofit
Arthur's Beauty College,21954.0,,7931.0,,,-16466.0,,Private_forprofit
Spa Tech Institute-Westboro,27803.0,,6333.0,,,-10617.0,,Private_forprofit
Spa Tech Institute-Plymouth,27803.0,,6333.0,,,-10617.0,,Private_forprofit
Neumont College of Computer Science,97827.0,27375.0,,27375.0,,59407.0,,Private_forprofit
Johnson & Wales University-Charlotte,43418.0,40408.0,16334.0,40408.0,-0.32973668580479115,4998.0,11.352941176470589,Private_nonprofit
Roseman University of Health Sciences,120163.0,,25000.0,,,81743.0,,Private_nonprofit
Fortis Institute-Port Saint Lucie,32886.0,14087.0,9500.0,14087.0,0.6601121601476538,-5534.0,,Private_forprofit
Aviation Institute of Maintenance-Manassas,46441.0,16757.0,19500.0,16757.0,0.6077460165900818,8021.0,4.520259319286872,Private_forprofit
Cosmetology School of Arts & Sciences,19120.0,,6790.0,,,-19300.0,,Private_forprofit
Universal Technical Institute of Pennsylvania Inc,51222.0,,11574.0,,,12802.0,,Private_forprofit
Kenneth Shuler School of Cosmetology-Spartanburg,25088.0,,5775.0,,,-13332.0,,Private_forprofit
Kenneth Shuler School of Cosmetology-Columbia,25088.0,,5775.0,,,-13332.0,,Private_forprofit
Divine Mercy University,,,,,,,,Private_nonprofit
Lincoln Technical Institute-Shelton,38683.0,,9500.0,,,263.0,,Private_forprofit
Northwest Career College,27530.0,,8314.0,,,-10890.0,,Private_forprofit
Soma Institute-The National School of Clinical Massage Therapy,32349.0,,5536.0,,,-6071.0,,Private_forprofit
American Academy of Health and Wellness,,,,,,,,Private_forprofit
Arizona School of Acupuncture and Oriental Medicine,,,,,,,,Private_forprofit
Ave Maria University,49520.0,28222.0,12000.0,28222.0,0.32945928708100064,11100.0,3.6236036036036037,Private_nonprofit
CALC Institute of Technology,32088.0,,9354.0,,,-6332.0,,Private_forprofit
Sutter County Career Training Center,34846.0,,9500.0,,,-3574.0,,Private_forprofit
Cambridge College of Healthcare & Technology,28190.0,15330.0,14656.0,15330.0,-0.11715590345727332,-10230.0,,Private_forprofit
Career Care Institute,39888.0,,10296.0,,,1468.0,,Private_forprofit
ATA Career Education,34577.0,14895.0,15834.0,14895.0,0.2583417254112118,-3843.0,,Private_forprofit
Community Christian College,39217.0,9695.0,3668.0,9695.0,2.666735430634348,797.0,16.766624843161857,Private_nonprofit
Culpeper Cosmetology Training Center,,,9833.0,,,,,Public
Eastern School of Acupuncture and Traditional Medicine,48962.0,,,,,10542.0,,Private_forprofit
Ecclesia College,40650.0,16850.0,9000.0,16850.0,0.8783382789317508,2230.0,11.591928251121077,Private_nonprofit
Employment Solutions-College for Technical Education,20156.0,,9500.0,,,-18264.0,,Private_nonprofit
Estelle Medical Academy,24290.0,9180.0,5657.0,9180.0,1.0297385620915032,-14130.0,,Private_forprofit
Evergreen Beauty and Barber College-Everett,26872.0,,7667.0,,,-11548.0,,Private_forprofit
Paul Mitchell the School-Great Lakes,16715.0,,8389.0,,,-21705.0,,Private_forprofit
Healthcare Training Institute,37571.0,,7245.0,,,-849.0,,Private_forprofit
John D Rockefeller IV Career Center,43264.0,10140.0,9500.0,10140.0,2.329783037475345,4844.0,4.054500412881916,Public
Los Angeles College of Music,31758.0,25650.0,17521.0,25650.0,-0.4449512670565302,-6662.0,,Private_forprofit
Rosslyn Training Academy of Cosmetology,11998.0,7277.0,,7277.0,,-26422.0,,Private_forprofit
SAE Institute of Technology-Nashville,39544.0,17027.0,9245.0,17027.0,0.7794679039173078,1124.0,23.373665480427047,Private_forprofit
Southern Technical College,29893.0,,9500.0,,,-8527.0,,Private_forprofit
Stanbridge University,62144.0,,16500.0,,,23724.0,,Private_forprofit
Universal College of Healing Arts,28865.0,11822.0,10303.0,11822.0,0.5701234985620031,-9555.0,,Private_forprofit
Uta Mesivta of Kiryas Joel,31853.0,15000.0,,15000.0,,-6567.0,,Private_nonprofit
Harrisburg University of Science and Technology,52374.0,23900.0,11848.0,23900.0,0.6956485355648535,13954.0,2.56184606564426,Private_nonprofit
Blue Ridge Community and Technical College,39293.0,4344.0,8000.0,4344.0,6.203729281767956,873.0,14.139747995418098,Public
Daytona College,26422.0,,6723.0,,,-11998.0,,Private_forprofit
Delta Technical College-Mississippi,33601.0,,9251.0,,,-4819.0,,Private_forprofit
United States University,80980.0,6600.0,13598.0,6600.0,9.209393939393939,42560.0,0.47457706766917296,Private_forprofit
Empire Beauty School-Avondale,23589.0,,6333.0,,,-14831.0,,Private_forprofit
Empire Beauty School-Littleton,24022.0,,6222.0,,,-14398.0,,Private_forprofit
Empire Beauty School-Aurora,24022.0,,6222.0,,,-14398.0,,Private_forprofit
Joyce University of Nursing and Health Sciences,49841.0,20780.0,10470.0,20780.0,0.8946583253128008,11421.0,2.7361877243673933,Private_forprofit
San Joaquin Valley College-Modesto,38317.0,,9773.0,,,-103.0,,Private_forprofit
Eagle Gate College-Layton,37518.0,,20000.0,,,-902.0,,Private_forprofit
Academy of Hair Design-Jasper,20892.0,,9500.0,,,-17528.0,,Private_forprofit
Unitech Training Academy-West Monroe,24707.0,,6859.0,,,-13713.0,,Private_forprofit
New River Community and Technical College,29073.0,5158.0,5177.0,5158.0,3.632803412175262,-9347.0,,Public
The College of Health Care Professions-Southwest Houston,33070.0,,9473.0,,,-5350.0,,Private_forprofit
UEI College-Chula Vista,31141.0,,9500.0,,,-7279.0,,Private_forprofit
UEI College-West Covina,31141.0,,9500.0,,,-7279.0,,Private_forprofit
Georgia Gwinnett College,47730.0,4458.0,9000.0,4458.0,7.687752355316285,9310.0,1.4455424274973148,Public
Phoenix Institute of Herbal Medicine & Acupuncture,,,,,,,,Private_forprofit
Tucson College of Beauty,27314.0,,6333.0,,,-11106.0,,Private_forprofit
California Career College,51684.0,,26375.0,,,13264.0,,Private_forprofit
Palladium Technical Academy Inc,34799.0,,7405.0,,,-3621.0,,Private_forprofit
Los Angeles College of Aesthetics,16540.0,,3666.0,,,-21880.0,,Private_forprofit
National Polytechnic College,30781.0,,13798.0,,,-7639.0,,Private_forprofit
American Career College-Ontario,38492.0,,9500.0,,,72.0,,Private_forprofit
Asher College,45468.0,,10517.0,,,7048.0,,Private_forprofit
American Institute of Massage Therapy,,,,,,,,Private_forprofit
University of East-West Medicine,,,,,,,,Private_forprofit
Blake Austin College,42518.0,,9500.0,,,4098.0,,Private_forprofit
Aviator College of Aeronautical Science and Technology,67739.0,34545.0,12000.0,34545.0,0.6135185989289332,29319.0,1.5875370919881306,Private_forprofit
Trendsetters School of Beauty & Barbering,25222.0,,9500.0,,,-13198.0,,Private_forprofit
American Institute of Beauty,20371.0,,6333.0,,,-18049.0,,Private_forprofit
North Florida Cosmetology Institute,23615.0,,6334.0,,,-14805.0,,Private_forprofit
Florida Academy of Health & Beauty,18116.0,,3300.0,,,-20304.0,,Private_forprofit
Augusta School of Massage,25408.0,,4701.0,,,-13012.0,,Private_forprofit
ATA College,34577.0,13930.0,15834.0,13930.0,0.3455132806891601,-3843.0,,Private_forprofit
SUM Bible College and Theological Seminary,35418.0,10460.0,13815.0,10460.0,1.0652963671128106,-3002.0,,Private_nonprofit
Compass Career College,21175.0,,7451.0,,,-17245.0,,Private_forprofit
Nuvo College of Cosmetology,18159.0,,5500.0,,,-20261.0,,Private_forprofit
WellSpring School of Allied Health-Kansas City,29839.0,,7917.0,,,-8581.0,,Private_forprofit
The Salon Professional Academy-Fargo,31497.0,,12000.0,,,-6923.0,,Private_forprofit
Aveda Arts & Sciences Institute-New York,28013.0,,6027.0,,,-10407.0,,Private_forprofit
MyrAngel Beauty Institute,16758.0,,,,,-21662.0,,Private_forprofit
Texas Health School,30187.0,,8334.0,,,-8233.0,,Private_forprofit
Paul Mitchell the School-Logan,23620.0,,7000.0,,,-14800.0,,Private_forprofit
Careers Unlimited,30829.0,,27396.0,,,-7591.0,,Private_forprofit
Mountainland Technical College,31963.0,,,,,-6457.0,,Public
Avi Career Training,28615.0,,6333.0,,,-9805.0,,Private_forprofit
Mountain State School of Massage,27545.0,,8181.0,,,-10875.0,,Private_forprofit
San Joaquin Valley College-Rancho Cordova,38317.0,,9773.0,,,-103.0,,Private_forprofit
Broken Arrow Beauty College,23722.0,,6333.0,,,-14698.0,,Private_forprofit
Universal Technical Institute of Northern California Inc,48341.0,,10247.0,,,9921.0,,Private_forprofit
Lemoore College,40292.0,1384.0,7480.0,1384.0,22.708092485549134,1872.0,4.735042735042735,Public
Stautzenberger College-Brecksville,34104.0,16699.0,13127.0,16699.0,0.2561830049703575,-4316.0,,Private_forprofit
Unitech Training Academy-Houma,24707.0,,6859.0,,,-13713.0,,Private_forprofit
Rasmussen University-Illinois,39080.0,13546.0,13000.0,13546.0,0.9252915989960135,660.0,40.22121212121212,Private_forprofit
International Institute for Restorative Practices,,,,,,,,Private_nonprofit
Automotive Training Center-Warminster,51112.0,,12661.0,,,12692.0,,Private_forprofit
Empire Beauty School-Milwaukee,23589.0,,6333.0,,,-14831.0,,Private_forprofit
Triangle Tech Inc-Bethlehem,53788.0,18593.0,12000.0,18593.0,1.2475125047060722,15368.0,1.9906949505465903,Private_forprofit
Milan Institute-Clovis,24879.0,,6333.0,,,-13541.0,,Private_forprofit
Strayer University-Florida,40092.0,13920.0,14000.0,13920.0,0.8744252873563219,1672.0,16.698564593301434,Private_forprofit
Pima Medical Institute-Renton,38673.0,,9500.0,,,253.0,,Private_forprofit
CBT Technology Institute-Main Campus,29534.0,13150.0,8500.0,13150.0,0.5995437262357415,-8886.0,,Private_forprofit
CBT Technology Institute-Hialeah,29534.0,13150.0,8500.0,13150.0,0.5995437262357415,-8886.0,,Private_forprofit
Dewey University-Juana Diaz,19761.0,7630.0,5000.0,7630.0,0.9346002621231979,-18659.0,,Private_nonprofit
The College of Health Care Professions-San Antonio,33070.0,,9473.0,,,-5350.0,,Private_forprofit
Brittany Beauty Academy,18753.0,,6333.0,,,-19667.0,,Private_forprofit
Lincoln Technical Institute-Whitestone,46396.0,,9524.0,,,7976.0,,Private_forprofit
American Public University System,44409.0,8400.0,10282.0,8400.0,3.062738095238095,5989.0,3.1193855401569546,Private_forprofit
Huntsville Bible College,,4730.0,28500.0,4730.0,,,,Private_nonprofit
Beaumont Adult School,50801.0,,14220.0,,,12381.0,,Public
Gnomon,114785.0,34215.0,28332.0,34215.0,1.5267572702031273,76365.0,0.8190532311923001,Private_forprofit
Coachella Valley Beauty College,19665.0,,2333.0,,,-18755.0,,Private_forprofit
Valley College of Medical Careers,37453.0,,8698.0,,,-967.0,,Private_forprofit
Academy of Natural Therapy Inc,25770.0,,7917.0,,,-12650.0,,Private_forprofit
Academy Di Capelli-School of Cosmetology,,,6333.0,,,,,Private_forprofit
Delaware Learning Institute of Cosmetology,23718.0,,6333.0,,,-14702.0,,Private_forprofit
Dragon Rises College of Oriental Medicine,,,,,,,,Private_nonprofit
Palm Beach Academy of Health & Beauty,30784.0,,7666.0,,,-7636.0,,Private_forprofit
SABER College,40816.0,,22000.0,,,2396.0,,Private_nonprofit
Taylor College,60311.0,13263.0,19000.0,13263.0,2.1147553343889016,21891.0,1.473802019094605,Private_forprofit
Pensacola School of Massage Therapy & Health Careers,28828.0,,5790.0,,,-9592.0,,Private_forprofit
Ideal Beauty Academy,24635.0,,,,,-13785.0,,Private_forprofit
Denmark College,23538.0,,5991.0,,,-14882.0,,Private_forprofit
Louisiana Culinary Institute,40359.0,15575.0,15250.0,15575.0,0.6121348314606742,1939.0,15.897369778236204,Private_forprofit
Bais Medrash Toras Chesed,,8100.0,,8100.0,,,,Private_nonprofit
Ace Institute of Technology,,,6000.0,,,,,Private_forprofit
New Age Training,31997.0,,5800.0,,,-6423.0,,Private_forprofit
Dayton School of Medical Massage,31071.0,18122.0,9500.0,18122.0,0.19032115660523122,-7349.0,,Private_forprofit
ATA College,40823.0,15000.0,15069.0,15000.0,0.7169333333333333,2403.0,12.513108614232209,Private_forprofit
Visible Music College,35933.0,22000.0,9500.0,22000.0,0.2015,-2487.0,,Private_nonprofit
CCI Training Center-Arlington,40829.0,,7662.0,,,2409.0,,Private_forprofit
Champion Beauty College,21362.0,,4750.0,,,-17058.0,,Private_forprofit
Southeast Texas Career Institute,24835.0,,4584.0,,,-13585.0,,Private_forprofit
Southwest Technical College,35507.0,,,,,-2913.0,,Public
Virginia Beach Theological Seminary,,,,,,,,Private_nonprofit
Milwaukee Career College,28355.0,,5500.0,,,-10065.0,,Private_forprofit
University of the West,,14718.0,15000.0,14718.0,,,,Private_nonprofit
American College of Education,,,,,,,,Private_forprofit
South University-Tampa,34421.0,18238.0,13000.0,18238.0,0.17452571553898455,-3999.0,,Private_forprofit
Milan Institute of Cosmetology-San Antonio Military,22378.0,,6070.0,,,-16042.0,,Private_forprofit
Appalachian College of Pharmacy,,,,,,,,Private_nonprofit
Paul Mitchell the School-Tampa,26897.0,,9500.0,,,-11523.0,,Private_forprofit
Paul Mitchell the School-San Diego,26897.0,,9500.0,,,-11523.0,,Private_forprofit
Paul Mitchell the School-Michigan,26897.0,,9500.0,,,-11523.0,,Private_forprofit
Paul Mitchell the School-Sherman Oaks,26262.0,,9583.0,,,-12158.0,,Private_forprofit
Paul Mitchell the School-Tysons Corner,34949.0,,9833.0,,,-3471.0,,Private_forprofit
Fortis College-Columbus,36368.0,14148.0,9500.0,14148.0,0.899067005937235,-2052.0,,Private_forprofit
Fortis College-Cincinnati,36368.0,14283.0,9500.0,14283.0,0.8811174123083386,-2052.0,,Private_forprofit
Blue Cliff College-Alexandria,22177.0,,8265.0,,,-16243.0,,Private_forprofit
Strayer University-Delaware,40092.0,13920.0,14000.0,13920.0,0.8744252873563219,1672.0,16.698564593301434,Private_forprofit
Brite Divinity School,68424.0,,19000.0,,,30004.0,,Private_nonprofit
Strayer University-Alabama,40092.0,13920.0,14000.0,13920.0,0.8744252873563219,1672.0,16.698564593301434,Private_forprofit
Brown Aveda Institute-Strongsville,27446.0,,6333.0,,,-10974.0,,Private_forprofit
Clary Sage College,28954.0,,7934.0,,,-9466.0,,Private_nonprofit
Rasmussen University-Wisconsin,39080.0,11982.0,13000.0,11982.0,1.1765982306793523,660.0,37.85151515151515,Private_forprofit
Empire Beauty School-Richmond,23921.0,,7851.0,,,-14499.0,,Private_forprofit
Empire Beauty School-North Hills,22377.0,,6633.0,,,-16043.0,,Private_forprofit
Empire Beauty School-Concord,23925.0,,7667.0,,,-14495.0,,Private_forprofit
Lexington Healing Arts Academy,33193.0,,7439.0,,,-5227.0,,Private_forprofit
Empire Beauty School-Hooksett,33546.0,,7461.0,,,-4874.0,,Private_forprofit
The Institute of Beauty and Wellness,31723.0,,6333.0,,,-6697.0,,Private_forprofit
Carrington College-Stockton,39633.0,,10460.0,,,1213.0,,Private_forprofit
Trend Barber College,16575.0,,9500.0,,,-21845.0,,Private_forprofit
Euphoria Institute of Beauty Arts & Sciences-Summerlin,31914.0,,9000.0,,,-6506.0,,Private_forprofit
Columbia Southern University,63534.0,5808.0,13980.0,5808.0,7.5320247933884295,25114.0,0.7879270526399618,Private_forprofit
Arizona Culinary Institute,41651.0,,9500.0,,,3231.0,,Private_forprofit
Healthcare Career College,32613.0,,9500.0,,,-5807.0,,Private_forprofit
Coastline Beauty College,11585.0,,,,,-26835.0,,Private_forprofit
Branford Academy of Hair and Cosmetology,,,6333.0,,,,,Private_forprofit
Academy of Massage and Bodywork,31204.0,,6333.0,,,-7216.0,,Private_forprofit
Academy for Five Element Acupuncture,,,,,,,,Private_nonprofit
Academy of Career Training,22029.0,,5500.0,,,-16391.0,,Private_forprofit
Miami Regional University,29081.0,,20000.0,,,-9339.0,,Private_forprofit
Paul Mitchell the School-Miami,25024.0,,7667.0,,,-13396.0,,Private_forprofit
Aveda Institute-South Florida,29426.0,,6333.0,,,-8994.0,,Private_forprofit
Aveda Institute-Tallahassee,29449.0,,6333.0,,,-8971.0,,Private_forprofit
Shear Excellence Hair Academy,23366.0,,7464.0,,,-15054.0,,Private_forprofit
Carlson College of Massage Therapy,26893.0,,4736.0,,,-11527.0,,Private_forprofit
MyComputerCareer at Indianapolis,41976.0,,9500.0,,,3556.0,,Private_forprofit
Z Hair Academy,27346.0,,9833.0,,,-11074.0,,Private_forprofit
DiGrigoli School of Cosmetology,14195.0,,,,,-24225.0,,Private_forprofit
Elevate Salon Institute,16853.0,,6333.0,,,-21567.0,,Private_forprofit
Lakewood School of Therapeutic Massage,16682.0,,7917.0,,,-21738.0,,Private_forprofit
The Salon Professional Academy-Battle Creek,21504.0,,6333.0,,,-16916.0,,Private_forprofit
Trend Setters School,23185.0,,9500.0,,,-15235.0,,Private_forprofit
Academy of Hair Design-Springfield,25129.0,,7917.0,,,-13291.0,,Private_forprofit
Corinth Academy of Cosmetology,25685.0,,5500.0,,,-12735.0,,Private_forprofit
Southeastern College-Charlotte,31548.0,24184.0,9500.0,24184.0,-0.08832285808799206,-6872.0,,Private_forprofit
Yeshivas Be'er Yitzchok,82560.0,11450.0,,11450.0,,44140.0,,Private_nonprofit
Yeshiva Toras Chaim,62526.0,12750.0,,12750.0,,24106.0,,Private_nonprofit
Talmudical Seminary of Bobov,22432.0,13200.0,,13200.0,,-15988.0,,Private_nonprofit
Center for Allied Health Education,107249.0,,9500.0,,,68829.0,,Private_forprofit
Aveda Fredric's Institute-Cincinnati,30468.0,,7917.0,,,-7952.0,,Private_forprofit
MyComputerCareer at Columbus,43409.0,,9500.0,,,4989.0,,Private_forprofit
CDE Career Institute,30894.0,,9500.0,,,-7526.0,,Private_forprofit
Instituto Educativo Premier,20182.0,,,,,-18238.0,,Private_forprofit
Charleston School of Law,,,,,,,,Private_forprofit
Elite College of Cosmetology,21197.0,,5500.0,,,-17223.0,,Private_forprofit
Manuel and Theresa's School of Hair Design-Bryan,,,6692.0,,,,,Private_forprofit
Southwest University at El Paso,29648.0,16000.0,14000.0,16000.0,-0.022,-8772.0,,Private_forprofit
Paul Mitchell the School-Austin,23721.0,,7917.0,,,-14699.0,,Private_forprofit
Aveda Institute-Provo,20414.0,,6949.0,,,-18006.0,,Private_forprofit
Dixie Technical College,31051.0,,,,,-7369.0,,Public
Victoria's Academy of Cosmetology,24668.0,,7400.0,,,-13752.0,,Private_forprofit
Paul Mitchell the School-San Antonio,28693.0,,7457.0,,,-9727.0,,Private_forprofit
Bryant & Stratton College-Wauwatosa,32568.0,19944.0,9500.0,19944.0,0.15663858804653027,-5852.0,,Private_nonprofit
Remington College-Houston Southeast Campus,31349.0,13484.0,9500.0,13484.0,0.6203648768911302,-7071.0,,Private_nonprofit
Remington College-Shreveport Campus,31349.0,23560.0,9500.0,23560.0,-0.07262308998302207,-7071.0,,Private_nonprofit
TC Beauty,21153.0,,7917.0,,,-17267.0,,Private_forprofit
Patrick Henry College,,28425.0,,28425.0,,,,Private_nonprofit
The Hair Academy,31370.0,,10000.0,,,-7050.0,,Private_forprofit
Ross Medical Education Center-New Baltimore,30481.0,,8481.0,,,-7939.0,,Private_forprofit
Ross College-Sylvania,29898.0,,7719.0,,,-8522.0,,Private_forprofit
Escuela De Troqueleria Y Herramentaje,26293.0,3850.0,,3850.0,,-12127.0,,Public
Fortis Institute-Nashville,32886.0,15237.0,9500.0,15237.0,0.5348165649406051,-5534.0,,Private_forprofit
ATA College-Cincinnati,34577.0,14075.0,15834.0,14075.0,0.331651865008881,-3843.0,,Private_forprofit
Dental Assistant Pro LLC-Columbus,,,,,,,,Private_forprofit
Dental Assistant Pro-Lebanon,,,,,,,,Private_forprofit
Elite Welding Academy LLC,,,5500.0,,,,,Private_forprofit
Galen College of Nursing-Cincinnati,61480.0,16400.0,16500.0,16400.0,1.7426829268292683,23060.0,1.4267129228100608,Private_forprofit
Strayer University-North Carolina,40092.0,13920.0,14000.0,13920.0,0.8744252873563219,1672.0,16.698564593301434,Private_forprofit
Strayer University-New Jersey,40092.0,13920.0,14000.0,13920.0,0.8744252873563219,1672.0,16.698564593301434,Private_forprofit
International Culinary Arts and Sciences Institute,,,,,,,,Private_forprofit
Ohio Media School-Columbus,37423.0,,9500.0,,,-997.0,,Private_forprofit
Ohio Medical Career College,,,12402.0,,,,,Private_forprofit
Chamberlain University-Illinois,92405.0,20604.0,16458.0,20604.0,2.6860318384779656,53985.0,0.686524034454015,Private_forprofit
Chamberlain University-Ohio,92405.0,19686.0,16458.0,19686.0,2.8579193335365236,53985.0,0.6695193109197,Private_forprofit
Chamberlain University-Arizona,92405.0,20462.0,16458.0,20462.0,2.7116117681556053,53985.0,0.6838936741687506,Private_forprofit
The Salon Professional Academy-Appleton,32317.0,,8750.0,,,-6103.0,,Private_forprofit
Milan Institute of Cosmetology-Vacaville,22378.0,,6070.0,,,-16042.0,,Private_forprofit
Milan Institute of Cosmetology-Reno,22378.0,,6070.0,,,-16042.0,,Private_forprofit
Ottawa University-Online,55552.0,,12500.0,,,17132.0,,Private_nonprofit
Paul Mitchell the School-Esani,26287.0,,9500.0,,,-12133.0,,Private_forprofit
Paul Mitchell the School-Birmingham,24367.0,,9833.0,,,-14053.0,,Private_forprofit
Taft University System,,,,,,,,Private_forprofit
Mayfield College,29384.0,,9025.0,,,-9036.0,,Private_forprofit
Academy of Esthetics and Cosmetology,35089.0,,4807.0,,,-3331.0,,Private_forprofit
Borner's Barber College,,,,,,,,Private_forprofit
Paul Mitchell the School-Pasadena,25845.0,,6333.0,,,-12575.0,,Private_forprofit
San Francisco Institute of Esthetics & Cosmetology Inc,32926.0,,6333.0,,,-5494.0,,Private_forprofit
Laurus College,30896.0,,18334.0,,,-7524.0,,Private_forprofit
Healing Hands School of Holistic Health,24366.0,,5700.0,,,-14054.0,,Private_forprofit
Career Development Institute Inc,62209.0,,12873.0,,,23789.0,,Private_forprofit
Auguste Escoffier School of Culinary Arts-Boulder,32001.0,,7619.0,,,-6419.0,,Private_forprofit
Aspen University,,6264.0,7802.0,6264.0,,,,Private_forprofit
Institute of Taoist Education and Acupuncture,,,,,,,,Private_nonprofit
Denver College of Nursing,81809.0,,21110.0,,,43389.0,,Private_forprofit
Cambridge College of Healthcare & Technology,47792.0,14908.0,11125.0,14908.0,1.459551918433056,9372.0,2.7777422108408025,Private_forprofit
Cozmo Beauty School,24319.0,,7666.0,,,-14101.0,,Private_forprofit
Celebrity School of Beauty,15626.0,,6232.0,,,-22794.0,,Private_forprofit
Paul Mitchell the School-Atlanta,21775.0,,6844.0,,,-16645.0,,Private_forprofit
Evans Hairstyling College-Rexburg,16984.0,,6600.0,,,-21436.0,,Private_forprofit
Paul Mitchell the School-Rexburg,26774.0,,8750.0,,,-11646.0,,Private_forprofit
University of Aesthetics & Cosmetology,28955.0,,7917.0,,,-9465.0,,Private_forprofit
The University of Aesthetics & Cosmetology,,,6392.0,,,,,Private_forprofit
Tricoci University of Beauty Culture-Chicago NW,28554.0,,7307.0,,,-9866.0,,Private_forprofit
Tricoci University of Beauty Culture-Glendale Heights,27330.0,,7307.0,,,-11090.0,,Private_forprofit
Tricoci University of Beauty Culture-Peoria,26236.0,,7307.0,,,-12184.0,,Private_forprofit
Tricoci University of Beauty Culture-Rockford,25109.0,,7307.0,,,-13311.0,,Private_forprofit
Omega Studios' School of Applied Recording Arts & Sciences,46719.0,,5500.0,,,8299.0,,Private_forprofit
French Academy of Cosmetology,22797.0,,4223.0,,,-15623.0,,Private_forprofit
Healing Arts Center,36447.0,,6333.0,,,-1973.0,,Private_forprofit
Paul Mitchell the School-Springfield,25931.0,,6243.0,,,-12489.0,,Private_forprofit
Urshan Graduate School of Theology,,,,,,,,Private_nonprofit
Mississippi Institute of Aesthetics Nails & Cosmetology,28148.0,,3604.0,,,-10272.0,,Private_forprofit
College of Western Idaho,,3336.0,4823.0,3336.0,,,,Public
Aveda Institute-Chapel Hill,26873.0,,6333.0,,,-11547.0,,Private_forprofit
Daoist Traditions College of Chinese Medical Arts,,,,,,,,Private_forprofit
Total Image Beauty Academy,18720.0,,8500.0,,,-19700.0,,Private_forprofit
Jersey College,66087.0,,16010.0,,,27667.0,,Private_forprofit
American Institute of Medical Sciences & Education,40407.0,,9500.0,,,1987.0,,Private_forprofit
Casal Institute of Nevada,25293.0,,6333.0,,,-13127.0,,Private_forprofit
Career School of NY,35778.0,,,,,-2642.0,,Private_nonprofit
Yeshiva of Machzikai Hadas,,10800.0,,10800.0,,,,Private_nonprofit
Aveda Institute-Columbus,30231.0,,6333.0,,,-8189.0,,Private_forprofit
Paul Mitchell the School-Cincinnati,28363.0,,9833.0,,,-10057.0,,Private_forprofit
Hands on Therapy,28323.0,,7917.0,,,-10097.0,,Private_forprofit
MediaTech Institute-Dallas,33293.0,,14750.0,,,-5127.0,,Private_forprofit
Aveda Arts & Sciences Institute-San Antonio,32162.0,,7916.0,,,-6258.0,,Private_forprofit
Skin Science Institute,27153.0,,7667.0,,,-11267.0,,Private_forprofit
Pacific Northwest University of Health Sciences,,,,,,,,Private_nonprofit
The Chicago School at Anaheim,56899.0,,10250.0,,,18479.0,,Private_nonprofit
Fortis College-Dothan,32754.0,,9396.0,,,-5666.0,,Private_forprofit
Fortis Institute-Pensacola,26652.0,14767.0,9122.0,14767.0,0.18710638586036432,-11768.0,,Private_forprofit
Fortis College-Montgomery,26652.0,,9122.0,,,-11768.0,,Private_forprofit
Woodland Community College,40042.0,1124.0,,1124.0,,1622.0,,Public
Fortis Institute-Birmingham,32886.0,14561.0,9500.0,14561.0,0.6060710116063457,-5534.0,,Private_forprofit
The Chicago School at Los Angeles,56899.0,20844.0,10250.0,20844.0,1.2380061408558818,18479.0,1.68266681097462,Private_nonprofit
Cardiac and Vascular Institute of Ultrasound,52669.0,,19156.0,,,14249.0,,Private_forprofit
Studio Academy of Beauty,27201.0,,6160.0,,,-11219.0,,Private_forprofit
California Nurses Educational Institute,46895.0,,14750.0,,,8475.0,,Private_forprofit
Paul Mitchell the School-Sacramento,30336.0,,6333.0,,,-8084.0,,Private_forprofit
Providence Christian College,46264.0,35147.0,14500.0,35147.0,-0.09625288075795943,7844.0,6.329296277409485,Private_nonprofit
Oxford Academy of Hair Design Inc,,,6333.0,,,,,Private_forprofit
Institute of World Politics,,,,,,,,Private_nonprofit
Pontifical John Paul II Institute for Studies on Marriage and Family,,,,,,,,Private_nonprofit
Medical Institute of Palm Beach,25811.0,,5975.0,,,-12609.0,,Private_forprofit
Oliver Finley Academy of Cosmetology,26323.0,,6333.0,,,-12097.0,,Private_forprofit
National Career College,19347.0,,8417.0,,,-19073.0,,Private_forprofit
Aveda Institute-Chicago,31369.0,,7917.0,,,-7051.0,,Private_forprofit
Tricoci University of Beauty Culture-Libertyville,35650.0,,7307.0,,,-2770.0,,Private_forprofit
Tricoci University of Beauty Culture-Bridgeview,25671.0,,7307.0,,,-12749.0,,Private_forprofit
The Temple-A Paul Mitchell Partner School,27891.0,,9833.0,,,-10529.0,,Private_forprofit
Center for Massage,19244.0,,6333.0,,,-19176.0,,Private_forprofit
The Academy of Hair Design LLC,23567.0,,9833.0,,,-14853.0,,Private_forprofit
Toni & Guy Hairdressing Academy-Cranston,,,7667.0,,,,,Private_forprofit
South Texas Training Center,29384.0,12370.0,3500.0,12370.0,1.0924818108326597,-9036.0,,Private_forprofit
Columbia College,22160.0,,6035.0,,,-16260.0,,Private_forprofit
Vermont College of Fine Arts,,,,,,,,Private_nonprofit
Advanced Welding Institute,,,5077.0,,,,,Private_forprofit
Paul Mitchell the School-Memphis,25306.0,,9833.0,,,-13114.0,,Private_forprofit
Pima Medical Institute-East Valley,38673.0,,9500.0,,,253.0,,Private_forprofit
Paul Mitchell the School-Cleveland,31064.0,,9833.0,,,-7356.0,,Private_forprofit
Paul Mitchell the School-Columbus,37609.0,,9833.0,,,-811.0,,Private_forprofit
Empire Beauty School-Spring Lake Park,23925.0,,7667.0,,,-14495.0,,Private_forprofit
MediaTech Institute-Houston,33293.0,,14750.0,,,-5127.0,,Private_forprofit
Miller-Motte College-Raleigh,31102.0,,10661.0,,,-7318.0,,Private_forprofit
Lamson Institute,38015.0,,7600.0,,,-405.0,,Private_forprofit
College of Hair Design-East Campus,28376.0,,8031.0,,,-10044.0,,Private_forprofit
Fortis College-Salt Lake City,34509.0,13112.0,11501.0,13112.0,0.7547284929835265,-3911.0,,Private_forprofit
Polytechnic University of Puerto Rico-Miami,47540.0,14082.0,12830.0,14082.0,1.4648487430762676,9120.0,2.950877192982456,Private_nonprofit
Polytechnic University of Puerto Rico-Orlando,47540.0,14262.0,12830.0,14262.0,1.433740008413967,9120.0,2.9706140350877193,Private_nonprofit
Ross Medical Education Center-Fort Wayne,30072.0,,5500.0,,,-8348.0,,Private_forprofit
Ross Medical Education Center-Battle Creek,30060.0,,7504.0,,,-8360.0,,Private_forprofit
Geisinger Commonwealth School of Medicine,,11131.0,,11131.0,,,,Private_nonprofit
Josef's School of Hair Skin & Body-Fargo,27987.0,,6337.0,,,-10433.0,,Private_forprofit
Miller-Motte College-McCann-Allentown,31102.0,,10661.0,,,-7318.0,,Private_forprofit
Salon Success Academy-Fontana,22412.0,,7176.0,,,-16008.0,,Private_forprofit
Salon Success Academy-Redlands,22412.0,,7176.0,,,-16008.0,,Private_forprofit
Strayer University-West Virginia,40092.0,13920.0,14000.0,13920.0,0.8744252873563219,1672.0,16.698564593301434,Private_forprofit
Paul Mitchell the School-Baton Rouge,25699.0,,9833.0,,,-12721.0,,Private_forprofit
San Joaquin Valley College-Hesperia,38317.0,,9773.0,,,-103.0,,Private_forprofit
South Texas Vocational Technical Institute-Brownsville,31102.0,,10661.0,,,-7318.0,,Private_forprofit
Miller-Motte College-STVT-Corpus Christi,31102.0,,10661.0,,,-7318.0,,Private_forprofit
University of Minnesota-Rochester,69020.0,14400.0,16727.0,14400.0,2.6314583333333332,30600.0,1.0172222222222222,Public
Health And Style Institute,23421.0,,5500.0,,,-14999.0,,Private_forprofit
CBT Technology Institute-Cutler Bay,29534.0,13150.0,8500.0,13150.0,0.5995437262357415,-8886.0,,Private_forprofit
Capri Beauty College,26804.0,,9833.0,,,-11616.0,,Private_forprofit
Milan Institute-Bakersfield,24879.0,,6333.0,,,-13541.0,,Private_forprofit
Homestead Schools,59398.0,,18040.0,,,20978.0,,Private_nonprofit
Carrington College-Las Vegas,36718.0,,9298.0,,,-1702.0,,Private_forprofit
Carrington College-Reno,43731.0,,12094.0,,,5311.0,,Private_forprofit
Chamberlain University-Florida,92405.0,19686.0,16458.0,19686.0,2.8579193335365236,53985.0,0.6695193109197,Private_forprofit
Washington Barber College Inc,8579.0,,13022.0,,,-29841.0,,Private_forprofit
InterCoast Colleges-Rancho Cordova,36089.0,,9500.0,,,-2331.0,,Private_forprofit
Horizon University,65875.0,9840.0,,9840.0,,27455.0,,Private_nonprofit
Beyond 21st Century Beauty Academy,25139.0,,3000.0,,,-13281.0,,Private_forprofit
Academy for Jewish Religion California,,,,,,,,Private_nonprofit
Angeles College,49108.0,,16000.0,,,10688.0,,Private_forprofit
Angeles Institute,61195.0,,14377.0,,,22775.0,,Private_forprofit
Paul Mitchell the School-Temecula,22452.0,,10556.0,,,-15968.0,,Private_forprofit
TIGI Hairdressing Academy Guilford,,,9659.0,,,,,Private_forprofit
International Institute of Cosmetology,,,9833.0,,,,,Private_forprofit
Florida School of Traditional Midwifery,38933.0,,35157.0,,,513.0,,Private_nonprofit
Emerald Coast Technical College,36180.0,,,,,-2240.0,,Public
Immokalee Technical College,37652.0,,,,,-768.0,,Public
American Academy of Cosmetology,23985.0,,6333.0,,,-14435.0,,Private_forprofit
University of Fort Lauderdale,38062.0,9810.0,5500.0,9810.0,2.3192660550458717,-358.0,,Private_nonprofit
Aviation Institute of Maintenance-Orlando,53341.0,16757.0,24250.0,16757.0,0.7360506057170138,14921.0,2.7482742443535955,Private_forprofit
Summit Salon Academy,27037.0,,7389.0,,,-11383.0,,Private_forprofit
Summit Salon Academy-Gainesville,27856.0,,7667.0,,,-10564.0,,Private_forprofit
Tenaj Salon Institute,25196.0,,9500.0,,,-13224.0,,Private_forprofit
Profile Institute of Barber-Styling,25629.0,,16500.0,,,-12791.0,,Private_forprofit
Keune Academy by 124,30962.0,,9833.0,,,-7458.0,,Private_forprofit
Pacific Rim Christian University,40523.0,12380.0,13616.0,12380.0,1.1734248788368336,2103.0,12.361388492629576,Private_nonprofit
Paul Mitchell the School-Twin Falls,27947.0,,4750.0,,,-10473.0,,Private_forprofit
Ambria College of Nursing,67290.0,,9500.0,,,28870.0,,Private_forprofit
Midwestern Career College,36432.0,,7521.0,,,-1988.0,,Private_forprofit
Paul Mitchell the School-Normal,26715.0,,9833.0,,,-11705.0,,Private_forprofit
Aveda Fredric's Institute-Indianapolis,31963.0,,7389.0,,,-6457.0,,Private_forprofit
Summit Salon Academy,25337.0,,7389.0,,,-13083.0,,Private_forprofit
Eric Fisher Academy,32858.0,,8986.0,,,-5562.0,,Private_forprofit
My Le's Beauty College,18946.0,,,,,-19474.0,,Private_forprofit
Blackstone Valley Vocational Regional School District,,,7454.0,,,,,Public
Southern Worcester County Regional Vocational School District,,,9500.0,,,,,Public
L'esprit Academy,22440.0,,6333.0,,,-15980.0,,Private_forprofit
Marketti Academy of Cosmetology,14345.0,,7081.0,,,-24075.0,,Private_forprofit
Avalon School of Cosmetology,28336.0,,,,,-10084.0,,Private_forprofit
City Vision University,21123.0,6400.0,,6400.0,,-17297.0,,Private_nonprofit
Montana Academy of Salons,28841.0,,9500.0,,,-9579.0,,Private_forprofit
National Career Institute,26415.0,,6756.0,,,-12005.0,,Private_forprofit
Paul Mitchell the School-Albuquerque,33273.0,,7667.0,,,-5147.0,,Private_forprofit
International Academy of Style,32709.0,,6333.0,,,-5711.0,,Private_forprofit
EDP School,41461.0,,,,,3041.0,,Private_nonprofit
New York Medical Career Training Center,40540.0,,12239.0,,,2120.0,,Private_forprofit
Institute of Culinary Education,47865.0,,3972.0,,,9445.0,,Private_forprofit
The Salon Professional Academy-Tonawanda,26460.0,,6333.0,,,-11960.0,,Private_forprofit
Paul Mitchell the School-NYC,32002.0,,5500.0,,,-6418.0,,Private_forprofit
Four County Career Center,77338.0,,,,,38918.0,,Public
Summit Salon Academy-Perrysburg,22606.0,,7917.0,,,-15814.0,,Private_forprofit
Portland Actors Conservatory,,12115.0,,12115.0,,,,Private_nonprofit
Somerset County Technology Center,37558.0,,11500.0,,,-862.0,,Public
Metro Beauty Academy,33859.0,,8028.0,,,-4561.0,,Private_forprofit
Academy for Careers and Technology,46553.0,,,,,8133.0,,Public
Love Beauty School Inc,18056.0,,6333.0,,,-20364.0,,Private_forprofit
Houston International College Cardiotech Ultrasound School,36432.0,11978.0,14750.0,11978.0,0.810151945232927,-1988.0,,Private_forprofit
DuVall's School of Cosmetology,30572.0,,7796.0,,,-7848.0,,Private_forprofit
Texas Beauty College,26392.0,,,,,-12028.0,,Private_forprofit
Avenue Five Institute,30280.0,,7917.0,,,-8140.0,,Private_forprofit
The Salon Professional Academy-Lewisville,29145.0,,7917.0,,,-9275.0,,Private_forprofit
Renaissance Academie,21547.0,,5500.0,,,-16873.0,,Private_forprofit
Ascent College,,7680.0,,7680.0,,,,Private_nonprofit
Institute of Advanced Medical Esthetics,31213.0,,9500.0,,,-7207.0,,Private_forprofit
Aveda Arts & Sciences Institute Seattle,32491.0,,7773.0,,,-5929.0,,Private_forprofit
Northwest School of Wooden Boat Building,,20025.0,,20025.0,,,,Private_nonprofit
The Salon Professional Academy-Onalaska,30744.0,,7917.0,,,-7676.0,,Private_forprofit
West Coast University-Orange County,102672.0,22685.0,24145.0,22685.0,2.4616266255234738,64252.0,0.7288489074270061,Private_forprofit
West Coast University-Ontario,102672.0,37194.0,24145.0,37194.0,1.1112813894714202,64252.0,0.9546628898711325,Private_forprofit
Paul Mitchell the School-Chicago,27652.0,,9500.0,,,-10768.0,,Private_forprofit
Miller-Motte College-Fayetteville,31102.0,,10661.0,,,-7318.0,,Private_forprofit
European Massage Therapy School-Las Vegas,24290.0,,5657.0,,,-14130.0,,Private_forprofit
Miller-Motte College-Columbus,31102.0,,10661.0,,,-7318.0,,Private_forprofit
Fortis College-Indianapolis,34726.0,14116.0,12949.0,14116.0,0.5427174837064325,-3694.0,,Private_forprofit
Empire Beauty School-E Memphis,22377.0,,6633.0,,,-16043.0,,Private_forprofit
Empire Beauty School-Nashville,23921.0,,7851.0,,,-14499.0,,Private_forprofit
Empire Beauty School-Jackson,24397.0,,6756.0,,,-14023.0,,Private_forprofit
Empire Beauty School-Springfield,25073.0,,8028.0,,,-13347.0,,Private_forprofit
Empire Beauty School-Speedway,24407.0,,7050.0,,,-14013.0,,Private_forprofit
Empire Beauty School-Morrow,24397.0,,6756.0,,,-14023.0,,Private_forprofit
Strayer University-Arkansas,40092.0,13920.0,14000.0,13920.0,0.8744252873563219,1672.0,16.698564593301434,Private_forprofit
Strayer University-Georgia,40092.0,13920.0,14000.0,13920.0,0.8744252873563219,1672.0,16.698564593301434,Private_forprofit
Strayer University-Mississippi,40092.0,13920.0,14000.0,13920.0,0.8744252873563219,1672.0,16.698564593301434,Private_forprofit
Strayer University-South Carolina,40092.0,13920.0,14000.0,13920.0,0.8744252873563219,1672.0,16.698564593301434,Private_forprofit
Strayer University-Texas,40092.0,13920.0,14000.0,13920.0,0.8744252873563219,1672.0,16.698564593301434,Private_forprofit
Empire Beauty School-Charlotte,24022.0,,6222.0,,,-14398.0,,Private_forprofit
Empire Beauty School-Winston-Salem,24397.0,,6756.0,,,-14023.0,,Private_forprofit
Empire Beauty School-West Palm,25073.0,,8028.0,,,-13347.0,,Private_forprofit
Empire Beauty School-Pineville,23925.0,,7667.0,,,-14495.0,,Private_forprofit
Paul Mitchell the School-Phoenix,29340.0,,11200.0,,,-9080.0,,Private_forprofit
Paul Mitchell the School-Modesto,28691.0,,6211.0,,,-9729.0,,Private_forprofit
Paul Mitchell the School-Fresno,29671.0,,9500.0,,,-8749.0,,Private_forprofit
Unitek College,79550.0,,9769.0,,,41130.0,,Private_forprofit
Gurnick Academy of Medical Arts,66844.0,,16832.0,,,28424.0,,Private_forprofit
Paul Mitchell the School-East Bay,29418.0,,10513.0,,,-9002.0,,Private_forprofit
South University-Richmond,34421.0,18238.0,13000.0,18238.0,0.17452571553898455,-3999.0,,Private_forprofit
South University-Virginia Beach,34421.0,18238.0,13000.0,18238.0,0.17452571553898455,-3999.0,,Private_forprofit
Aveda Institute-Denver,38020.0,,6500.0,,,-400.0,,Private_forprofit
Paul Mitchell the School-Colorado Springs,27683.0,,6333.0,,,-10737.0,,Private_forprofit
The Salon Professional Academy-Colorado Springs,28934.0,,6333.0,,,-9486.0,,Private_forprofit
Paul Mitchell the School-Delaware,32242.0,,9833.0,,,-6178.0,,Private_forprofit
Fred K Marchman Technical College,30259.0,,,,,-8161.0,,Public
The Salon Professional Academy-Ft Myers,26408.0,,7667.0,,,-12012.0,,Private_forprofit
Universal Spa Training Academy,41928.0,,6861.0,,,3508.0,,Private_forprofit
The Salon Professional Academy-Evansville,26881.0,,9500.0,,,-11539.0,,Private_forprofit
Tri County Regional Vocational Technical High School,,,,,,,,Public
Nova Academy of Cosmetology,32156.0,,7863.0,,,-6264.0,,Private_forprofit
Sage School of Massage & Esthetics,29644.0,,7811.0,,,-8776.0,,Private_forprofit
Peloton College,33559.0,,9500.0,,,-4861.0,,Private_forprofit
ABC Beauty Academy,16263.0,,,,,-22157.0,,Private_forprofit
Salon & Spa Institute,21571.0,,7282.0,,,-16849.0,,Private_forprofit
American Beauty Academy,20236.0,,5651.0,,,-18184.0,,Private_forprofit
Summit Salon Academy,31648.0,,8000.0,,,-6772.0,,Private_forprofit
Paul Mitchell the School-Milwaukee,25122.0,,6750.0,,,-13298.0,,Private_forprofit
Touro University Worldwide,40803.0,14600.0,14437.0,14600.0,0.8058904109589041,2383.0,12.185060847671004,Private_nonprofit
Touro University California,104805.0,,12500.0,,,66385.0,,Private_nonprofit
The Chicago School at Washington DC,56899.0,,10250.0,,,18479.0,,Private_nonprofit
Touro University Nevada,104805.0,,12500.0,,,66385.0,,Private_nonprofit
Herzing University-Kenosha,36909.0,13420.0,11756.0,13420.0,0.8742921013412817,-1511.0,,Private_nonprofit
Herzing University-Brookfield,36909.0,13420.0,11756.0,13420.0,0.8742921013412817,-1511.0,,Private_nonprofit
Texas A&M University-San Antonio,54338.0,9548.0,12500.0,9548.0,3.3818600754084627,15918.0,1.3850986304812163,Public
Fortis Institute,33193.0,,6333.0,,,-5227.0,,Private_forprofit
Southern Careers Institute-Brownsville,27035.0,,7389.0,,,-11385.0,,Private_forprofit
Southern Careers Institute-Harlingen,27035.0,,7389.0,,,-11385.0,,Private_forprofit
Strayer University-Global Region,40092.0,13920.0,14000.0,13920.0,0.8744252873563219,1672.0,16.698564593301434,Private_forprofit
Kenneth Shuler School of Cosmetology-Florence,25542.0,,5825.0,,,-12878.0,,Private_forprofit
Fortis College-Columbia,36368.0,14576.0,9500.0,14576.0,0.8433040614709111,-2052.0,,Private_forprofit
Ross Medical Education Center-Davison,29898.0,,7719.0,,,-8522.0,,Private_forprofit
Ross Medical Education Center-Granger,30481.0,,8481.0,,,-7939.0,,Private_forprofit
Ross Medical Education Center-Niles,30072.0,,5500.0,,,-8348.0,,Private_forprofit
Ross Medical Education Center-Canton,30060.0,,7504.0,,,-8360.0,,Private_forprofit
Pima Medical Institute-Houston,38673.0,,9500.0,,,253.0,,Private_forprofit
Illinois Media School-Chicago Campus,38284.0,,9500.0,,,-136.0,,Private_forprofit
Miller-Motte College-STVT-San Antonio,31102.0,,10661.0,,,-7318.0,,Private_forprofit
Concorde Career College-Dallas,42456.0,,9500.0,,,4036.0,,Private_forprofit
Concorde Career Institute-Orlando,34098.0,,9500.0,,,-4322.0,,Private_forprofit
Concorde Career College-San Antonio,35242.0,,9500.0,,,-3178.0,,Private_forprofit
Johnson & Wales University-Online,43418.0,13365.0,16334.0,13365.0,1.0264870931537597,4998.0,5.942176870748299,Private_nonprofit
Fairfax University of America,,10128.0,,10128.0,,,,Private_nonprofit
Moreno Valley College,52133.0,1420.0,6625.0,1420.0,31.047887323943662,13713.0,0.5866695836067964,Public
Norco College,51206.0,1420.0,5500.0,1420.0,31.187323943661973,12786.0,0.541216956045675,Public
Dorsey College-Saginaw,29392.0,32160.0,9500.0,32160.0,-0.3814676616915423,-9028.0,,Private_forprofit
Milan Institute of Cosmetology-El Paso,22378.0,,6070.0,,,-16042.0,,Private_forprofit
Universal Technical Institute-Dallas Fort Worth,51222.0,,11574.0,,,12802.0,,Private_forprofit
ICPR Junior College,18694.0,8060.0,,8060.0,,-19726.0,,Private_forprofit
Artistic Nails and Beauty Academy-Lakeland,20948.0,,6333.0,,,-17472.0,,Private_forprofit
Hawaii Medical College,38880.0,25927.0,10500.0,25927.0,0.09461179465422147,460.0,79.18913043478261,Private_forprofit
Carolina College of Hair Design Inc,,,4712.0,,,,,Private_forprofit
Integrated Massage Therapy Services,24368.0,,,,,-14052.0,,Private_forprofit
Miller-Motte College-Jacksonville,31102.0,,10661.0,,,-7318.0,,Private_forprofit
Miller-Motte College-Augusta,31102.0,,10661.0,,,-7318.0,,Private_forprofit
Miller-Motte College-Conway,31102.0,,10661.0,,,-7318.0,,Private_forprofit
Aveda Institute-Portland,33003.0,,6211.0,,,-5417.0,,Private_forprofit
Chamberlain University-Virginia,92405.0,20462.0,16458.0,20462.0,2.7116117681556053,53985.0,0.6838936741687506,Private_forprofit
Penrose Academy,35839.0,,6333.0,,,-2581.0,,Private_forprofit
Skin Institute,23524.0,,6895.0,,,-14896.0,,Private_forprofit
Beauty Academy of South Florida,16826.0,,6223.0,,,-21594.0,,Private_forprofit
Ogle School Hair Skin Nails-North Dallas,26885.0,,7369.0,,,-11535.0,,Private_forprofit
The Salon Professional Academy,,,6333.0,,,,,Private_forprofit
The Salon Professional Academy-St Charles,34900.0,,8243.0,,,-3520.0,,Private_forprofit
Mildred Elley-New York Campus,38830.0,17926.0,12000.0,17926.0,0.49670869128639966,410.0,72.99024390243902,Private_forprofit
National Paralegal College,42269.0,7995.0,13994.0,7995.0,2.5365853658536586,3849.0,5.712912444790855,Private_forprofit
Carolina College of Biblical Studies,24581.0,6276.0,17500.0,6276.0,0.12826641172721479,-13839.0,,Private_nonprofit
Northeast Technology Center,34457.0,,,,,-3963.0,,Public
Allstate Hairstyling & Barber College,,,,,,,,Private_forprofit
Omega Graduate School,,,,,,,,Private_nonprofit
Jung Tao School of Classical Chinese Medicine,,,,,,,,Private_nonprofit
New York Film Academy,29633.0,36738.0,10750.0,36738.0,-0.48600903696445097,-8787.0,,Private_forprofit
International College of Cosmetology,21099.0,,,,,-17321.0,,Private_forprofit
Bella Capelli Academy,25817.0,,8028.0,,,-12603.0,,Private_forprofit
Institute of Medical Careers,,,12488.0,,,,,Private_forprofit
Flagler Technical College,,,,,,,,Public
Galaxy Medical College,,,9500.0,,,,,Private_forprofit
American Medical Sciences Center,29972.0,,15418.0,,,-8448.0,,Private_forprofit
Mandalyn Academy,,,6333.0,,,,,Private_forprofit
Jose Maria Vargas University,,11260.0,14250.0,11260.0,,,,Private_forprofit
D A Dorsey Technical College,,,,,,,,Public
Keweenaw Bay Ojibwa Community College,22340.0,5000.0,,5000.0,,-16080.0,,Public
Meridian Institute of Surgical Assisting,62978.0,,6840.0,,,24558.0,,Private_forprofit
Mauna Loa Helicopters,,,,,,,,Private_forprofit
Acaydia School of Aesthetics,,,7590.0,,,,,Private_forprofit
Holistic Massage Training Institute,,,8550.0,,,,,Private_forprofit
Diamonds College,27126.0,,5500.0,,,-11294.0,,Private_forprofit
Northern Virginia School of Therapeutic Massage,44892.0,,6333.0,,,6472.0,,Private_forprofit
Paul Mitchell the School-St Louis,33132.0,,9833.0,,,-5288.0,,Private_forprofit
Advanced Training Institute,45893.0,,7600.0,,,7473.0,,Private_forprofit
Shepherds Theological Seminary,,,,,,,,Private_nonprofit
Taylor Andrews Academy of Hair Design-West Jordan,36048.0,,9500.0,,,-2372.0,,Private_forprofit
Santa Ana Beauty Academy,28107.0,,,,,-10313.0,,Private_forprofit
Manna University,,7163.0,9500.0,7163.0,,,,Private_nonprofit
Evolve Beauty Academy,,,7892.0,,,,,Private_forprofit
Aveda Institute-New Mexico,,,6333.0,,,,,Private_forprofit
American Trade School,47161.0,,,,,8741.0,,Private_forprofit
Estelle Skin Care and Spa Institute,25148.0,,7136.0,,,-13272.0,,Private_forprofit
Elite Cosmetology School,17966.0,,6333.0,,,-20454.0,,Private_forprofit
American Technical Institute,,,,,,,,Private_forprofit
Bergin University of Canine Studies,,,,,,,,Private_nonprofit
Aveda Institute-Boise,24470.0,,5846.0,,,-13950.0,,Private_forprofit
Pima Medical Institute-Aurora,,,5500.0,,,,,Private_forprofit
Capilo School of Hair Design,,,6333.0,,,,,Private_forprofit
Pure Aesthetics Natural Skincare School,,,6333.0,,,,,Private_forprofit
Lindsey Institute of Cosmetology,14602.0,,6009.0,,,-23818.0,,Private_forprofit
Buckner Barber School,27850.0,,4750.0,,,-10570.0,,Private_forprofit
Simmons College of Kentucky,,16398.0,,16398.0,,,,Private_nonprofit
Atelier Esthetique Institute of Esthetics,40826.0,,5846.0,,,2406.0,,Private_forprofit
Advanced College of Cosmetology,,,9819.0,,,,,Private_forprofit
North American University,,12836.0,4750.0,12836.0,,,,Private_nonprofit
United Beauty College,,,,,,,,Private_forprofit
Cinta Aveda Institute,34937.0,,5500.0,,,-3483.0,,Private_forprofit
Long Island Nail Skin & Hair Institute,23404.0,,5319.0,,,-15016.0,,Private_forprofit
Keser Torah-Mayan Hatalmud,,11060.0,,11060.0,,,,Private_nonprofit
Southern California Health Institute,34558.0,,9500.0,,,-3862.0,,Private_forprofit
Best Care College,64311.0,,12970.0,,,25891.0,,Private_forprofit
First Class Cosmetology School,26792.0,,7847.0,,,-11628.0,,Private_forprofit
Millennia Atlantic University,,12978.0,,12978.0,,,,Private_forprofit
Abcott Institute,33151.0,,8708.0,,,-5269.0,,Private_forprofit
The Salon Professional Academy-Kenosha,24941.0,,6333.0,,,-13479.0,,Private_forprofit
Paul Mitchell the School-Indianapolis,34913.0,,8500.0,,,-3507.0,,Private_forprofit
Taylor Andrews Academy-St George,17368.0,,7000.0,,,-21052.0,,Private_forprofit
Protege Academy,19499.0,,9833.0,,,-18921.0,,Private_forprofit
Colorado Academy of Veterinary Technology,,19721.0,19704.0,19721.0,,,,Private_forprofit
Northeast Technical Institute,,,8550.0,,,,,Private_forprofit
Elite School of Cosmetology,23547.0,,4806.0,,,-14873.0,,Private_forprofit
Paul Mitchell the School-Las Vegas,,,10556.0,,,,,Private_forprofit
Summit Salon Academy-Kokomo,23226.0,,8867.0,,,-15194.0,,Private_forprofit
Florida Academy,,,6333.0,,,,,Private_forprofit
Institute for Doctoral Studies in the Visual Arts,,,,,,,,Private_nonprofit
State Career College,,,9500.0,,,,,Private_forprofit
Academy for Salon Professionals,,,6304.0,,,,,Private_forprofit
Paul Mitchell the School-Spokane,27209.0,,6028.0,,,-11211.0,,Private_forprofit
International College of Beauty Arts & Sciences,,,6333.0,,,,,Private_forprofit
John Paul the Great Catholic University,56930.0,29500.0,21500.0,29500.0,0.20101694915254237,18510.0,2.755267423014587,Private_nonprofit
University of Connecticut-Hartford Campus,73997.0,17452.0,18610.0,17452.0,2.173676369470548,35577.0,1.0136324029569665,Public
Ottawa University-Surprise,55552.0,35300.0,12500.0,35300.0,0.21960339943342777,17132.0,2.790100396918048,Private_nonprofit
Chamberlain University-Missouri,92405.0,19686.0,16458.0,19686.0,2.8579193335365236,53985.0,0.6695193109197,Private_forprofit
Chamberlain University-Texas,92405.0,19686.0,16458.0,19686.0,2.8579193335365236,53985.0,0.6695193109197,Private_forprofit
Continental School of Beauty Culture-Mattydale,23906.0,,6333.0,,,-14514.0,,Private_forprofit
Paul Mitchell the School-Columbia,26696.0,,9500.0,,,-11724.0,,Private_forprofit
Paul Mitchell the School-Charleston,26696.0,,9500.0,,,-11724.0,,Private_forprofit
Kenneth Shuler School of Cosmetology-Greenville,23193.0,,5724.0,,,-15227.0,,Private_forprofit
Northwest College-Eugene,24421.0,,6333.0,,,-13999.0,,Private_forprofit
Northwest College-Tualatin,24421.0,,6333.0,,,-13999.0,,Private_forprofit
CET-Soledad,32986.0,,6729.0,,,-5434.0,,Private_nonprofit
UEI College-Oceanside,31141.0,,9500.0,,,-7279.0,,Private_forprofit
Paul Mitchell the School-New Orleans,25699.0,,9833.0,,,-12721.0,,Private_forprofit
UEI College-Garden Grove,31141.0,,9500.0,,,-7279.0,,Private_forprofit
New England Tractor Trailer Training School of Massachusetts,53085.0,,6333.0,,,14665.0,,Private_forprofit
Dewey University-Manati,19761.0,7630.0,5000.0,7630.0,0.9346002621231979,-18659.0,,Private_nonprofit
Allen School-Phoenix,34186.0,,9500.0,,,-4234.0,,Private_forprofit
Oklahoma Technical College,28954.0,,7934.0,,,-9466.0,,Private_nonprofit
Unitech Training Academy-Alexandria,24707.0,,6859.0,,,-13713.0,,Private_forprofit
UEI College-Riverside,30848.0,,9433.0,,,-7572.0,,Private_forprofit
WellSpring School of Allied Health-Lawrence,29839.0,,7917.0,,,-8581.0,,Private_forprofit
Manuel and Theresa's School of Hair Design-Victoria,,,6692.0,,,,,Private_forprofit
Tricoci University of Beauty Culture-Chicago NE,27330.0,,7307.0,,,-11090.0,,Private_forprofit
Los Angeles Pacific University,,11976.0,10806.0,11976.0,,,,Private_nonprofit
Avalon Institute-Phoenix,30803.0,,6312.0,,,-7617.0,,Private_forprofit
Avalon Institute-Layton,30803.0,,6312.0,,,-7617.0,,Private_forprofit
Aveda Institute-Des Moines,36132.0,,6333.0,,,-2288.0,,Private_forprofit
Fortis Institute-Lawrenceville,36920.0,,9100.0,,,-1500.0,,Private_forprofit
Relay Graduate School of Education,,,,,,,,Private_nonprofit
Miller-Motte College-Macon,31102.0,,10661.0,,,-7318.0,,Private_forprofit
South University-Savannah Online,34421.0,16546.0,13000.0,16546.0,0.29463314396228696,-3999.0,,Private_forprofit
San Joaquin Valley College-Temecula,38317.0,,9773.0,,,-103.0,,Private_forprofit
Whitworth University-Adult Degree Programs,58561.0,,18000.0,,,20141.0,,Private_nonprofit
The Colleges of Law at Santa Barbara,,,,,,,,Private_nonprofit
Springfield College-Regional Online and Continuing Education,48036.0,,23000.0,,,9616.0,,Private_nonprofit
Marian Health Careers Center-Van Nuys Campus,63612.0,,10916.0,,,25192.0,,Private_forprofit
Milan Institute-Las Vegas,24879.0,,6333.0,,,-13541.0,,Private_forprofit
Catholic Distance University,,9600.0,,9600.0,,,,Private_nonprofit
New York School of Esthetics & Day Spa,,,6333.0,,,,,Private_forprofit
Finger Lakes Health College of Nursing & Health Sciences,40054.0,12980.0,8250.0,12980.0,1.450231124807396,1634.0,12.99265605875153,Private_nonprofit
ASI Career Institute,,,6333.0,,,,,Private_forprofit
Christine Valmy International School of Esthetics & Cosmetology,,,5173.0,,,,,Private_forprofit
Paul Mitchell the School-Arlington,28693.0,,7457.0,,,-9727.0,,Private_forprofit
Rocky Mountain University of Health Professions,,,,,,,,Private_forprofit
Paul Mitchell the School-Fort Myers,16715.0,,8389.0,,,-21705.0,,Private_forprofit
Paul Mitchell the School-Raleigh,,,9833.0,,,,,Private_forprofit
CUNY Stella and Charles Guttman Community College,,5194.0,5000.0,5194.0,,,,Public
Lil Lou's Beauty and Barber College,,,9500.0,,,,,Private_forprofit
Criswell College,43185.0,14310.0,11803.0,14310.0,1.1930118798043325,4765.0,5.480167890870934,Private_nonprofit
Beverly Hills Design Institute,,23220.0,,23220.0,,,,Private_forprofit
Reflections Academy of Beauty,,,9500.0,,,,,Private_forprofit
UCAS University of Cosmetology Arts & Sciences-La Joya,19880.0,,6083.0,,,-18540.0,,Private_forprofit
Annenberg School of Nursing,,,14385.0,,,,,Private_nonprofit
American Medical Academy,,,9500.0,,,,,Private_forprofit
Tooele Technical College,,,,,,,,Public
Chamberlain University-Georgia,92405.0,19686.0,16458.0,19686.0,2.8579193335365236,53985.0,0.6695193109197,Private_forprofit
Chamberlain University-Indiana,92405.0,19686.0,16458.0,19686.0,2.8579193335365236,53985.0,0.6695193109197,Private_forprofit
Sessions College for Professional Design,,12440.0,9500.0,12440.0,,,,Private_forprofit
Tulsa Welding School-Jacksonville,41067.0,,6886.0,,,2647.0,,Private_forprofit
Empire Beauty School-Virginia Beach,24407.0,,7050.0,,,-14013.0,,Private_forprofit
Ross Medical Education Center-Morgantown,30481.0,,8481.0,,,-7939.0,,Private_forprofit
Miami Ad School-New York,106192.0,19400.0,16849.0,19400.0,3.6053092783505156,67772.0,0.5348669066871274,Private_forprofit
Larry's Barber College,,,3723.0,,,,,Private_forprofit
Futura Career Institute,,,,,,,,Private_forprofit
Vogue College of Cosmetology-San Antonio Fredericksburg,,,5500.0,,,,,Private_forprofit
Vogue College of Cosmetology,,,6333.0,,,,,Private_forprofit
Tomorrow's Image Barber And Beauty Academy of Virginia,,,9500.0,,,,,Private_forprofit
Medical Allied Career Center,,,17130.0,,,,,Private_forprofit
Bais HaMedrash and Mesivta of Baltimore,,13100.0,,13100.0,,,,Private_nonprofit
Barber & Beauty Institute of New York,,,3695.0,,,,,Private_forprofit
Salon Institute-Toledo Campus,,,9833.0,,,,,Private_forprofit
Athena Career Academy,,,14120.0,,,,,Private_forprofit
Yeshiva Gedolah Zichron Leyma,,11350.0,,11350.0,,,,Private_nonprofit
The Barber School,,,5500.0,,,,,Private_forprofit
Be'er Yaakov Talmudic Seminary,17360.0,12300.0,,12300.0,,-21060.0,,Private_nonprofit
Rio Grande Valley College,,,10473.0,,,,,Private_forprofit
Alexander Academy,,,7358.0,,,,,Private_forprofit
Aveda Institute-Tucson,,,6333.0,,,,,Private_forprofit
Diamond Beauty College,,,,,,,,Private_forprofit
Unitek College,87877.0,,10699.0,,,49457.0,,Private_forprofit
University Academy of Hair Design,,,9833.0,,,,,Private_forprofit
Florida Institute of Recording Sound and Technology,,,7853.0,,,,,Private_forprofit
Paul Mitchell the School-Reno,,,8149.0,,,,,Private_forprofit
Boise Barber College,,,9500.0,,,,,Private_forprofit
Austin Kade Academy,,,5780.0,,,,,Private_forprofit
Aesthetic Science Institute,,,6333.0,,,,,Private_forprofit
Elaine Sterling Institute,,,6333.0,,,,,Private_forprofit
Wade Gordon Hairdressing Academy,,,7710.0,,,,,Private_forprofit
Mitsu Sato Hair Academy,,,9500.0,,,,,Private_forprofit
FVI School of Nursing and Technology,,,9294.0,,,,,Private_forprofit
Colorado State University Global,76813.0,8400.0,14405.0,8400.0,6.429523809523809,38393.0,0.5939884874846977,Public
Paul Mitchell the School-Overland Park,,,9500.0,,,,,Private_forprofit
Medspa Academies,,,9500.0,,,,,Private_forprofit
Brighton Institute of Cosmetology,,,7157.0,,,,,Private_forprofit
West Coast University-Dallas,102672.0,16715.0,24145.0,16715.0,3.69799581214478,64252.0,0.6359335117972982,Private_forprofit
Evangel University-James River Assembly of God Church,46573.0,17268.0,17495.0,17268.0,0.6839240213110956,8153.0,4.2638292653011165,Private_nonprofit
Empire Beauty School-Savannah,24022.0,,6222.0,,,-14398.0,,Private_forprofit
Ogle School Hair Skin Nails-Denton,31055.0,,7916.0,,,-7365.0,,Private_forprofit
Empire Beauty School-West Greensboro,24407.0,,7050.0,,,-14013.0,,Private_forprofit
Hays Academy of Hair Design,23712.0,,9833.0,,,-14708.0,,Private_forprofit
Bellus Academy,25223.0,,6333.0,,,-13197.0,,Private_forprofit
MotoRing Technical Training Institute,48281.0,,9350.0,,,9861.0,,Private_forprofit
Unitek College,87877.0,,10699.0,,,49457.0,,Private_forprofit
Pennsylvania State University-World Campus,63435.0,15204.0,19500.0,15204.0,1.8897000789265983,25015.0,1.3873276034379372,Public
Medical Career Institute,,,6473.0,,,,,Private_forprofit
Advance Beauty Techs Academy,,,5298.0,,,,,Private_forprofit
Elevate Salon Institute-Westminster,,,6333.0,,,,,Private_forprofit
Brand College,,,,,,,,Private_forprofit
Hinton Barber and Beauty College,,,9833.0,,,,,Private_forprofit
Advanced Career Institute,,,6229.0,,,,,Private_forprofit
Digital Film Academy,,,5500.0,,,,,Private_forprofit
MyComputerCareer at Raleigh,,,9500.0,,,,,Private_forprofit
South University-Austin,34421.0,18238.0,13000.0,18238.0,0.17452571553898455,-3999.0,,Private_forprofit
Bryant & Stratton College-Online,32568.0,15891.0,9500.0,15891.0,0.45163929268139197,-5852.0,,Private_nonprofit
Ogle School Hair Skin Nails-San Antonio,31055.0,,7916.0,,,-7365.0,,Private_forprofit
Ideal Beauty Academy,24635.0,,,,,-13785.0,,Private_forprofit
Warner Pacific University Professional and Graduate Studies,55204.0,,20250.0,,,16784.0,,Private_nonprofit
Platt College-Riverside,40669.0,14804.0,15215.0,14804.0,0.7194001621183463,2249.0,13.347710093374832,Private_forprofit
Empire Beauty School-Glen Burnie,25073.0,,8028.0,,,-13347.0,,Private_forprofit
UEI College-Stockton,31141.0,,9500.0,,,-7279.0,,Private_forprofit
Ross Medical Education Center-Dayton,33079.0,,9389.0,,,-5341.0,,Private_forprofit
Ross Medical Education Center-Ontario,29898.0,,7719.0,,,-8522.0,,Private_forprofit
Ross Medical Education Center-Bowling Green,30060.0,,7504.0,,,-8360.0,,Private_forprofit
Florida Institute of Technology-Online,43137.0,12240.0,14049.0,12240.0,1.3764705882352941,4717.0,5.573245707017172,Private_nonprofit
Rasmussen University-Kansas,39080.0,15340.0,13000.0,15340.0,0.7001303780964798,660.0,42.93939393939394,Private_forprofit
School of Missionary Aviation Technology,,,12000.0,,,,,Private_nonprofit
California Miramar University,,9994.0,12664.0,9994.0,,,,Private_forprofit
Rocky Vista University,,,,,,,,Private_forprofit
The College of Health Care Professions-Dallas,38922.0,,9096.0,,,502.0,,Private_forprofit
The College of Health Care Professions-Fort Worth,33070.0,,9473.0,,,-5350.0,,Private_forprofit
Shear Finesse Beauty Academy,,,9500.0,,,,,Private_forprofit
Miami Media School,28918.0,,9500.0,,,-9502.0,,Private_forprofit
Academy of Salon Professionals,,,7917.0,,,,,Private_forprofit
CyberTex Institute of Technology,,,6776.0,,,,,Private_forprofit
New England Tractor Trailer Training School of CT-Bridgeport,44444.0,,6333.0,,,6024.0,,Private_forprofit
Designer Barber & Stylist School,,,10203.0,,,,,Private_forprofit
College of the Muscogee Nation,,6600.0,,6600.0,,,,Public
The Salon Professional Academy-Huntsville,,,9833.0,,,,,Private_forprofit
Midwives College of Utah,,8256.0,8270.0,8256.0,,,,Private_nonprofit
Aspen Beauty Academy of Laurel,,,9833.0,,,,,Private_forprofit
M T Training Center,,,6755.0,,,,,Private_forprofit
Berks Career & Technology Center,,,3732.0,,,,,Public
Future Generations University,,,,,,,,Private_nonprofit
Carthage R9 School District-Carthage Technical Center,,,14458.0,,,,,Public
Grace Mission University,,3480.0,,3480.0,,,,Private_nonprofit
World A Cuts Barber Institute,,,,,,,,Private_forprofit
Verve College,,,9500.0,,,,,Private_forprofit
Sotheby's Institute of Art-NY,,,,,,,,Private_forprofit
Top Nails & Hair Beauty School,,,,,,,,Private_forprofit
Santa Ana Beauty College,,,,,,,,Private_forprofit
Shepherds College,,,16035.0,,,,,Private_nonprofit
Woodruff Medical and Wellness Training,,,7917.0,,,,,Private_forprofit
Helms College,,17924.0,8208.0,17924.0,,,,Private_nonprofit
Ukiah Adult School,,,,,,,,Public
Riverside County Office of Education-School of Career Education,,,5500.0,,,,,Public
Institute of Health Sciences,,15100.0,9500.0,15100.0,,,,Private_forprofit
Mid-South Christian College,,11905.0,,11905.0,,,,Private_nonprofit
New York Institute of Beauty,,,5330.0,,,,,Private_forprofit
Ultrasound Medical Institute,,,17414.0,,,,,Private_forprofit
Xavier College School of Nursing,,,16156.0,,,,,Private_forprofit
Lawrence & Company College of Cosmetology,,,4963.0,,,,,Private_forprofit
Kaizen Beauty Academy,,,5200.0,,,,,Private_forprofit
Sharp Edgez Barber Institute,,,5426.0,,,,,Private_forprofit
The Salon Professional Academy-Nashville,,,9823.0,,,,,Private_forprofit
Prestige Health & Beauty Sciences Academy,,,6333.0,,,,,Private_forprofit
California Career Institute,,,17363.0,,,,,Private_forprofit
Grace School of Theology,,6760.0,,6760.0,,,,Private_nonprofit
Yeshiva Gedolah Kesser Torah,,9600.0,,9600.0,,,,Private_nonprofit
Universal Training Institute,,,9500.0,,,,,Private_forprofit
Yeshiva Yesodei Hatorah,,12500.0,,12500.0,,,,Private_nonprofit
Center for the Healing Arts,,,6333.0,,,,,Private_forprofit
Bonnie Joseph Academy of Cosmetology & Barbering,,,,,,,,Private_forprofit
Healthcare Training Institute,,,19000.0,,,,,Private_forprofit
J D Academy of Salon and Spa,,,6211.0,,,,,Private_forprofit
Boca Beauty Academy,,,5848.0,,,,,Private_forprofit
City Pointe Beauty Academy,,,6500.0,,,,,Private_forprofit
The Chrysm Institute of Esthetics,,,6333.0,,,,,Private_forprofit
Sanford Burnham Prebys Medical Discovery Institute,,,,,,,,Private_nonprofit
Belle Academy of Cosmetology LLC,,,,,,,,Private_forprofit
Empire Beauty School-Augusta,23921.0,,7851.0,,,-14499.0,,Private_forprofit
South University-High Point,34421.0,20650.0,13000.0,20650.0,0.03733656174334141,-3999.0,,Private_forprofit
Empire Beauty School-Vernon Hills,24407.0,,7050.0,,,-14013.0,,Private_forprofit
Empire Beauty School-Stone Park,24407.0,,7050.0,,,-14013.0,,Private_forprofit
San Joaquin Valley College-Lancaster,38317.0,,9773.0,,,-103.0,,Private_forprofit
Empire Beauty School-Rochester,24022.0,,6222.0,,,-14398.0,,Private_forprofit
Ross Medical Education Center-Kokomo,33079.0,,9389.0,,,-5341.0,,Private_forprofit
Ross Medical Education Center-Erlanger,29898.0,,7719.0,,,-8522.0,,Private_forprofit
Ross Medical Education Center-Charleston,30072.0,,5500.0,,,-8348.0,,Private_forprofit
InterCoast Colleges-Fairfield,36089.0,,9500.0,,,-2331.0,,Private_forprofit
Southern Careers Institute-San Antonio,27035.0,,7389.0,,,-11385.0,,Private_forprofit
Milan Institute-Merced,24879.0,,6333.0,,,-13541.0,,Private_forprofit
Midwest Technical Institute-Missouri,33601.0,,9251.0,,,-4819.0,,Private_forprofit
Augusta University,48472.0,8122.0,13015.0,8122.0,3.3655503570549126,10052.0,2.102765618782332,Public
Middle Georgia State University,40863.0,4432.0,9500.0,4432.0,6.0764891696750905,2443.0,5.7028243962341385,Public
Trenz Beauty Academy,,,5500.0,,,,,Private_forprofit
Paul Mitchell the School-Denver,,,6788.0,,,,,Private_forprofit
Academy of Interactive Entertainment,,24600.0,12000.0,24600.0,,,,Private_nonprofit
Arrojo Cosmetology School,,,10083.0,,,,,Private_forprofit
Cosmetology Academy of Texarkana,,,7917.0,,,,,Private_forprofit
Veritas Baptist College,,8992.0,11783.0,8992.0,,,,Private_nonprofit
Lynnes Welding Training,,,3385.0,,,,,Private_forprofit
Aviation Institute of Maintenance-Las Vegas,48191.0,16757.0,20500.0,16757.0,0.6525034314018022,9771.0,3.813018114829598,Private_forprofit
UEI College-Bakersfield,27688.0,,9445.0,,,-10732.0,,Private_forprofit
DeVry College of New York,45987.0,17488.0,12805.0,17488.0,0.8974153705397987,7567.0,4.003303819215013,Private_forprofit
DeVry University-Arizona,45987.0,17488.0,12805.0,17488.0,0.8974153705397987,7567.0,4.003303819215013,Private_forprofit
DeVry University-California,45987.0,17488.0,12805.0,17488.0,0.8974153705397987,7567.0,4.003303819215013,Private_forprofit
DeVry University-Florida,45987.0,17488.0,12805.0,17488.0,0.8974153705397987,7567.0,4.003303819215013,Private_forprofit
DeVry University-Georgia,45987.0,17488.0,12805.0,17488.0,0.8974153705397987,7567.0,4.003303819215013,Private_forprofit
DeVry University-Illinois,45987.0,17488.0,12805.0,17488.0,0.8974153705397987,7567.0,4.003303819215013,Private_forprofit
DeVry University-Nevada,45987.0,17488.0,12805.0,17488.0,0.8974153705397987,7567.0,4.003303819215013,Private_forprofit
DeVry University-New Jersey,45987.0,17488.0,12805.0,17488.0,0.8974153705397987,7567.0,4.003303819215013,Private_forprofit
DeVry University-Ohio,45987.0,17488.0,12805.0,17488.0,0.8974153705397987,7567.0,4.003303819215013,Private_forprofit
DeVry University-Texas,45987.0,17488.0,12805.0,17488.0,0.8974153705397987,7567.0,4.003303819215013,Private_forprofit
DeVry University-Virginia,45987.0,17488.0,12805.0,17488.0,0.8974153705397987,7567.0,4.003303819215013,Private_forprofit
University of North Georgia,50135.0,5009.0,9673.0,5009.0,7.077859852265921,11715.0,1.2532650448143405,Public
South Georgia State College,35697.0,2970.0,7000.0,2970.0,8.662289562289562,-2723.0,,Public
Northeastern University Professional Programs,92538.0,,22000.0,,,54118.0,,Private_nonprofit
Florida Polytechnic University,,4940.0,7500.0,4940.0,,,,Public
American Institute-Toms River,28710.0,,9304.0,,,-9710.0,,Private_forprofit
Alamo City Barber College,,,5281.0,,,,,Private_forprofit
Arizona College-Mesa,34657.0,18835.0,9500.0,18835.0,0.33565171223785506,-3763.0,,Private_forprofit
American College of Healthcare and Technology,31109.0,,9500.0,,,-7311.0,,Private_forprofit
Antioch College,,37143.0,6518.0,37143.0,,,,Private_nonprofit
Texas A&M University-Central Texas,,6627.0,13000.0,6627.0,,,,Public
Central Georgia Technical College,30848.0,3180.0,5500.0,3180.0,6.971069182389937,-7572.0,,Public
Barber School of Pittsburgh,,,13583.0,,,,,Private_forprofit
Innovate Salon Academy,,,6333.0,,,,,Private_forprofit
Arizona State University Digital Immersion,62668.0,,13610.0,,,24248.0,,Public
Louisiana Delta Community College,30438.0,4159.0,7618.0,4159.0,4.48689588843472,-7982.0,,Public
The Fab School,,,4449.0,,,,,Private_forprofit
Networks Barber College,,,15900.0,,,,,Private_forprofit
JB's Hair Design and Barber College,,,,,,,,Private_forprofit
Paul Mitchell the School-Lombard,27652.0,,9500.0,,,-10768.0,,Private_forprofit
Paul Mitchell the School-Greenville,26696.0,,9500.0,,,-11724.0,,Private_forprofit
Barber and Beauty Academy of Pennsylvania,,,3167.0,,,,,Private_forprofit
Delta College of Arts & Technology-Lafayette Campus,34222.0,,5899.0,,,-4198.0,,Private_forprofit
Delta College-Slidell Campus,32044.0,,6200.0,,,-6376.0,,Private_forprofit
Integrity College of Health,,,8444.0,,,,,Private_forprofit
Electrical and HVAC/R Training Center,,,6022.0,,,,,Private_forprofit
Alexander Paul Institute of Hair Design,,,8750.0,,,,,Private_forprofit
More Tech Institute,,,6186.0,,,,,Private_forprofit
Dorsey College-Dearborn,29392.0,22800.0,9500.0,22800.0,-0.12754385964912282,-9028.0,,Private_forprofit
Neecee's Barber College,,,9500.0,,,,,Private_forprofit
Bella Cosmetology and Barber College,,,8583.0,,,,,Private_forprofit
Franklin Hair Academy School of Cosmetology,,,,,,,,Private_forprofit
Ana G. Mendez University,,13575.0,5592.0,13575.0,,,,Private_nonprofit
Ohio Institute of Allied Health,,24493.0,9499.0,24493.0,,,,Private_nonprofit
Access Careers,,,5500.0,,,,,Private_forprofit
Luckes Beauty Academy LLC,,,9500.0,,,,,Private_forprofit
Total Transformation Institute of Cosmetology,,,6009.0,,,,,Private_forprofit
Vibe Barber College,,,9500.0,,,,,Private_forprofit
Champ's Barber School,,,9500.0,,,,,Private_forprofit
Washington University of Science and Technology,,13178.0,,13178.0,,,,Private_forprofit
East-West Healing Arts Institute,,,8444.0,,,,,Private_forprofit
Standard Healthcare Services-College of Nursing,,,14680.0,,,,,Private_forprofit
Philadelphia Technician Training,,,9500.0,,,,,Private_nonprofit
Grace International Beauty School,,,,,,,,Private_forprofit
Alliance Computing Solutions,,,5709.0,,,,,Private_forprofit
InterAmerican Technical Institute,,,7917.0,,,,,Private_forprofit
Bay Area Medical Academy,,,8291.0,,,,,Private_forprofit
Mind Body Institute,,,7389.0,,,,,Private_forprofit
Parisian Spa Institute,,,3167.0,,,,,Private_forprofit
Creative Touch Cosmetology School,,,,,,,,Private_forprofit
LaBarberia Institute of Hair,,,12000.0,,,,,Private_forprofit
Bos-Man's Barber College,,,14000.0,,,,,Private_forprofit
Lawrence & Company College of Cosmetology,,,6333.0,,,,,Private_forprofit
Alabama College of Osteopathic Medicine,,,,,,,,Private_nonprofit
High Desert Medical College,,,9500.0,,,,,Private_forprofit
Paul Mitchell the School-Schenectady,,,6492.0,,,,,Private_forprofit
Beyond Measure Barbering Institute,,,9500.0,,,,,Private_forprofit
Barber Institute of Texas,,,9500.0,,,,,Private_forprofit
Jupiter Beauty Academy,,,2333.0,,,,,Private_forprofit
MedQuest College,,,9196.0,,,,,Private_forprofit
First Coast Barber Academy,,,9000.0,,,,,Private_forprofit
Debutantes School of Cosmetology and Nail Technology,,,7867.0,,,,,Private_forprofit
Paul Mitchell the School-Farmington Hills,,,9833.0,,,,,Private_forprofit
Paul Mitchell the School-Merrillville,,,9833.0,,,,,Private_forprofit
TIGI Hairdressing Academy Newtown,,,9833.0,,,,,Private_forprofit
Yahweh Beauty Academy,,,,,,,,Private_forprofit
Arizona School of Integrative Studies,,,8347.0,,,,,Private_forprofit
Lee Professional Institute,,,5970.0,,,,,Private_forprofit
Park Place Premier Barber School,,,15587.0,,,,,Private_forprofit
The Salon Professional Academy-San Jose,,,6333.0,,,,,Private_forprofit
Tri-Community Adult Education,,,,,,,,Public
Ross Medical Education Center-Owensboro,30481.0,,8481.0,,,-7939.0,,Private_forprofit
Ross Medical Education Center-Evansville,33079.0,,9389.0,,,-5341.0,,Private_forprofit
Ross Medical Education Center-Johnson City,33079.0,,9389.0,,,-5341.0,,Private_forprofit
North-West College-Anaheim,39876.0,,9500.0,,,1456.0,,Private_forprofit
North-West College-Long Beach,39876.0,,9500.0,,,1456.0,,Private_forprofit
Taylor Andrews Academy of Hair Design-Provo,36048.0,,9500.0,,,-2372.0,,Private_forprofit
University of Florida-Online,71588.0,3876.0,14000.0,3876.0,13.857585139318886,33168.0,0.5389532079112398,Public
Ogle School Hair Skin Nails-Stafford,31488.0,,7917.0,,,-6932.0,,Private_forprofit
University of Phoenix-Arizona,37752.0,9552.0,16690.0,9552.0,1.2049832495812396,-668.0,,Private_forprofit
University of Phoenix-California,37752.0,,16690.0,,,-668.0,,Private_forprofit
University of Phoenix-Nevada,37752.0,,16690.0,,,-668.0,,Private_forprofit
University of Phoenix-Texas,37752.0,,16690.0,,,-668.0,,Private_forprofit
Minerva University,,18700.0,,18700.0,,,,Private_nonprofit
University of West Los Angeles,,,,,,,,Private_forprofit
Rabbinical College Ohr Yisroel,,9000.0,,9000.0,,,,Private_nonprofit
Aveda Institute-Phoenix,,,6333.0,,,,,Private_forprofit
University of North Texas at Dallas,,9590.0,12500.0,9590.0,,,,Public
Dermal Science International Aesthetics and Nail Academy,,,6333.0,,,,,Private_forprofit
BridgeValley Community & Technical College,36432.0,5282.0,5256.0,5282.0,4.902309731162439,-1988.0,,Public
Northwest College-Medford,24421.0,,6333.0,,,-13999.0,,Private_forprofit
Houston Training Schools-Gessner,18991.0,,,,,-19429.0,,Private_forprofit
Empire Beauty School-Buffalo,22377.0,,6633.0,,,-16043.0,,Private_forprofit
Paul Mitchell the School-Toledo,28363.0,,9833.0,,,-10057.0,,Private_forprofit
Georgia Military College,39257.0,8112.0,5500.0,8112.0,3.1613658777120315,837.0,16.262843488649942,Public
Beau Monde Academy of Barbering and Cosmetology,24565.0,,8769.0,,,-13855.0,,Private_forprofit
Fountain of Youth Academy of Cosmetology,,,5500.0,,,,,Private_forprofit
West Coast University-Miami,102672.0,23691.0,24145.0,23691.0,2.3146342492929803,64252.0,0.7445060075950943,Private_forprofit
Aparicio-Levy Technical College,,,,,,,,Public
The Vocational Nursing Institute Inc,,,9500.0,,,,,Private_nonprofit
Hollywood Institute of Beauty Careers-West Palm Beach,21386.0,,6105.0,,,-17034.0,,Private_forprofit
Hollywood Institute of Beauty Careers-Casselberry,21386.0,,6105.0,,,-17034.0,,Private_forprofit
Empire Beauty School-Cheltenham,23921.0,,7851.0,,,-14499.0,,Private_forprofit
High Tech High Graduate School of Education,,,,,,,,Private_nonprofit
Coachella Valley Beauty College-Hemet,19665.0,,2333.0,,,-18755.0,,Private_forprofit
Coastal Pines Technical College,30214.0,3040.0,,3040.0,,-8206.0,,Public
Studio Beauty School,,,6333.0,,,,,Private_forprofit
Latin Beauty Academy,,,6334.0,,,,,Private_forprofit
Associated Barber College of San Diego,,,15340.0,,,,,Private_forprofit
ABCO Technology,,,,,,,,Private_forprofit
Lionel University,,15288.0,6334.0,15288.0,,,,Private_forprofit
California Intercontinental University,,9054.0,7404.0,9054.0,,,,Private_forprofit
Infinity College,,,6333.0,,,,,Private_forprofit
Universal Healthcare Careers College,,,,,,,,Private_forprofit
New Beginnings Beauty Academy,,,9500.0,,,,,Private_forprofit
Dolce The Academy,,,8665.0,,,,,Private_forprofit
American College of the Building Arts,,20572.0,10500.0,20572.0,,,,Private_nonprofit
River Valley School of Massage,,,,,,,,Private_forprofit
Atlantis University,,12720.0,15900.0,12720.0,,,,Private_forprofit
Westchester School for Medical & Dental Assistants,,,4097.0,,,,,Private_forprofit
Studio Incamminati,,17333.0,,17333.0,,,,Private_nonprofit
Salon Boutique Academy,,,7736.0,,,,,Private_forprofit
GA Beauty & Barber School,,,2400.0,,,,,Private_forprofit
The Recording Conservatory of Austin,,,4125.0,,,,,Private_forprofit
VH Barber & Styling Academy,,,9500.0,,,,,Private_forprofit
Bet Medrash Gadol Ateret Torah,,10700.0,,10700.0,,,,Private_nonprofit
Yeshiva Ohr Yisrael,,9400.0,,9400.0,,,,Private_nonprofit
Yeshiva Sholom Shachna,,10750.0,,10750.0,,,,Private_nonprofit
Bethlehem College & Seminary,,7144.0,,7144.0,,,,Private_nonprofit
Elmezzi Graduate School of Molecular Medicine,,,,,,,,Private_nonprofit
Theatre of Arts,,21940.0,7489.0,21940.0,,,,Private_forprofit
Westchester College of Nursing & Allied Health,,,,,,,,Private_forprofit
Treasure Coast Technical College,,,,,,,,Public
American College of Barbering,,,9399.0,,,,,Private_forprofit
Beth Medrash Meor Yitzchok,,12600.0,,12600.0,,,,Private_nonprofit
Mingo Extended Learning Center,,,,,,,,Public
San Ignacio University,,10405.0,,10405.0,,,,Private_forprofit
ZMS The Academy,,,3666.0,,,,,Private_forprofit
Valor Christian College,,9892.0,12270.0,9892.0,,,,Private_nonprofit
Bethany Global University,,20700.0,11598.0,20700.0,,,,Private_nonprofit
HVAC Technical Institute,,,6851.0,,,,,Private_forprofit
United International College,,10320.0,,10320.0,,,,Private_forprofit
San Francisco Film School,,,,,,,,Private_forprofit
Center for Ultrasound Research & Education,,,10000.0,,,,,Private_forprofit
Culinary Tech Center,,,6333.0,,,,,Private_forprofit
Randolph Technical Center,,,,,,,,Public
AMG School of Nursing,,,9942.0,,,,,Private_forprofit
Saint Michael College of Allied Health,,19405.0,15187.0,19405.0,,,,Private_forprofit
Presidio Graduate School,,,,,,,,Private_nonprofit
Sandra Academy of Salon Services,,,7910.0,,,,,Private_forprofit
California Jazz Conservatory,,23700.0,,23700.0,,,,Private_nonprofit
California Barber and Beauty College,,,,,,,,Private_forprofit
Laredo CHI Academy Beauty School,,,,,,,,Private_forprofit
Florida International Training Institute,,,3200.0,,,,,Private_forprofit
Gould's Academy,,,7767.0,,,,,Private_forprofit
Aviation Institute of Maintenance-Fremont,,16757.0,19500.0,16757.0,,,,Private_forprofit
Paul Mitchell the School-Tulsa,,,9822.0,,,,,Private_forprofit
PPG Technical College,,8620.0,,8620.0,,,,Private_forprofit
Academy of Professional Cosmetology,,,4750.0,,,,,Private_forprofit
Empire Beauty School-Northlake,24407.0,,7050.0,,,-14013.0,,Private_forprofit
Ross Medical Education Center-Huntsville,30060.0,,7504.0,,,-8360.0,,Private_forprofit
Ross Medical Education Center-Knoxville,30072.0,,5500.0,,,-8348.0,,Private_forprofit
Ross Medical Education Center-Muncie,29898.0,,7719.0,,,-8522.0,,Private_forprofit
Cortiva Institute-Arlington,29204.0,,7485.0,,,-9216.0,,Private_forprofit
Tulsa Welding School-Houston,41067.0,,6886.0,,,2647.0,,Private_forprofit
Pima Medical Institute-El Paso,38673.0,,9500.0,,,253.0,,Private_forprofit
Pima Medical Institute-Phoenix,,,5500.0,,,,,Private_forprofit
Kennesaw State University,57552.0,5786.0,14250.0,5786.0,6.4839267196681645,19132.0,1.04725067948986,Public
Entourage Institute of Beauty and Esthetics,,,7000.0,,,,,Private_forprofit
Eastern Suffolk BOCES,63394.0,,8550.0,,,24974.0,,Public
Eastern Suffolk BOCES,63394.0,,8550.0,,,24974.0,,Public
Milligan University,46641.0,39350.0,18800.0,39350.0,-0.2924777636594663,8221.0,7.073348741029072,Private_nonprofit
Chamberlain University-Nevada,92405.0,20462.0,16458.0,20462.0,2.7116117681556053,53985.0,0.6838936741687506,Private_forprofit
Chamberlain University-Michigan,92405.0,19686.0,16458.0,19686.0,2.8579193335365236,53985.0,0.6695193109197,Private_forprofit
Chamberlain University-New Jersey,92405.0,20462.0,16458.0,20462.0,2.7116117681556053,53985.0,0.6838936741687506,Private_forprofit
Paul Mitchell the School-Madison,29138.0,,9500.0,,,-9282.0,,Private_forprofit
The University of Tennessee Health Science Center,66318.0,,11250.0,,,27898.0,,Public
Unitech Training Academy-New Orleans,24707.0,,6859.0,,,-13713.0,,Private_forprofit
Wade Gordon Hairdressing Academy-Lubbock,,,7710.0,,,,,Private_forprofit
Protege Academy,19499.0,,9833.0,,,-18921.0,,Private_forprofit
Emory University-Oxford College,80137.0,60774.0,16750.0,60774.0,0.04299535985783394,41717.0,1.8583311359877268,Private_nonprofit
The Chicago School at Xavier University of Louisiana,56899.0,,10250.0,,,18479.0,,Private_nonprofit
Southern Regional Technical College,31293.0,3122.0,,3122.0,,-7127.0,,Public
Texas College of Cosmetology-Lubbock,21685.0,,5500.0,,,-16735.0,,Private_forprofit
Fortis College-Cuyahoga Falls,34509.0,14050.0,11501.0,14050.0,0.6375800711743772,-3911.0,,Private_forprofit
Jones Technical Institute,24576.0,15978.0,6333.0,15978.0,0.14175741644761547,-13844.0,,Private_nonprofit
Texas State Technical College,38916.0,7192.0,6334.0,7192.0,3.5303114571746383,496.0,27.27016129032258,Public
Aveda Institute Portland-Vancouver Campus,33003.0,,6211.0,,,-5417.0,,Private_forprofit
Arizona College of Nursing-Las Vegas,34657.0,22426.0,9500.0,22426.0,0.12177829305270668,-3763.0,,Private_forprofit
Florida Career College-Pembroke Pines,28928.0,,9365.0,,,-9492.0,,Private_forprofit
Florida Career College-West Palm Beach,28928.0,,9365.0,,,-9492.0,,Private_forprofit
Florida Career College-Hialeah,28928.0,,9365.0,,,-9492.0,,Private_forprofit
Florida Career College-Lauderdale Lakes,28928.0,,9365.0,,,-9492.0,,Private_forprofit
Florida Career College-Tampa,28928.0,,9365.0,,,-9492.0,,Private_forprofit
Florida Career College-Jacksonville,28928.0,,9365.0,,,-9492.0,,Private_forprofit
Florida Career College-Boynton Beach,28928.0,,9365.0,,,-9492.0,,Private_forprofit
Florida Career College-Margate,28928.0,,9365.0,,,-9492.0,,Private_forprofit
Florida Career College-Orlando,28928.0,,9365.0,,,-9492.0,,Private_forprofit
UEI College-Phoenix,31141.0,,9500.0,,,-7279.0,,Private_forprofit
Florida Career College-Houston,28928.0,,9365.0,,,-9492.0,,Private_forprofit
Aveda Institute-Madison,31723.0,,6333.0,,,-6697.0,,Private_forprofit
Husson University,45025.0,22194.0,21500.0,22194.0,0.05997116337748941,6605.0,6.6152914458743375,Private_nonprofit
Tricoci University of Beauty Culture-Elgin,35650.0,,7307.0,,,-2770.0,,Private_forprofit
Concorde Career College-Southaven,31599.0,,9500.0,,,-6821.0,,Private_forprofit
Universal Technical Institute-Southern California,52873.0,,11183.0,,,14453.0,,Private_forprofit
Northwest University-Center for Online and Extended Education,54914.0,14652.0,15000.0,14652.0,1.7241332241332241,16494.0,1.7977446344125136,Private_nonprofit
Celebrity Barber School,22002.0,,6333.0,,,-16418.0,,Private_forprofit
California Institute of Advanced Management,,,,,,,,Private_nonprofit
Academy of Interactive Entertainment,,24600.0,11803.0,24600.0,,,,Private_nonprofit
The Temple Annapolis-A Paul Mitchell Partner School,27891.0,,9833.0,,,-10529.0,,Private_forprofit
Yeshiva Zichron Aryeh,,9620.0,,9620.0,,,,Private_nonprofit
Butte County Regional Occupational Program,,,4155.0,,,,,Public
Arclabs,,,6944.0,,,,,Private_forprofit
Top of the Line Barber College,,,8549.0,,,,,Private_forprofit
Midfield Institute of Cosmetology,,,8649.0,,,,,Private_nonprofit
American Institute of Alternative Medicine,,,,,,,,Private_forprofit
Felbry College,,27504.0,9500.0,27504.0,,,,Private_forprofit
Regional Center for Border Health,,,,,,,,Private_nonprofit
Kentucky Horseshoeing School,,,8000.0,,,,,Private_forprofit
Image Maker Beauty Institute,,,9665.0,,,,,Private_forprofit
Dalton Institute of Esthetics and Cosmetology,,,6222.0,,,,,Private_forprofit
CAAN Academy of Nursing,,,9500.0,,,,,Private_nonprofit
Martinsburg College,,,,,,,,Private_forprofit
Alhambra Medical University,,,,,,,,Private_forprofit
Central Yeshiva Beth Joseph,,,,,,,,Private_nonprofit
Garden State Science and Technology Institute,,,7412.0,,,,,Private_forprofit
Barber Tech Academy,,,4750.0,,,,,Private_forprofit
Abraham Lincoln University,,10440.0,8984.0,10440.0,,,,Private_forprofit
Med College,,22330.0,17828.0,22330.0,,,,Private_forprofit
Sonoran Desert Institute,,12280.0,7786.0,12280.0,,,,Private_forprofit
Natural Images Beauty College,,,7917.0,,,,,Private_forprofit
Textures Institute of Cosmetology,,,6332.0,,,,,Private_forprofit
Williams Technical College,,,6333.0,,,,,Private_forprofit
PiBerry Institute,,,9500.0,,,,,Private_forprofit
Ea La Mar's Cosmetology & Barber College,,,5500.0,,,,,Private_forprofit
Regina Webb Academy,,,7448.0,,,,,Private_forprofit
DeHart Technical School,,,7052.0,,,,,Private_forprofit
Medical Career & Technical College,,,5500.0,,,,,Private_forprofit
Center for Neurosomatic Studies,,,,,,,,Private_forprofit
Focus Personal Training Institute,,,6333.0,,,,,Private_forprofit
Hair Academy School of Barbering & Beauty,,,9500.0,,,,,Private_forprofit
Fosbre Academy of Hair Design,,,10556.0,,,,,Private_forprofit
National Personal Training Institute,,,6333.0,,,,,Private_forprofit
Mission Beauty Institute,,,4750.0,,,,,Private_forprofit
Elim Bible Institute and College,,10480.0,9241.0,10480.0,,,,Private_nonprofit
Beth Medrash of Asbury Park,,12010.0,,12010.0,,,,Private_nonprofit
Hope College of Arts and Sciences,,,9500.0,,,,,Private_forprofit
Yeshiva Gedolah Shaarei Shmuel,,9720.0,,9720.0,,,,Private_nonprofit
Premier Barber Institute,,,9500.0,,,,,Private_forprofit
International Beauty Education Center,,,6333.0,,,,,Private_forprofit
Claremont Lincoln University,,,,,,,,Private_nonprofit
Phipps Academy of Barbering,,,6556.0,,,,,Private_forprofit
Hoss Lee Academy,,,6333.0,,,,,Private_forprofit
Indiana Wellness College,,,7389.0,,,,,Private_forprofit
Kenny's Academy of Barbering,,,9500.0,,,,,Private_forprofit
Seattle Film Institute,,33000.0,12063.0,33000.0,,,,Private_forprofit
Arkansas Colleges of Health Education,,,,,,,,Private_nonprofit
Burrell College of Osteopathic Medicine,,,,,,,,Private_forprofit
California College of Music,,18830.0,,18830.0,,,,Private_forprofit
California Health Sciences University,,,,,,,,Private_forprofit
Christian Culinary Academy,,,,,,,,Private_nonprofit
Glitz School of Cosmetology,,,7307.0,,,,,Private_forprofit
Indiana Wesleyan University-National & Global,59986.0,8216.0,14335.0,8216.0,4.556353456669912,21566.0,1.0456737457108412,Private_nonprofit
NationsUniversity,,,,,,,,Private_nonprofit
Northeast Lakeview College,,3412.0,5500.0,3412.0,,,,Public
Paul Mitchell the School-Jessup,35225.0,,6333.0,,,-3195.0,,Private_forprofit
John Patrick University of Health and Applied Sciences,,19520.0,18000.0,19520.0,,,,Private_forprofit
University of Saint Katherine,,28800.0,15000.0,28800.0,,,,Private_nonprofit
Teachers College of San Joaquin,,,,,,,,Public
U.S. Truck Driver Training School,,,6354.0,,,,,Private_forprofit
University of the People,,1200.0,,1200.0,,,,Private_nonprofit
South Dade Technical College-South Dade Skills Center Campus,,,,,,,,Public
Wongu University of Oriental Medicine,,,,,,,,Private_nonprofit
Alabama School of Nail Technology & Cosmetology,,,16500.0,,,,,Private_forprofit
Tulsa Technology Center,41793.0,,,,,3373.0,,Public
Ross Medical Education Center-Elyria,30481.0,,8481.0,,,-7939.0,,Private_forprofit
Ross Medical Education Center-Lafayette,33079.0,,9389.0,,,-5341.0,,Private_forprofit
Ross Medical Education Center-Midland,29898.0,,7719.0,,,-8522.0,,Private_forprofit
Paul Mitchell the School-Clear Lake,27384.0,,9500.0,,,-11036.0,,Private_forprofit
Paul Mitchell the School-Nampa,25719.0,,9500.0,,,-12701.0,,Private_forprofit
Academy of Beauty Professionals,25117.0,,6333.0,,,-13303.0,,Private_forprofit
Academy of Beauty Professionals,25117.0,,6333.0,,,-13303.0,,Private_forprofit
Academy of Beauty Professionals,25117.0,,6333.0,,,-13303.0,,Private_forprofit
Kenneth Shuler School of Cosmetology-Goose Creek,25088.0,,5775.0,,,-13332.0,,Private_forprofit
Clovis Community College,,1334.0,3500.0,1334.0,,,,Public
Boca Beauty Academy-Parkland,,,5848.0,,,,,Private_forprofit
American Beauty Academy-West Valley Campus,20236.0,,5651.0,,,-18184.0,,Private_forprofit
Caribbean Aviation Training Institute Inc,,15480.0,,15480.0,,,,Private_forprofit
The College of Health Care Professions-McAllen Campus,33070.0,,9473.0,,,-5350.0,,Private_forprofit
Institute of Buddhist Studies,,,,,,,,Private_nonprofit
Chamberlain University-North Carolina,92405.0,19686.0,16458.0,19686.0,2.8579193335365236,53985.0,0.6695193109197,Private_forprofit
Chamberlain University-California,92405.0,20462.0,16458.0,20462.0,2.7116117681556053,53985.0,0.6838936741687506,Private_forprofit
Spartan College of Aeronautics and Technology,61575.0,,20000.0,,,23155.0,,Private_forprofit
Purdue University Global,36596.0,10110.0,11648.0,10110.0,1.4676557863501483,-1824.0,,Public
Pima Medical Institute-Dillon,30917.0,,5250.0,,,-7503.0,,Private_forprofit
Arthur's Beauty College,21470.0,,9500.0,,,-16950.0,,Private_forprofit
West Coast University-Center for Graduate Studies,102672.0,,24145.0,,,64252.0,,Private_forprofit
Carolina University,32864.0,16000.0,11005.0,16000.0,0.3661875,-5556.0,,Private_nonprofit
National Personal Training Institute-Tampa,,,6333.0,,,,,Private_forprofit
Presbyterian Theological Seminary in America,,8839.0,,8839.0,,,,Private_nonprofit
HCI College,,20028.0,18312.0,20028.0,,,,Private_forprofit
America Evangelical University,,6200.0,,6200.0,,,,Private_nonprofit
Gadsden Technical College,,,,,,,,Public
Virginia University of Integrative Medicine,,,,,,,,Private_nonprofit
Nashville Film Institute,,,5500.0,,,,,Private_forprofit
Los Angeles Academy of Figurative Art,,31618.0,,31618.0,,,,Private_forprofit
Westcliff University,,21000.0,7500.0,21000.0,,,,Private_forprofit
World Class Academy of Beauty Careers,,,7654.0,,,,,Private_forprofit
Allied Health Careers Institute,,,2728.0,,,,,Private_forprofit
Sacramento Ultrasound Institute,,,14750.0,,,,,Private_forprofit
Regan Career Institute,,,5029.0,,,,,Private_forprofit
Bolivar Technical College,,27125.0,11000.0,27125.0,,,,Private_nonprofit
MAK Beauty Institute,,,5501.0,,,,,Private_forprofit
Reformed University,,5360.0,,5360.0,,,,Private_nonprofit
Mobile Technical Training,,,6365.0,,,,,Private_forprofit
American Barber and Beauty Academy,,,8028.0,,,,,Private_forprofit
Master's Barber & Styling College,,,9500.0,,,,,Private_forprofit
Yeshiva Shaar Ephraim,,16975.0,,16975.0,,,,Private_nonprofit
California Institute of Arts & Technology,,15390.0,4750.0,15390.0,,,,Private_forprofit
Elite Cosmetology Barber & Spa Academy,,,5500.0,,,,,Private_forprofit
Cutting Edge Academy,,,8444.0,,,,,Private_forprofit
Yeshiva Bais Aharon,,10350.0,,10350.0,,,,Private_nonprofit
Mechon L'hoyroa,,11800.0,,11800.0,,,,Private_nonprofit
Elyon College,,14620.0,,14620.0,,,,Private_nonprofit
Western Michigan University Homer Stryker M.D. School of Medicine,,,,,,,,Private_nonprofit
Harmony Health Care Institute,,,12264.0,,,,,Private_forprofit
American Beauty Schools,,,3500.0,,,,,Private_forprofit
Hogan Institute of Cosmetology and Esthetics,,,9833.0,,,,,Private_forprofit
J's Barber College,,,13250.0,,,,,Private_forprofit
Ann Webb Skin Institute,,,7917.0,,,,,Private_forprofit
Apex Academy Hair Skin Nails School of Cosmetology,,,,,,,,Private_forprofit
The Esthetic Institute,,,6333.0,,,,,Private_forprofit
Massage Institute of Memphis,,,7391.0,,,,,Private_forprofit
Metro Detroit Barber College,,,,,,,,Private_nonprofit
Digital Media Institute,,,5500.0,,,,,Private_nonprofit
Yeshiva Ohr Naftoli,,10550.0,,10550.0,,,,Private_nonprofit
Bais Medrash Mayan Hatorah,,12000.0,,12000.0,,,,Private_nonprofit
Allgood Beauty Institute,,,7891.0,,,,,Private_forprofit
Ray J's College of Hair,,,9833.0,,,,,Private_forprofit
Manuel and Theresa's School of Hair Design,,,6692.0,,,,,Private_forprofit
Cincinnati School of Barbering & Hair Design,,,,,,,,Private_forprofit
L Makeup Institute,,,6702.0,,,,,Private_forprofit
Peloton College,33559.0,,9500.0,,,-4861.0,,Private_forprofit
Northern Technical College,,,9500.0,,,,,Private_forprofit
Maine Media College,,,,,,,,Private_nonprofit
Purdue University Northwest,48318.0,8419.0,13031.0,8419.0,3.1913528922674903,9898.0,2.167104465548596,Public
Ross Medical Education Center-Portage,30060.0,,7504.0,,,-8360.0,,Private_forprofit
Ross College-Canton,29898.0,,7719.0,,,-8522.0,,Private_forprofit
Ross College-Grand Rapids North,30072.0,,5500.0,,,-8348.0,,Private_forprofit
American Institute-Somerset,28710.0,,9304.0,,,-9710.0,,Private_forprofit
Platt College-Anaheim,40669.0,14804.0,15215.0,14804.0,0.7194001621183463,2249.0,13.347710093374832,Private_forprofit
Advantage Career Institute,,,4856.0,,,,,Private_forprofit
Bull City Durham Beauty and Barber College,,,9500.0,,,,,Private_forprofit
Fortis College-Cutler Bay,34726.0,13171.0,12949.0,13171.0,0.6534052084124212,-3694.0,,Private_forprofit
Yeshiva Kollel Tifereth Elizer,,12300.0,,12300.0,,,,Private_nonprofit
Strand Institute of Beauty & Esthetics,,,7859.0,,,,,Private_forprofit
Arkansas Welding Academy,,,5500.0,,,,,Private_forprofit
Unitech Training Academy-Baton Rouge,24707.0,,6859.0,,,-13713.0,,Private_forprofit
Empire Beauty School-Tampa,23921.0,,7851.0,,,-14499.0,,Private_forprofit
Empire Beauty School-Lakeland,23589.0,,6333.0,,,-14831.0,,Private_forprofit
Galen College of Nursing-ARH,61480.0,15860.0,16500.0,15860.0,1.8360655737704918,23060.0,1.4032957502168257,Private_forprofit
The Chicago School at San Diego,56899.0,20844.0,10250.0,20844.0,1.2380061408558818,18479.0,1.68266681097462,Private_nonprofit
Commercial Divers International,,,6946.0,,,,,Private_forprofit
Tricoci University of Beauty Culture-Janesville,23149.0,,8175.0,,,-15271.0,,Private_forprofit
Unlimited Cosmetology School,,,,,,,,Private_forprofit
Johnny Matthew's Hairdressing Training School,,,8297.0,,,,,Private_forprofit
The Culinary School of Fort Worth,,,5500.0,,,,,Private_forprofit
Centralia Beauty College,,,5125.0,,,,,Private_forprofit
University of Wisconsin-Milwaukee Flex,54990.0,,15250.0,,,16570.0,,Public
University of Wisconsin-Parkside Flex,51129.0,,14000.0,,,12709.0,,Public
Miller-Motte College-STVT-Arlington,31102.0,,10661.0,,,-7318.0,,Private_forprofit
Bnos Zion Of Bobov Seminary,,9450.0,,9450.0,,,,Private_nonprofit
ABC Adult School,,,,,,,,Public
Polytech Adult Education,,,,,,,,Public
California Institute of Medical Science,,,5388.0,,,,,Private_forprofit
Union Bible College,,6230.0,,6230.0,,,,Private_nonprofit
Pets Playground Grooming School,,,,,,,,Private_forprofit
San Bernardino Beauty College,,,9500.0,,,,,Private_forprofit
Christina and Company Education Center,,,,,,,,Private_forprofit
Institute of Medical Ultrasound,,31052.0,12000.0,31052.0,,,,Private_forprofit
Mystros Barber Academy,,,7959.0,,,,,Private_nonprofit
European Medical School of Massage,,,4278.0,,,,,Private_forprofit
Yeshiva Gedolah Tiferes Boruch,,9850.0,,9850.0,,,,Private_nonprofit
Yeshiva Chemdas Hatorah,,12150.0,,12150.0,,,,Private_nonprofit
Women's Institute of Torah Seminary and College,,9300.0,,9300.0,,,,Private_nonprofit
Yeshiva Gedolah Keren Hatorah,,9950.0,,9950.0,,,,Private_nonprofit
ICOHS College,,,6650.0,,,,,Private_nonprofit
Neo-Esthetique European Institute,,,,,,,,Private_forprofit
Lehigh Valley Barber School,,,9500.0,,,,,Private_forprofit
International Barber College,,,16500.0,,,,,Private_forprofit
Brown Beauty Barber School,,,9054.0,,,,,Private_forprofit
Rexburg College of Massage Therapy,,,4478.0,,,,,Private_forprofit
Yeshiva Gedolah of Cliffwood,,8550.0,,8550.0,,,,Private_nonprofit
Goshen School of Cosmetology,,,9500.0,,,,,Private_forprofit
IBS School of Cosmetology and Massage,,,,,,,,Private_forprofit
UR Beauty & Barber Academy,,,7667.0,,,,,Private_forprofit
Urban Barber College,,,9855.0,,,,,Private_forprofit
Yeshivas Emek Hatorah,,9750.0,,9750.0,,,,Private_nonprofit
Transitions Career Institute School of Nursing,,,9500.0,,,,,Private_forprofit
Wilton Simpson Technical College,,,,,,,,Public
Stacey James Institute,,,6333.0,,,,,Private_forprofit
Meridian University,,,,,,,,Private_forprofit
Seminary Bnos Chaim,,12600.0,,12600.0,,,,Private_nonprofit
Avenue Academy A Cosmetology Institute,,,6333.0,,,,,Private_forprofit
Salon Professional Academy of San Antonio,,,7917.0,,,,,Private_forprofit
Red Lake Nation College,,6640.0,,6640.0,,,,Public
Princess Institute of Beauty,,,6333.0,,,,,Private_forprofit
Vogue International Academy,,,,,,,,Private_forprofit
Independent Training & Apprenticeship Program,,,9500.0,,,,,Private_forprofit
Victory Career College,,,6332.0,,,,,Private_forprofit
Winonah's International School of Cosmetology,,,6500.0,,,,,Private_forprofit
Yeshiva Gedola Tiferes Yerachmiel,,9400.0,,9400.0,,,,Private_nonprofit
Southeastern Esthetics Institute,,,6333.0,,,,,Private_forprofit
Installer Institute,,,7500.0,,,,,Private_forprofit
Caris College,,,8708.0,,,,,Private_forprofit
Contra Costa Medical Career College,,,6333.0,,,,,Private_forprofit
Another Level Barbering and Cosmetology School,,,9500.0,,,,,Private_forprofit
The Salon Professional Academy-Georgetown,,,7511.0,,,,,Private_forprofit
Elite Academy of Hair Design,,,5500.0,,,,,Private_forprofit
Americare Technical School,,20500.0,,20500.0,,,,Private_forprofit
Champion Christian College,,10870.0,5500.0,10870.0,,,,Private_nonprofit
Chicago Professional Center,,,,,,,,Private_forprofit
D&S School of Cosmetology,,,,,,,,Private_forprofit
DSDT,,,5911.0,,,,,Private_forprofit
Elite Beauty College,,,,,,,,Private_forprofit
Reiss-Davis Graduate School,,,,,,,,Private_nonprofit
GoodFellas Barber College,,,9500.0,,,,,Private_forprofit
Escondido Adult School,,,,,,,,Public
Poway Adult School,,,,,,,,Public
Vista Adult School,,,,,,,,Public
The Salon Professional Academy-Delray Beach,16515.0,,6333.0,,,-21905.0,,Private_forprofit
No Grease Barber School,,,9500.0,,,,,Private_forprofit
Pima Medical Institute-San Marcos,38673.0,,9500.0,,,253.0,,Private_forprofit
EDP University of Puerto Rico-Villalba,22844.0,7050.0,10500.0,7050.0,0.7509219858156029,-15576.0,,Private_nonprofit
The Chicago School at Dallas,56899.0,20844.0,10250.0,20844.0,1.2380061408558818,18479.0,1.68266681097462,Private_nonprofit
American Massage & Bodywork Institute,,,7389.0,,,,,Private_forprofit
KCK Beauty & Barber Academy,,,9500.0,,,,,Private_forprofit
California College of Barbering and Cosmetology,,,6333.0,,,,,Private_forprofit
Texas Tech University Health Sciences Center-El Paso,,,12500.0,,,,,Public
Ponce Health Sciences University-Centro Universitario de San Juan,,,15500.0,,,,,Private_forprofit
The College of Health Care Professions-South San Antonio,33070.0,,9473.0,,,-5350.0,,Private_forprofit
Innovate Salon Academy,,,6333.0,,,,,Private_forprofit
Chamberlain University-Louisiana,92405.0,19686.0,16458.0,19686.0,2.8579193335365236,53985.0,0.6695193109197,Private_forprofit
Drury University-College of Continuing Professional Studies,40694.0,8044.0,13000.0,8044.0,2.442814520139234,2274.0,9.254177660510114,Private_nonprofit
Global Medical & Technical Training Institute,,,8234.0,,,,,Private_forprofit
Salon Success Academy-West Covina,26956.0,,7116.0,,,-11464.0,,Private_forprofit
Indiana Institute of Technology-College of Professional Studies,47327.0,9900.0,12564.0,9900.0,2.5114141414141415,8907.0,2.522061300101044,Private_nonprofit
Advantage Technical College,26905.0,,,,,-11515.0,,Private_forprofit
Institute of Culinary Education,47865.0,,3972.0,,,9445.0,,Private_forprofit
Universal Technical Institute-Bloomfield,51222.0,,11574.0,,,12802.0,,Private_forprofit
Gould's Academy,,,7767.0,,,,,Private_forprofit
Urban Academy of Beauty,33273.0,,7667.0,,,-5147.0,,Private_forprofit
WellSpring School of Allied Health-Springfield,29839.0,,7917.0,,,-8581.0,,Private_forprofit
Medical Career College of Northern California,,19576.0,,19576.0,,,,Private_forprofit
Premiere International College,,21125.0,,21125.0,,,,Private_forprofit
San Diego Global Knowledge University,,13774.0,,13774.0,,,,Private_forprofit
Global Tech College,,11675.0,,11675.0,,,,Private_forprofit
Crown Cutz Academy Bristol,,,5875.0,,,,,Private_forprofit
MCI,,,9500.0,,,,,Private_forprofit
Central Pennsylvania Diesel Institute,,,,,,,,Private_forprofit
Bellasa Professional Institute,,,,,,,,Private_forprofit
PMCA Pittsburgh Multicultural Cosmetology Academy,,,8100.0,,,,,Private_forprofit
Health and Technology Training Institute,,,,,,,,Private_nonprofit
Yeshiva of Ocean,,8600.0,,8600.0,,,,Private_nonprofit
Congregation Talmidei Mesivta Tiferes Shmiel Aleksander,,21000.0,,21000.0,,,,Private_nonprofit
Young Americans College of the Performing Arts,,14030.0,,14030.0,,,,Private_nonprofit
Pro Beauty Academy,,,4750.0,,,,,Private_forprofit
South Eastern Beauty Academy,,,,,,,,Private_forprofit
Ohel Margulia Seminary,,9500.0,,9500.0,,,,Private_nonprofit
Montana Barber Institute,,,,,,,,Private_forprofit
Yeshivat Hechal Shemuel,,12380.0,,12380.0,,,,Private_nonprofit
Professional University Dr. Carlos J. Borrero Rios,,5760.0,,5760.0,,,,Private_forprofit
American Institute of Healthcare & Technology,,,4625.0,,,,,Private_forprofit
Premier Academy of Cosmetology,,,9500.0,,,,,Private_forprofit
Yeshiva Gedolah of Woodlake Village,,9030.0,,9030.0,,,,Private_nonprofit
Yeshiva Gedola Tiferes Yaakov Yitzchok,,13700.0,,13700.0,,,,Private_nonprofit
Houston Barber School,,,9500.0,,,,,Private_forprofit
Health-Tech Institute of Memphis,,,,,,,,Private_forprofit
MIXED Institute of Cosmetology & Barber,,,8435.0,,,,,Private_forprofit
Vski Cosmetology School,,,8750.0,,,,,Private_nonprofit
New York Seminary,,12750.0,,12750.0,,,,Private_nonprofit
Deluxe Barber College,,,5339.0,,,,,Private_forprofit
Falcon Institute of Health and Science,,27140.0,16670.0,27140.0,,,,Private_forprofit
College Unbound,,10488.0,7690.0,10488.0,,,,Private_nonprofit
Midwest Barber College,,,,,,,,Private_forprofit
A Better U Beauty Barber Academy,,,7834.0,,,,,Private_forprofit
SANS Technology Institute,,,,,,,,Private_forprofit
Tuana European Beauty Academy,,,,,,,,Private_forprofit
Idaho College of Osteopathic Medicine,,,,,,,,Private_forprofit
Cal Northern School of Law,,,,,,,,Private_forprofit
College of Athens,,9050.0,,9050.0,,,,Private_nonprofit
Southern Careers Institute-Waco,27035.0,,7389.0,,,-11385.0,,Private_forprofit
Elevate Salon Institute,28934.0,,6333.0,,,-9486.0,,Private_forprofit
Ponce Health Sciences University-St Louis,,,15500.0,,,,,Private_forprofit
Lil Lou's Beauty and Barber College-Hammond,,,9500.0,,,,,Private_forprofit
Arizona College of Nursing-Dallas,34657.0,23760.0,9500.0,23760.0,0.0587962962962963,-3763.0,,Private_forprofit
The Salon Professional Academy-Washington DC,20809.0,,6333.0,,,-17611.0,,Private_forprofit
Valley College-Cleveland,24900.0,,9418.0,,,-13520.0,,Private_forprofit
EDP University of Puerto Rico-Humacao,22844.0,7050.0,10500.0,7050.0,0.7509219858156029,-15576.0,,Private_nonprofit
EDP University of Puerto Rico-Manati,22844.0,7050.0,10500.0,7050.0,0.7509219858156029,-15576.0,,Private_nonprofit
UEI College-Sacramento,30848.0,,9433.0,,,-7572.0,,Private_forprofit
Fortis Institute-Cookeville,34509.0,14644.0,11501.0,14644.0,0.5711554220158427,-3911.0,,Private_forprofit
Derech Hachaim Seminary,,11000.0,,11000.0,,,,Private_nonprofit
Evvaylois Academy School of Beauty,,,,,,,,Private_nonprofit
Avenue Five Institute-South Austin Campus,30280.0,,7917.0,,,-8140.0,,Private_forprofit
Sattler College,,10450.0,,10450.0,,,,Private_nonprofit
Glasgow Caledonian New York College,,,,,,,,Private_nonprofit
Pima Medical Institute-San Antonio,38673.0,,9500.0,,,253.0,,Private_forprofit
Faith Theological Seminary and Christian College,,1520.0,,1520.0,,,,Private_nonprofit
The Southwestern Baptist Theological Seminary,,10446.0,,10446.0,,,,Private_nonprofit
Lotus Professional College,,,,,,,,Private_forprofit
Christ Mission College,,8229.0,,8229.0,,,,Private_nonprofit
Esteem Academy of Beauty,,,,,,,,Private_forprofit
KC Beauty Academy,,,4274.0,,,,,Private_forprofit
Urshan College,,8506.0,5500.0,8506.0,,,,Private_nonprofit
Texas Healthtech Institute,,,6967.0,,,,,Private_forprofit
Xtylo Beauty College,,,3350.0,,,,,Private_forprofit
Tonsorial Arts Barber College,,,9500.0,,,,,Private_forprofit
Michael's Barber & Hair Stylist Academy,,,,,,,,Private_forprofit
Yeshiva Yesoda Hatorah Vetz Chaim,,21000.0,,21000.0,,,,Private_nonprofit
North-West College-San Diego,41472.0,,9321.0,,,3052.0,,Private_forprofit
West Virginia Junior College-United Career Institute,31912.0,14070.0,8178.0,14070.0,0.6868514570007107,-6508.0,,Private_forprofit
Aviation Institute of Maintenance-Charlotte,42759.0,16657.0,12663.0,16657.0,0.8068079486101939,4339.0,6.757317354229085,Private_forprofit
Ponce Health Sciences University-East,,10504.0,15500.0,10504.0,,,,Private_forprofit
Fortis College-Landover,36920.0,15537.0,9100.0,15537.0,0.7905644590332754,-1500.0,,Private_forprofit
Stautzenberger College-Rockford Career College,34104.0,16699.0,13127.0,16699.0,0.2561830049703575,-4316.0,,Private_forprofit
WellSpring School of Allied Health-Wichita,29839.0,,7917.0,,,-8581.0,,Private_forprofit
Access Careers-Islandia,,,5500.0,,,,,Private_forprofit
Northern Pennsylvania Regional College,,4440.0,,4440.0,,,,Public
Apex College of Veterinary Technology,,13850.0,,13850.0,,,,Private_forprofit
Meryma'at Barber College,,,,,,,,Private_forprofit
Western Maricopa Education Center,,,,,,,,Public
Bais Medrash of Dexter Park,,11000.0,,11000.0,,,,Private_nonprofit
Makana Esthetics Wellness Academy,,,6333.0,,,,,Private_forprofit
Oak Valley College,,16100.0,,16100.0,,,,Private_nonprofit
Paul Mitchell the School-San Jose,,,,,,,,Private_forprofit
Zion Massage College,,,9500.0,,,,,Private_forprofit
Great Lakes Boat Building School,,24717.0,,24717.0,,,,Private_nonprofit
Austin Career Institute,,,4400.0,,,,,Private_forprofit
Professional Culinary Academy,,,,,,,,Private_forprofit
Pacific Northwest Christian College,,11350.0,,11350.0,,,,Private_nonprofit
Hollywood Cultural College,,,,,,,,Private_forprofit
Mariano Moreno Culinary Institute,,,,,,,,Private_forprofit
Alder Graduate School of Education,,,,,,,,Private_nonprofit
Webb's Barber School of Arts,,,,,,,,Private_forprofit
Adrian H. Wallace Barber Academy,,,,,,,,Private_forprofit
St. Louis Med Tech,,10900.0,,10900.0,,,,Private_nonprofit
Total Beauty Institute,,,,,,,,Private_nonprofit
Pearlands Innovative School of Beauty,,,5885.0,,,,,Private_forprofit
Durant Institute of Hair Design,,,6500.0,,,,,Private_forprofit
Premiere Aesthetics Institute,,,3666.0,,,,,Private_forprofit
California Indian Nations College,,7743.0,,7743.0,,,,Public
Indian Bible College,,7640.0,,7640.0,,,,Private_nonprofit
Florida Professional Institute,,,,,,,,Private_forprofit
The Professional Cosmetology Academy,,,,,,,,Private_forprofit
Hackensack Meridian School of Medicine,,,,,,,,Private_nonprofit
Taylor Andrews Academy of Hair Design-Hair Lab Detroit Barber School,36048.0,,9500.0,,,-2372.0,,Private_forprofit
Paul Mitchell the School-North Tahoe,,,8149.0,,,,,Private_forprofit
Paul Mitchell the School-Fort Lauderdale,,,6492.0,,,,,Private_forprofit
PCI Academy-Iowa City,31330.0,,4858.0,,,-7090.0,,Private_forprofit
Larry's Barber College,,,3723.0,,,,,Private_forprofit
Paul Mitchell the School-Provo,27407.0,,8028.0,,,-11013.0,,Private_forprofit
Arizona College of Nursing-Tampa,34657.0,23093.0,9500.0,23093.0,0.08937773351231976,-3763.0,,Private_forprofit
Arizona College of Nursing-Fort Lauderdale,34657.0,25973.0,9500.0,25973.0,-0.03141724098101875,-3763.0,,Private_forprofit
Arizona College of Nursing-Tucson,34657.0,23760.0,9500.0,23760.0,0.0587962962962963,-3763.0,,Private_forprofit
Arizona College of Nursing-Phoenix,34657.0,24853.0,9500.0,24853.0,0.012231923711423169,-3763.0,,Private_forprofit
Empire Beauty School-Newport News,23921.0,,7851.0,,,-14499.0,,Private_forprofit
Tricoci University of Beauty Culture-Normal,26236.0,,7307.0,,,-12184.0,,Private_forprofit
Elite Welding Academy,,,5500.0,,,,,Private_forprofit
Paul Mitchell the School-Murfreesboro-Nashville,30461.0,,7917.0,,,-7959.0,,Private_forprofit
Dorsey College-Woodhaven,29392.0,32160.0,9500.0,32160.0,-0.3814676616915423,-9028.0,,Private_forprofit
Pathways College,,6180.0,,6180.0,,,,Private_nonprofit
San Joaquin Valley College-Delano,38317.0,,9773.0,,,-103.0,,Private_forprofit
San Joaquin Valley College-Rancho Mirage,38317.0,,9773.0,,,-103.0,,Private_forprofit
San Joaquin Valley College-Santa Maria,38317.0,,9773.0,,,-103.0,,Private_forprofit
Advantage Technical College-Aguadilla,26905.0,,,,,-11515.0,,Private_forprofit
San Joaquin Valley College-Porterville,38317.0,,9773.0,,,-103.0,,Private_forprofit
California University of Science and Medicine,,,,,,,,Private_nonprofit
Ruben's Five Star Academy,,,,,,,,Private_forprofit
Mason Anthony School of Cosmetology Arts & Sciences,,,5611.0,,,,,Private_forprofit
California Institute of Arts & Technology-National City,,15390.0,4750.0,15390.0,,,,Private_forprofit
Triangle Tech-Chambersburg,51953.0,18961.0,12000.0,18961.0,1.1071146036601445,13533.0,2.287814970812089,Private_forprofit
Provo College-Idaho Falls Campus,39645.0,18645.0,24262.0,18645.0,-0.17495307052829176,1225.0,35.02612244897959,Private_forprofit
Eagle Gate College-Boise Campus,37518.0,18645.0,20000.0,18645.0,-0.060445159560203805,-902.0,,Private_forprofit
Elite Welding Academy South Point,,,5500.0,,,,,Private_forprofit
Agape College of Business and Science,,8132.0,,8132.0,,,,Private_nonprofit
Zorganics Institute of Beauty and Wellness,,,,,,,,Private_forprofit
Daybreak University,,,,,,,,Private_nonprofit
Motion Picture Institute,,,,,,,,Private_forprofit
Zen Shiatsu Chicago,,,,,,,,Private_forprofit
The  Salon Professional Academy of Holland,,,,,,,,Private_forprofit
Dymond Designs Beauty School,,,,,,,,Private_forprofit
National Institute for Medical Assistant Advancement (NIMAA),,,,,,,,Private_nonprofit
California Northstate University,,56501.0,,56501.0,,,,Private_forprofit
Antigua College International,,26700.0,,26700.0,,,,Private_forprofit
Burlington County Institute of Technology-Adult Education,,,,,,,,Public
Sri Sai Krish Institute,,64500.0,,64500.0,,,,Private_forprofit
Riggins Urban Barber College,,,,,,,,Private_forprofit
Hair Arts Institute,,,,,,,,Private_forprofit
Florida Academy of Nursing,,,,,,,,Private_forprofit
Body Wisdom Massage Therapy School,,,,,,,,Private_forprofit
Lakewood University,,10479.0,,10479.0,,,,Private_nonprofit
CTK Healthcare & Career Institute,,,,,,,,Private_forprofit
Aesthetics Institute,,,,,,,,Private_forprofit
Sierra Academy of Style,,,,,,,,Private_forprofit
Institute of Allied Healthcare,,,,,,,,Private_forprofit
NewU University,,16500.0,,16500.0,,,,Private_nonprofit
Branford Academy of Hair & Cosmetology-Bridgeport,,,6333.0,,,,,Private_forprofit
United Education Institute-Las Vegas,30848.0,,9433.0,,,-7572.0,,Private_forprofit
UEI College-Mesa,31141.0,,9500.0,,,-7279.0,,Private_forprofit
Larry's Barber College-Joliet,,,3723.0,,,,,Private_forprofit
Herzing University-Tampa,36909.0,13420.0,11756.0,13420.0,0.8742921013412817,-1511.0,,Private_nonprofit
Galen Health Institutes-Miami Campus,61480.0,16400.0,16500.0,16400.0,1.7426829268292683,23060.0,1.4267129228100608,Private_forprofit
Remington College-Online Dallas,31349.0,15764.0,9500.0,15764.0,0.3860060898249175,-7071.0,,Private_nonprofit
Abilene Christian University-Undergraduate Online,55736.0,14520.0,14750.0,14520.0,1.8227272727272728,17316.0,1.6903441903441903,Private_nonprofit
Madera Community College,,1334.0,,1334.0,,,,Public
Ogle School Hair Skin Nails-Willowbrook,31488.0,,7917.0,,,-6932.0,,Private_forprofit
University of Silicon Andhra,,,,,,,,Private_nonprofit
Galen Health Institutes-Austin Campus,61480.0,16400.0,16500.0,16400.0,1.7426829268292683,23060.0,1.4267129228100608,Private_forprofit
Galen Health Institutes-Nashville Campus,61480.0,16400.0,16500.0,16400.0,1.7426829268292683,23060.0,1.4267129228100608,Private_forprofit
Ohio Business College-Dayton-Driving Academy,30389.0,,10000.0,,,-8031.0,,Private_forprofit
The Rapha School,,,,,,,,Private_forprofit
Academy of Allied Health Careers,,,,,,,,Private_forprofit
Mei Barber School,,,,,,,,Private_forprofit
Great Northern University,,17700.0,,17700.0,,,,Private_nonprofit
Salon Professional Academy-Elevate Salon Institute,16515.0,,6333.0,,,-21905.0,,Private_forprofit
Arizona College of Nursing-Salt Lake City,34657.0,22586.0,9500.0,22586.0,0.11383157708314885,-3763.0,,Private_forprofit
Arizona College-Glendale,34657.0,18835.0,9500.0,18835.0,0.33565171223785506,-3763.0,,Private_forprofit
Universal Technical Institute-West Texas,51222.0,,11574.0,,,12802.0,,Private_forprofit
Avalon Institute-Las Vegas,30803.0,,6312.0,,,-7617.0,,Private_forprofit
Medspa Academies-National Institute of Modern Aesthetics,,,9500.0,,,,,Private_forprofit
American Institute-Cherry Hill,28710.0,,9304.0,,,-9710.0,,Private_forprofit
Glendale Career College-North-West College-Bakersfield,41472.0,,9321.0,,,3052.0,,Private_forprofit
Barber Education Academy,,,,,,,,Private_forprofit
Legends Barber College,,,,,,,,Private_forprofit
Academia Medical Institute,,14498.0,,14498.0,,,,Private_forprofit
Barbers Trade School,,,,,,,,Private_forprofit
Top of the Line Barber School,,,,,,,,Private_forprofit
Bridges Christian College,,6600.0,,6600.0,,,,Private_nonprofit
Kino College,,,,,,,,Private_forprofit
Salon Professional Academy,,,,,,,,Private_forprofit
Southern California College of Barber and Beauty,,,,,,,,Private_forprofit
Hello Gorgeous Barbers Stillwater's School of Barbering,,,,,,,,Private_forprofit
Jackson Theological Seminary,,,,,,,,Private_nonprofit
Redeemers University North America,,6800.0,,6800.0,,,,Private_nonprofit
Personal Touch Beauty and Barber College,,,,,,,,Private_forprofit
Reach University,,12374.0,,12374.0,,,,Private_nonprofit
Technology Learning Center,,,,,,,,Private_forprofit
Hair Academy,,,,,,,,Private_forprofit
Sweetwater Institute of Cosmetology,,,,,,,,Private_forprofit
Kansas Health Science Center,,,,,,,,Private_nonprofit
Academy for Jewish Religion,,,,,,,,Private_nonprofit
American College of Healthcare and Technology-Santa Ana,31109.0,,9500.0,,,-7311.0,,Private_forprofit
Aviation Institute of Maintenance-Chicago,53341.0,16657.0,24250.0,16657.0,0.7464729543135018,14921.0,2.7415722806782385,Private_forprofit
Evangel University-College of Online Learning,46573.0,8025.0,17495.0,8025.0,2.6234267912772586,8153.0,3.1301361462038515,Private_nonprofit
Marian University-Ancilla,58759.0,19850.0,20000.0,19850.0,0.9525944584382872,20339.0,1.9592900339249717,Private_nonprofit
Spa Tech Institute-North Andover,27803.0,,6333.0,,,-10617.0,,Private_forprofit
Aveda Arts & Sciences Institute Lafayette-Arlington,23904.0,,7411.0,,,-14516.0,,Private_forprofit
Concorde Career College-Broadway,35242.0,,9500.0,,,-3178.0,,Private_forprofit
United Education Institute-Stone Mountain,27688.0,,9445.0,,,-10732.0,,Private_forprofit
UEI College-Tacoma,30848.0,,9433.0,,,-7572.0,,Private_forprofit
Montgomery Beauty School-Baltimore Beauty & Barber School,18726.0,,7667.0,,,-19694.0,,Private_forprofit
Commonwealth of Puerto Rico Department of Education-PRAMI,26293.0,3816.0,,3816.0,,-12127.0,,Public
Universal Technical Institute-South Florida Miramar,52873.0,,11183.0,,,14453.0,,Private_forprofit
Arizona College of Nursing-Southfield,34657.0,23760.0,9500.0,23760.0,0.0587962962962963,-3763.0,,Private_forprofit
Galen Health Institutes-Sarasota,61480.0,16400.0,16500.0,16400.0,1.7426829268292683,23060.0,1.4267129228100608,Private_forprofit
Galen Health Institutes-Gainesville,61480.0,16400.0,16500.0,16400.0,1.7426829268292683,23060.0,1.4267129228100608,Private_forprofit
Galen Health Institutes-Richmond,61480.0,15860.0,16500.0,15860.0,1.8360655737704918,23060.0,1.4032957502168257,Private_forprofit
Galen Health Institutes-Myrtle Beach,61480.0,15860.0,16500.0,15860.0,1.8360655737704918,23060.0,1.4032957502168257,Private_forprofit
Galen Health Institutes-Asheville,61480.0,16400.0,16500.0,16400.0,1.7426829268292683,23060.0,1.4267129228100608,Private_forprofit
The Salon Professional Academy Maplewood,,,,,,,,Private_forprofit
Xtylo Beauty College,,,3350.0,,,,,Private_forprofit
San Francisco School of Massage & Bodywork,,,,,,,,Private_forprofit
Chancellor Institute,,,,,,,,Private_forprofit
The Salon Professional Academy,,,,,,,,Private_forprofit
Studio 75 Hair Academy,,,,,,,,Private_forprofit
Commercial Diving Technologies Institute,,,,,,,,Private_forprofit
Boone Career and Technical Center,,,,,,,,Public
Edge Academy of Beauty,,,,,,,,Private_forprofit
Premier Barber School,,,,,,,,Private_forprofit
Arizona College of Nursing-Falls Church,34657.0,23760.0,9500.0,23760.0,0.0587962962962963,-3763.0,,Private_forprofit
Arizona College of Nursing-Ontario,34657.0,30133.0,9500.0,30133.0,-0.1651345700726778,-3763.0,,Private_forprofit
Galen Health Institutes-Houston,61480.0,16400.0,16500.0,16400.0,1.7426829268292683,23060.0,1.4267129228100608,Private_forprofit
Galen Health Institutes-Pikeville,61480.0,15860.0,16500.0,15860.0,1.8360655737704918,23060.0,1.4032957502168257,Private_forprofit
Stellar Career College,30337.0,,4688.0,,,-8083.0,,Private_forprofit
Commonwealth University of Pennsylvania,52416.0,11046.0,19500.0,11046.0,1.979902227050516,13996.0,2.1824807087739355,Public
Pennsylvania Western University,47295.0,11388.0,16750.0,11388.0,1.6822093431682472,8875.0,3.1704788732394364,Public
Aveda Institute Montana,,,,,,,,Private_forprofit
Lehigh Career & Technical Institute,,,,,,,,Public
CalCopa Massage School,,,,,,,,Private_forprofit
Medical Solutions Academy,,14115.0,,14115.0,,,,Private_forprofit
Sami Halaseh Institute,,,,,,,,Private_forprofit
Beaver Beauty Academy,,,,,,,,Private_forprofit
Upper Kutz Barber & Style College,,,,,,,,Private_forprofit
All In The Wrist Barber Academy,,,,,,,,Private_forprofit
Yeshiva of Kasho,,14000.0,,14000.0,,,,Private_nonprofit
Cutting Edge Barber Academy,,,,,,,,Private_forprofit
JT's Cuts Academy,,,,,,,,Private_forprofit
The Nurse Academy,,,,,,,,Private_forprofit
Heartland Welding Academy,,,,,,,,Private_forprofit
Jazz Barber and Hairstyling Academy,,,,,,,,Private_forprofit
Renaissance Beauty Academy,,,,,,,,Private_forprofit
Central Valley Barber College,,,,,,,,Private_forprofit
One Stop Academy,,,,,,,,Private_forprofit
East Texas Cosmetology College,,,,,,,,Private_forprofit
Yeshivas Sanz Klauzenburg,,14000.0,,14000.0,,,,Private_nonprofit
URBE University,,30550.0,,30550.0,,,,Private_forprofit
Artisan Academy of Cosmetology,,,,,,,,Private_forprofit
Champ's Barber School-Lebanon,,,9500.0,,,,,Private_forprofit
Collectiv Hair Dressing Academy-Collectiv Academy-Dallas,29334.0,,9000.0,,,-9086.0,,Private_forprofit
Homestead Schools-Costa Mesa,59398.0,,18040.0,,,20978.0,,Private_nonprofit
Innovate Salon Academy,,,6333.0,,,,,Private_forprofit
Herzing University-Nashville,36909.0,13420.0,11756.0,13420.0,0.8742921013412817,-1511.0,,Private_nonprofit
College of Biomedical Equipment Technology,,24000.0,,24000.0,,,,Private_forprofit
Dorsey College-Grand Rapids,29392.0,9295.0,9500.0,9295.0,1.1400753093060785,-9028.0,,Private_forprofit
Baltimore Beauty & Barber School II,18172.0,,7500.0,,,-20248.0,,Private_forprofit
Galen Health Institutes-Dallas,61480.0,16400.0,16500.0,16400.0,1.7426829268292683,23060.0,1.4267129228100608,Private_forprofit
Galen Health Institutes-Roanoke,61480.0,15860.0,16500.0,15860.0,1.8360655737704918,23060.0,1.4032957502168257,Private_forprofit
Galen Health Institutes-Wichita,61480.0,15860.0,16500.0,15860.0,1.8360655737704918,23060.0,1.4032957502168257,Private_forprofit
Galen Health Institutes-Salt Lake City,61480.0,15860.0,16500.0,15860.0,1.8360655737704918,23060.0,1.4032957502168257,Private_forprofit
Academy of Cosmetology Barbering and Esthetics,18636.0,,4400.0,,,-19784.0,,Private_forprofit
Aveda Institute Tucson-Avondale,,,6333.0,,,,,Private_forprofit
Premiere Aesthetics Institute-Meridian,,,3666.0,,,,,Private_forprofit
Arizona College of Nursing-Sarasota,34657.0,23093.0,9500.0,23093.0,0.08937773351231976,-3763.0,,Private_forprofit
Arizona College of Nursing-Aurora,34657.0,23760.0,9500.0,23760.0,0.0587962962962963,-3763.0,,Private_forprofit
Arizona College of Nursing-Cincinnati,34657.0,23760.0,9500.0,23760.0,0.0587962962962963,-3763.0,,Private_forprofit
Arizona College of Nursing-Cleveland,34657.0,23760.0,9500.0,23760.0,0.0587962962962963,-3763.0,,Private_forprofit
Glendale Career College-North-West College-MFSON,41472.0,,9321.0,,,3052.0,,Private_forprofit
Denver College of Nursing-Houston,81809.0,,21110.0,,,43389.0,,Private_forprofit
Gwinnett Institute,33735.0,,13000.0,,,-4685.0,,Private_forprofit
Puerto Rico Advance Institute,,7396.0,,7396.0,,,,Private_nonprofit
Austin Medical Assistant Training,,,,,,,,Private_forprofit
Albany Beauty Academy,,,,,,,,Private_forprofit
Wade Gordon Hairdressing Academy-Oklahoma,,,7710.0,,,,,Private_forprofit
EDP University of Puerto Rico-Caguas,22844.0,7050.0,10500.0,7050.0,0.7509219858156029,-15576.0,,Private_nonprofit
Aviation Institute of Maintenance-Phoenix,42759.0,16657.0,12663.0,16657.0,0.8068079486101939,4339.0,6.757317354229085,Private_forprofit
Galen Health Institutes-Las Vegas,61480.0,,16500.0,,,23060.0,,Private_forprofit
Stellar Career College-Crown Point,30337.0,,4688.0,,,-8083.0,,Private_forprofit
Tulsa Welding School-Dallas Campus,41067.0,,6886.0,,,2647.0,,Private_forprofit
Barber Tech Academy-Columbia,,,4750.0,,,,,Private_forprofit
Troy University-Phenix City Campus,42062.0,9792.0,15985.0,9792.0,1.6630923202614378,3642.0,7.0777045579352,Public
Troy University-Montgomery Campus,42062.0,9792.0,15985.0,9792.0,1.6630923202614378,3642.0,7.0777045579352,Public
Troy University-Dothan Campus,42062.0,9792.0,15985.0,9792.0,1.6630923202614378,3642.0,7.0777045579352,Public
Troy University-Online,42062.0,9792.0,15985.0,9792.0,1.6630923202614378,3642.0,7.0777045579352,Public
Troy University-Support Sites,42062.0,9792.0,15985.0,9792.0,1.6630923202614378,3642.0,7.0777045579352,Public
Arizona State University-West,62668.0,12051.0,13610.0,12051.0,3.0708654883412163,24248.0,1.0582728472451337,Public
Arizona State University-Polytechnic,62668.0,12051.0,13610.0,12051.0,3.0708654883412163,24248.0,1.0582728472451337,Public
Arizona State University-Downtown Phoenix,62668.0,12051.0,13610.0,12051.0,3.0708654883412163,24248.0,1.0582728472451337,Public
Arizona State University - Tucson,62668.0,,13610.0,,,24248.0,,Public
Arizona State University - Lake Havasu,62668.0,6969.0,13610.0,6969.0,6.039460467785909,24248.0,0.8486885516331244,Public
Arizona State University - The Gila Valley,62668.0,,13610.0,,,24248.0,,Public
Arizona State University - Yuma,62668.0,,13610.0,,,24248.0,,Public
Arizona State University - Pinal,62668.0,,13610.0,,,24248.0,,Public
Arizona State University - Cochise,62668.0,,13610.0,,,24248.0,,Public
Arizona State University - Yavapai,62668.0,,13610.0,,,24248.0,,Public
Arizona State University - Pima,62668.0,,13610.0,,,24248.0,,Public
Arizona State University - Washington D.C.,62668.0,,13610.0,,,24248.0,,Public
Arizona State University - Northeastern Arizona,62668.0,,13610.0,,,24248.0,,Public
Arizona State University - Mesa City Center,62668.0,,13610.0,,,24248.0,,Public
Arkansas College of Barbering and Hair Design,16209.0,,9833.0,,,-22211.0,,Private_forprofit
Harding School of Theology,52876.0,,21601.0,,,14456.0,,Private_nonprofit
Career Academy of Hair Design-Siloam Springs,21567.0,,5531.0,,,-16853.0,,Private_forprofit
Career Academy of Hair Design-Rogers,21567.0,,5531.0,,,-16853.0,,Private_forprofit
Career Academy of Hair Design-Fayetteville,21567.0,,5531.0,,,-16853.0,,Private_forprofit
Career Academy of Hair Design - Fort Smith,21567.0,,5531.0,,,-16853.0,,Private_forprofit
University of Arkansas Community College at Hope - Texarkana,34162.0,3400.0,3500.0,3400.0,8.018235294117646,-4258.0,,Public
Alliant International University-Fresno,66666.0,,12500.0,,,28246.0,,Private_forprofit
Alliant International University-Los Angeles,66666.0,,12500.0,,,28246.0,,Private_forprofit
Alliant International University-San Francisco Bay Area,66666.0,,12500.0,,,28246.0,,Private_forprofit
Alliant International University-Irvine,66666.0,,12500.0,,,28246.0,,Private_forprofit
Alliant International University-Sacramento,66666.0,,12500.0,,,28246.0,,Private_forprofit
Alliant International University - Phoenix,66666.0,13918.0,12500.0,13918.0,2.8917947981031755,28246.0,0.9352828719110671,Private_forprofit
Casa Loma College - Nashville,49854.0,,20245.0,,,11434.0,,Private_nonprofit
San Jose Campus,,,,,,,,Private_forprofit
Golden Gate University-Seattle,87434.0,,18774.0,,,49014.0,,Private_nonprofit
Golden Gate University-Silicon Valley,87434.0,,18774.0,,,49014.0,,Private_nonprofit
Humphreys College-Modesto,39248.0,14760.0,25000.0,14760.0,-0.034688346883468835,828.0,48.01932367149758,Private_nonprofit
IDEA at ATEP,49156.0,1156.0,4500.0,1156.0,37.62975778546713,10736.0,0.5268256333830105,Public
Life Pacific University-Virginia,43299.0,14890.0,14000.0,14890.0,0.967696440564137,4879.0,5.921295347407256,Private_nonprofit
Life Chiropractic College West - Bellevue University,,,,,,,,Private_nonprofit
MiraCosta College - San Elijo Campus,43845.0,1152.0,9488.0,1152.0,28.82378472222222,5425.0,1.961290322580645,Public
Mount Saint Mary's University - Doheny Campus,72379.0,48132.0,22167.0,48132.0,0.04321449347627358,33959.0,2.070113960952914,Private_nonprofit
San Diego State University-Imperial Valley Campus,64909.0,7060.0,12847.0,7060.0,6.374220963172805,26489.0,0.751519498659821,Public
San Joaquin General Hospital School of Radiation Technology,43212.0,1288.0,7000.0,1288.0,27.114906832298136,4792.0,1.7295492487479132,Public
Jesuit School of Theology of Santa Clara University,109183.0,,16845.0,,,70763.0,,Private_nonprofit
Thomas Aquinas College - New England,55619.0,28700.0,18000.0,28700.0,0.31076655052264807,17199.0,2.7152741438455723,Private_nonprofit
Victor Valley Community College - Aviation Technology,36119.0,1425.0,7500.0,1425.0,19.083508771929825,-2301.0,,Public
Wright Institute (The) -,,,,,,,,Private_nonprofit
Colorado Technical University-Denver South,37180.0,12744.0,12166.0,12744.0,0.9628060263653484,-1240.0,,Private_forprofit
Denver Seminary - Washington DC,,,,,,,,Private_nonprofit
Otero College - La Junta High School,39018.0,4418.0,6000.0,4418.0,6.473517428700769,598.0,17.421404682274247,Public
Goodwin University - Bridgeport Campus,43596.0,,14221.0,,,5176.0,,Private_nonprofit
Porter and Chester Institute of Enfield,41588.0,18160.0,9500.0,18160.0,0.7669603524229075,3168.0,8.731060606060606,Private_forprofit
Porter and Chester Institute of Waterbury,41588.0,15856.0,9500.0,15856.0,1.0237134207870837,3168.0,8.003787878787879,Private_forprofit
Porter and Chester Institute of Worcester,41588.0,15856.0,9500.0,15856.0,1.0237134207870837,3168.0,8.003787878787879,Private_forprofit
Porter and Chester Institute - New London,41588.0,15856.0,9500.0,15856.0,1.0237134207870837,3168.0,8.003787878787879,Private_forprofit
Porter and Chester Institute - Brockton,41588.0,15856.0,9500.0,15856.0,1.0237134207870837,3168.0,8.003787878787879,Private_forprofit
Porter and Chester Institute - Chicopee,41588.0,15856.0,9500.0,15856.0,1.0237134207870837,3168.0,8.003787878787879,Private_forprofit
Porter and Chester Institute - New London 2,41588.0,15856.0,9500.0,15856.0,1.0237134207870837,3168.0,8.003787878787879,Private_forprofit
Delaware Technical Community College-Owens,41448.0,4965.0,5500.0,4965.0,6.2402819738167175,3028.0,3.456076618229855,Public
Delaware Technical Community College-Stanton/Wilmington,41448.0,4965.0,5500.0,4965.0,6.2402819738167175,3028.0,3.456076618229855,Public
Barry University Law School,55966.0,,15750.0,,,17546.0,,Private_nonprofit
Keiser University-Melbourne,39696.0,24136.0,13000.0,24136.0,0.10606562810739145,1276.0,29.103448275862068,Private_nonprofit
Keiser University-Tallahassee,39696.0,24136.0,13000.0,24136.0,0.10606562810739145,1276.0,29.103448275862068,Private_nonprofit
Keiser University-Daytona,39696.0,24136.0,13000.0,24136.0,0.10606562810739145,1276.0,29.103448275862068,Private_nonprofit
Keiser University-Lakeland,39696.0,24136.0,13000.0,24136.0,0.10606562810739145,1276.0,29.103448275862068,Private_nonprofit
Keiser University- Miami,39696.0,24136.0,13000.0,24136.0,0.10606562810739145,1276.0,29.103448275862068,Private_nonprofit
Keiser University-Orlando,39696.0,24136.0,13000.0,24136.0,0.10606562810739145,1276.0,29.103448275862068,Private_nonprofit
Keiser University-Sarasota,39696.0,24136.0,13000.0,24136.0,0.10606562810739145,1276.0,29.103448275862068,Private_nonprofit
Keiser University-Jacksonville,39696.0,24136.0,13000.0,24136.0,0.10606562810739145,1276.0,29.103448275862068,Private_nonprofit
Keiser University-Tampa,39696.0,24136.0,13000.0,24136.0,0.10606562810739145,1276.0,29.103448275862068,Private_nonprofit
Keiser University-Pembroke Pines,39696.0,24136.0,13000.0,24136.0,0.10606562810739145,1276.0,29.103448275862068,Private_nonprofit
Keiser University-Port St Lucie,39696.0,24136.0,13000.0,24136.0,0.10606562810739145,1276.0,29.103448275862068,Private_nonprofit
Keiser University-West Palm Beach,39696.0,24136.0,13000.0,24136.0,0.10606562810739145,1276.0,29.103448275862068,Private_nonprofit
Keiser University-Ft Myers,39696.0,24136.0,13000.0,24136.0,0.10606562810739145,1276.0,29.103448275862068,Private_nonprofit
Keiser University -  Clearwater,39696.0,24136.0,13000.0,24136.0,0.10606562810739145,1276.0,29.103448275862068,Private_nonprofit
Keiser University - New Port Richey,39696.0,24136.0,13000.0,24136.0,0.10606562810739145,1276.0,29.103448275862068,Private_nonprofit
Keiser University - Residential (Flagship),39696.0,37376.0,13000.0,37376.0,-0.2857448630136986,1276.0,39.47962382445141,Private_nonprofit
Maynard A. Traviss Technical College - Central Florida Aerospace Academy,39813.0,,,,,1393.0,,Public
Miami Lakes Educational Center and Technical College -,37543.0,,,,,-877.0,,Public
Rasmussen University-Central Pasco,39080.0,15117.0,13000.0,15117.0,0.7252100284447972,660.0,42.60151515151515,Private_forprofit
Rasmussen University-Fort Myers,39080.0,15117.0,13000.0,15117.0,0.7252100284447972,660.0,42.60151515151515,Private_forprofit
Rasmussen University-Tampa/Brandon,39080.0,15117.0,13000.0,15117.0,0.7252100284447972,660.0,42.60151515151515,Private_forprofit
Rasmussen University-North Orlando,39080.0,15117.0,13000.0,15117.0,0.7252100284447972,660.0,42.60151515151515,Private_forprofit
East Georgia State College - Statesboro,37174.0,4114.0,6374.0,4114.0,6.4866310160427805,-1246.0,,Public
East Georgia State College - Augusta,37174.0,3810.0,6374.0,3810.0,7.083989501312336,-1246.0,,Public
Moody Theological Seminary and Graduate School--Michigan,45399.0,,12000.0,,,6979.0,,Private_nonprofit
Moody Bible Institute - Spokane,45399.0,14400.0,12000.0,14400.0,1.319375,6979.0,3.782776902134976,Private_nonprofit
Triton College - Intl Union of Operating Engr Local 399 Trning Fac.,41728.0,2000.0,5500.0,2000.0,17.114,3308.0,2.2672309552599756,Public
PJ's College of Cosmetology- Brownsburg,22402.0,,7389.0,,,-16018.0,,Private_forprofit
PJ's College of Cosmetology- Jeffersonville,22402.0,,7389.0,,,-16018.0,,Private_forprofit
Ivy Tech Community College-South Bend/Elkhart,37186.0,4912.0,5835.0,4912.0,5.382532573289902,-1234.0,,Public
Ivy Tech Community College-Columbus,37186.0,4912.0,5835.0,4912.0,5.382532573289902,-1234.0,,Public
Ivy Tech Community College-Muncie,37186.0,4912.0,5835.0,4912.0,5.382532573289902,-1234.0,,Public
Ivy Tech Community College-Kokomo,37186.0,4912.0,5835.0,4912.0,5.382532573289902,-1234.0,,Public
Ivy Tech Community College-Lafayette,37186.0,4912.0,5835.0,4912.0,5.382532573289902,-1234.0,,Public
Ivy Tech Community College-Fort Wayne,37186.0,4912.0,5835.0,4912.0,5.382532573289902,-1234.0,,Public
Ivy Tech Community College-Sellersburg,37186.0,4912.0,5835.0,4912.0,5.382532573289902,-1234.0,,Public
Ivy Tech Community College-Evansville,37186.0,4912.0,5835.0,4912.0,5.382532573289902,-1234.0,,Public
Ivy Tech Community College-Terre Haute,37186.0,4912.0,5835.0,4912.0,5.382532573289902,-1234.0,,Public
Ivy Tech Community College-Richmond,37186.0,4912.0,5835.0,4912.0,5.382532573289902,-1234.0,,Public
Ivy Tech Community College-Lake County,37186.0,4912.0,5835.0,4912.0,5.382532573289902,-1234.0,,Public
Ivy Tech Community College-Madison,37186.0,4912.0,5835.0,4912.0,5.382532573289902,-1234.0,,Public
Ivy Tech Community College-Bloomington,37186.0,4912.0,5835.0,4912.0,5.382532573289902,-1234.0,,Public
Ivy Tech Community College-Indianapolis,37186.0,4912.0,5835.0,4912.0,5.382532573289902,-1234.0,,Public
Ivy Tech Community College-Marion,37186.0,4912.0,5835.0,4912.0,5.382532573289902,-1234.0,,Public
Ivy Tech Community College-Valparaiso,37186.0,4912.0,5835.0,4912.0,5.382532573289902,-1234.0,,Public
Ivy Tech Community College-Lawrenceburg,37186.0,4912.0,5835.0,4912.0,5.382532573289902,-1234.0,,Public
Ivy Tech Community College-Hamilton County,37186.0,4912.0,5835.0,4912.0,5.382532573289902,-1234.0,,Public
Ivy Tech Community College-Anderson,37186.0,4912.0,5835.0,4912.0,5.382532573289902,-1234.0,,Public
University of Notre Dame -,99980.0,,19000.0,,,61560.0,,Private_nonprofit
Graceland University - Independence,47361.0,14400.0,14209.0,14400.0,1.3022222222222222,8941.0,3.1997539425120234,Private_nonprofit
Graceland University - Trenton,47361.0,17175.0,14209.0,17175.0,0.9302474526928676,8941.0,3.510121910300861,Private_nonprofit
Baker University School of Nursing,63855.0,,18530.0,,,25435.0,,Private_nonprofit
Coffeyville Technical Campus,35246.0,3040.0,5500.0,3040.0,8.784868421052632,-3174.0,,Public
Columbus Technical Campus,35246.0,3040.0,5500.0,3040.0,8.784868421052632,-3174.0,,Public
Old Town Barber College - KC,21295.0,,9667.0,,,-17125.0,,Private_forprofit
PJ's College of Cosmetology- Greenfield,20392.0,,7283.0,,,-18028.0,,Private_forprofit
PJ's College of Cosmetology- Muncie,20392.0,,7283.0,,,-18028.0,,Private_forprofit
PJ's College of Cosmetology- Indianapolis,20392.0,,7283.0,,,-18028.0,,Private_forprofit
PJ's College of Cosmetology- Plainfield,20392.0,,7283.0,,,-18028.0,,Private_forprofit
PJ's College of Cosmetology- Louisville,20392.0,,7283.0,,,-18028.0,,Private_forprofit
Southeastern Louisiana University - EBR Parish School System Prof Dev,46482.0,,11077.0,,,8062.0,,Public
Southeastern Louisiana University - St Amant High School,46482.0,,11077.0,,,8062.0,,Public
Southeastern Louisiana University - Destrahan High School,46482.0,,11077.0,,,8062.0,,Public
Southeastern Louisiana University - Albert Cammon Middle School,46482.0,,11077.0,,,8062.0,,Public
Beal University,35639.0,,11261.0,,,-2781.0,,Private_forprofit
University of Maine - Machias,48653.0,9420.0,16750.0,9420.0,2.3867303609341826,10233.0,2.5574122935600507,Public
Empire Beauty School-Bangor,23925.0,,7667.0,,,-14495.0,,Private_forprofit
Unity Environmental University,37852.0,11280.0,4752.0,11280.0,1.9343971631205674,-568.0,,Private_nonprofit
Unity Environmental University - Unity,37852.0,17876.0,4752.0,17876.0,0.8516446632356232,-568.0,,Private_nonprofit
Baker College of Cadillac,35833.0,12810.0,16753.0,12810.0,0.4894613583138173,-2587.0,,Private_nonprofit
Baker College of Jackson,35833.0,12810.0,16753.0,12810.0,0.4894613583138173,-2587.0,,Private_nonprofit
Baker College of Muskegon,35833.0,12810.0,16753.0,12810.0,0.4894613583138173,-2587.0,,Private_nonprofit
Baker College - Royal Oak Campus,35833.0,12810.0,16753.0,12810.0,0.4894613583138173,-2587.0,,Private_nonprofit
Calvin University - Handlon Campus,58375.0,,19500.0,,,19955.0,,Private_nonprofit
Davenport University-Warren Location,45099.0,23324.0,17353.0,23324.0,0.18959012176299092,6679.0,6.090282976493487,Private_nonprofit
Davenport University-Kalamazoo Location,45099.0,,17353.0,,,6679.0,,Private_nonprofit
Davenport University-Lansing Location,45099.0,23324.0,17353.0,23324.0,0.18959012176299092,6679.0,6.090282976493487,Private_nonprofit
Davenport University-Midland Location,45099.0,22052.0,17353.0,22052.0,0.258207872301832,6679.0,5.89983530468633,Private_nonprofit
Davenport University-Traverse City Location,45099.0,,17353.0,,,6679.0,,Private_nonprofit
Davenport University - Wayne CCCD,45099.0,,17353.0,,,6679.0,,Private_nonprofit
Davenport University - Detroit,45099.0,23324.0,17353.0,23324.0,0.18959012176299092,6679.0,6.090282976493487,Private_nonprofit
Anoka-Ramsey Community College-Cambridge Campus,48342.0,5682.0,8750.0,5682.0,5.9679690249912,9922.0,1.4545454545454546,Public
Central Lakes College-Staples Campus,42162.0,6209.0,8439.0,6209.0,4.431309389595748,3742.0,3.914484233030465,Public
M State - Detroit Lakes Campus,45591.0,5885.0,9360.0,5885.0,5.156499575191164,7171.0,2.125923859991633,Public
M State - Moorhead Campus,45591.0,6086.0,9360.0,6086.0,4.953171212619126,7171.0,2.153953423511365,Public
M State - Wadena Campus,45591.0,5915.0,9360.0,5915.0,5.125274725274726,7171.0,2.1301073769348764,Public
Minnesota North College - Itasca,45570.0,6004.0,8694.0,6004.0,5.141905396402398,7150.0,2.0556643356643356,Public
Minnesota North College - Mesabi Range Virginia,45570.0,6004.0,8694.0,6004.0,5.141905396402398,7150.0,2.0556643356643356,Public
Minnesota North College - Mesabi Range Eveleth,45570.0,6004.0,8694.0,6004.0,5.141905396402398,7150.0,2.0556643356643356,Public
Minnesota North College - Rainy River,45570.0,6004.0,8694.0,6004.0,5.141905396402398,7150.0,2.0556643356643356,Public
Minnesota North College - Vermilion,45570.0,6004.0,8694.0,6004.0,5.141905396402398,7150.0,2.0556643356643356,Public
South Central College-Faribault,45068.0,6146.0,8250.0,6146.0,4.990562967783925,6648.0,2.1654632972322503,Public
Mayo Clinic College of Medicine and Science - Florida,79652.0,3257.0,9066.0,3257.0,20.672090881179,41232.0,0.2988698098564222,Private_nonprofit
Mayo Clinic College of Medicine and Science - Arizona,79652.0,3257.0,9066.0,3257.0,20.672090881179,41232.0,0.2988698098564222,Private_nonprofit
Northland Community and Technical College - East Grand Forks,44425.0,6262.0,9500.0,6262.0,4.577291600127754,6005.0,2.6248126561199,Public
Rasmussen University-Bloomington,39080.0,10899.0,13000.0,10899.0,1.3928800807413524,660.0,36.21060606060606,Private_forprofit
Rasmussen University-Eagan,39080.0,10899.0,13000.0,10899.0,1.3928800807413524,660.0,36.21060606060606,Private_forprofit
Rasmussen University-Mankato,39080.0,10899.0,13000.0,10899.0,1.3928800807413524,660.0,36.21060606060606,Private_forprofit
Rasmussen University-Lake Elmo/Woodbury,39080.0,10899.0,13000.0,10899.0,1.3928800807413524,660.0,36.21060606060606,Private_forprofit
Rasmussen University-Hennepin/Anoka,39080.0,10899.0,13000.0,10899.0,1.3928800807413524,660.0,36.21060606060606,Private_forprofit
Minnesota State CollegeSoutheast-Red Wing Campus,43613.0,7820.0,9500.0,7820.0,3.3622762148337597,5193.0,3.3352590025033697,Public
Copiah-Lincoln Community College Simpson County Center,31241.0,4000.0,5500.0,4000.0,5.43525,-7179.0,,Public
Copiah-Lincoln Community College-Natchez Campus,31241.0,4000.0,5500.0,4000.0,5.43525,-7179.0,,Public
University of Mississippi Medical Center,50994.0,,15250.0,,,12574.0,,Public
Pearl River Community College-Forrest County Campus,33019.0,3560.0,6250.0,3560.0,6.51938202247191,-5401.0,,Public
Pearl River Community College - Hancock Workforce Academy Hangar,33019.0,3560.0,6250.0,3560.0,6.51938202247191,-5401.0,,Public
Columbia College - Redstone Arsenal,45378.0,8304.0,14750.0,8304.0,2.6883429672447012,6958.0,3.3133084219603335,Private_nonprofit
Columbia College - NAS Jacksonville,45378.0,8304.0,14750.0,8304.0,2.6883429672447012,6958.0,3.3133084219603335,Private_nonprofit
Columbia College - Orlando,45378.0,8304.0,14750.0,8304.0,2.6883429672447012,6958.0,3.3133084219603335,Private_nonprofit
Columbia College - Crystal Lake Campus,45378.0,8304.0,14750.0,8304.0,2.6883429672447012,6958.0,3.3133084219603335,Private_nonprofit
Columbia College - Kansas City,45378.0,8304.0,14750.0,8304.0,2.6883429672447012,6958.0,3.3133084219603335,Private_nonprofit
Columbia College - Fort Leonard Wood,45378.0,8304.0,14750.0,8304.0,2.6883429672447012,6958.0,3.3133084219603335,Private_nonprofit
Columbia College - Jefferson City,45378.0,8304.0,14750.0,8304.0,2.6883429672447012,6958.0,3.3133084219603335,Private_nonprofit
Columbia College - Lake Ozark,45378.0,8304.0,14750.0,8304.0,2.6883429672447012,6958.0,3.3133084219603335,Private_nonprofit
Columbia College - Saint Louis,45378.0,8304.0,14750.0,8304.0,2.6883429672447012,6958.0,3.3133084219603335,Private_nonprofit
Columbia College - Fort Worth,45378.0,8304.0,14750.0,8304.0,2.6883429672447012,6958.0,3.3133084219603335,Private_nonprofit
Columbia College - Salt Lake,45378.0,8304.0,14750.0,8304.0,2.6883429672447012,6958.0,3.3133084219603335,Private_nonprofit
Columbia College - Lake County,45378.0,8304.0,14750.0,8304.0,2.6883429672447012,6958.0,3.3133084219603335,Private_nonprofit
Columbia College - Naval Station Everett/Marysville,45378.0,8304.0,14750.0,8304.0,2.6883429672447012,6958.0,3.3133084219603335,Private_nonprofit
Columbia College - Freeport,45378.0,8304.0,14750.0,8304.0,2.6883429672447012,6958.0,3.3133084219603335,Private_nonprofit
Columbia College - Springfield,45378.0,8304.0,14750.0,8304.0,2.6883429672447012,6958.0,3.3133084219603335,Private_nonprofit
Columbia College - Rolla,45378.0,8304.0,14750.0,8304.0,2.6883429672447012,6958.0,3.3133084219603335,Private_nonprofit
Columbia College - Los Alamitos,45378.0,8304.0,14750.0,8304.0,2.6883429672447012,6958.0,3.3133084219603335,Private_nonprofit
Columbia College - Fort Stewart,45378.0,8304.0,14750.0,8304.0,2.6883429672447012,6958.0,3.3133084219603335,Private_nonprofit
Columbia College - Hunter Army Airfield,45378.0,8304.0,14750.0,8304.0,2.6883429672447012,6958.0,3.3133084219603335,Private_nonprofit
Columbia College - Elgin,45378.0,8304.0,14750.0,8304.0,2.6883429672447012,6958.0,3.3133084219603335,Private_nonprofit
Columbia College - Whidbey Island,45378.0,8304.0,14750.0,8304.0,2.6883429672447012,6958.0,3.3133084219603335,Private_nonprofit
Columbia College - Fort Sill,45378.0,8304.0,14750.0,8304.0,2.6883429672447012,6958.0,3.3133084219603335,Private_nonprofit
Columbia College - San Diego,45378.0,8304.0,14750.0,8304.0,2.6883429672447012,6958.0,3.3133084219603335,Private_nonprofit
Columbia College - Mesquite,45378.0,8304.0,14750.0,8304.0,2.6883429672447012,6958.0,3.3133084219603335,Private_nonprofit
Columbia College - Waynesville,45378.0,8304.0,14750.0,8304.0,2.6883429672447012,6958.0,3.3133084219603335,Private_nonprofit
Columbia College - Naval Base San Diego,45378.0,8304.0,14750.0,8304.0,2.6883429672447012,6958.0,3.3133084219603335,Private_nonprofit
Columbia College - Imperial,45378.0,8304.0,14750.0,8304.0,2.6883429672447012,6958.0,3.3133084219603335,Private_nonprofit
Columbia College - NSB Kings Bay,45378.0,8304.0,14750.0,8304.0,2.6883429672447012,6958.0,3.3133084219603335,Private_nonprofit
Columbia College - Springfield TMobile,45378.0,8304.0,14750.0,8304.0,2.6883429672447012,6958.0,3.3133084219603335,Private_nonprofit
Columbia College - Eastfield Pleasant Grove,45378.0,8304.0,14750.0,8304.0,2.6883429672447012,6958.0,3.3133084219603335,Private_nonprofit
Columbia College - Fort Leonard Wood 58th Trans BN,45378.0,8304.0,14750.0,8304.0,2.6883429672447012,6958.0,3.3133084219603335,Private_nonprofit
Columbia College - USCG Base Honolulu,45378.0,8304.0,14750.0,8304.0,2.6883429672447012,6958.0,3.3133084219603335,Private_nonprofit
Columbia College - Tavares PD,45378.0,8304.0,14750.0,8304.0,2.6883429672447012,6958.0,3.3133084219603335,Private_nonprofit
Columbia College - Denver,45378.0,8304.0,14750.0,8304.0,2.6883429672447012,6958.0,3.3133084219603335,Private_nonprofit
Columbia College - Whiteman AFB,45378.0,8304.0,14750.0,8304.0,2.6883429672447012,6958.0,3.3133084219603335,Private_nonprofit
Kansas City University-Joplin,,,,,,,,Private_nonprofit
City College Montana State University Billings,44296.0,4547.0,10086.0,4547.0,6.523641961733011,5876.0,2.490299523485364,Public
New Hampshire Institute for Therapeutic Arts,,,,,,,,Private_forprofit
American Institute,28710.0,,9304.0,,,-9710.0,,Private_forprofit
Monmouth University -  Monmouth Park Corporate Center,67991.0,,23250.0,,,29571.0,,Private_nonprofit
Bard College - Holyoke Microcollege,46543.0,,19000.0,,,8123.0,,Private_nonprofit
Bard College - Coxsackie Correctional Facility,46543.0,,19000.0,,,8123.0,,Private_nonprofit
Bard College - Eastern NY Correctional Facility,46543.0,,19000.0,,,8123.0,,Private_nonprofit
Bard College - Fishkill Correctional Facility,46543.0,,19000.0,,,8123.0,,Private_nonprofit
Bard College - Green Haven Correctional Facility,46543.0,,19000.0,,,8123.0,,Private_nonprofit
Bard College - Taconic Correctional Facility,46543.0,,19000.0,,,8123.0,,Private_nonprofit
Bard College - Woodbourne Correctional Facility,46543.0,,19000.0,,,8123.0,,Private_nonprofit
Bard College - BHSEC Newark,46543.0,,19000.0,,,8123.0,,Private_nonprofit
Bard College - Brooklyn Public Library,46543.0,,19000.0,,,8123.0,,Private_nonprofit
Bard College - New York Public Library Countee Cullen Branch,46543.0,,19000.0,,,8123.0,,Private_nonprofit
Bard College - Bard Globalization and International Affairs Program,46543.0,,19000.0,,,8123.0,,Private_nonprofit
Bard College - Albion Correctional Facility,46543.0,,19000.0,,,8123.0,,Private_nonprofit
Bryant & Stratton College-Syracuse,32568.0,19323.0,9500.0,19323.0,0.19381048491435077,-5852.0,,Private_nonprofit
Bryant & Stratton College-Amherst,32568.0,18178.0,9500.0,18178.0,0.2690064913631863,-5852.0,,Private_nonprofit
Bryant & Stratton College-Southtowns,32568.0,18195.0,9500.0,18195.0,0.26782082989832373,-5852.0,,Private_nonprofit
Bryant & Stratton College-Henrietta,32568.0,18692.0,9500.0,18692.0,0.23411084956130965,-5852.0,,Private_nonprofit
Clarkson University Capital Region Campus,89696.0,,21714.0,,,51276.0,,Private_nonprofit
Culinary Institute of America at Greystone,47475.0,38410.0,12000.0,38410.0,-0.07641239260609216,9055.0,5.567090005521811,Private_nonprofit
Culinary Institute of America San Antonio,47475.0,37630.0,12000.0,37630.0,-0.0572681371246346,9055.0,5.480949751518498,Private_nonprofit
CUNY Brooklyn College - Feirstein Graduate School of Cinema,60752.0,,9218.0,,,22332.0,,Public
Jamestown Business College -,34976.0,12945.0,10873.0,12945.0,0.8619544225569719,-3444.0,,Private_forprofit
NYSMedical&Dental Assistants - American Institute of Clinical Massage,38899.0,,6887.0,,,479.0,,Private_forprofit
Pratt Manhattan-A Division of Pratt Institute,54295.0,59683.0,20500.0,59683.0,-0.4337583566509726,15875.0,5.050897637795275,Private_nonprofit
Rabbinical Seminary of America-Ma'yan HaTorah,,10000.0,,10000.0,,,,Private_nonprofit
Saint John's University - Staten Island Campus,69571.0,,19500.0,,,31151.0,,Private_nonprofit
Gaston College,35386.0,3186.0,,3186.0,,-3034.0,,Public
Southeastern Baptist Theological Seminary-Nash County Extension Center,,,,,,,,Private_nonprofit
Southeastern Baptist Theological Seminary-Wake County Extension Center,,,,,,,,Private_nonprofit
Winston - Salem Barber School - Satellite,16389.0,,,,,-22031.0,,Private_forprofit
Bryant & Stratton College-Akron,32568.0,20582.0,9500.0,20582.0,0.12078515207462831,-5852.0,,Private_nonprofit
Bryant & Stratton College-Solon,32568.0,19854.0,9500.0,19854.0,0.16188173667774755,-5852.0,,Private_nonprofit
Adult & Community Education Columbus City Schools - Fort Hayes Career,51551.0,,14250.0,,,13131.0,,Public
Hebrew Union College-Jewish Institute of Religion-Cincinnati,,,,,,,,Private_nonprofit
Hebrew Union College-Jewish Institute of Religion-Los Angeles,,,,,,,,Private_nonprofit
Kettering College - Ollie Davis Medical Arts and Education Center,67492.0,,19456.0,,,29072.0,,Private_nonprofit
Mount Carmel College of Nursing - Fairfield,75103.0,13890.0,21000.0,13890.0,2.895104391648668,36683.0,0.9511217730283783,Private_nonprofit
Bushnell University - Roseburg Campus,53623.0,,15633.0,,,15203.0,,Private_nonprofit
Western Seminary-San Jose,,,,,,,,Private_nonprofit
Western Seminary-Sacramento,,,,,,,,Private_nonprofit
The Beauty Institute,24785.0,,8028.0,,,-13635.0,,Private_forprofit
Bucks County Community College-Upper Bucks Campus,47324.0,5021.0,8250.0,5021.0,6.7821151165106555,8904.0,1.4904537286612758,Public
Bucks County Community College-Gene and Marlene Epstein Campus at Lower Bucks,47324.0,5021.0,8250.0,5021.0,6.7821151165106555,8904.0,1.4904537286612758,Public
Harrisburg Area Community College-Lancaster,42007.0,7373.0,9500.0,7373.0,3.4089244540892447,3587.0,4.703930861444103,Public
Harrisburg Area Community College-Gettysburg,42007.0,7373.0,9500.0,7373.0,3.4089244540892447,3587.0,4.703930861444103,Public
Harrisburg Area Community College-Lebanon,42007.0,7373.0,9500.0,7373.0,3.4089244540892447,3587.0,4.703930861444103,Public
Harrisburg Area Community College-York,42007.0,7373.0,9500.0,7373.0,3.4089244540892447,3587.0,4.703930861444103,Public
UPMC Jameson School of Nursing - UPMC Hamot,70472.0,20645.0,9500.0,20645.0,1.9533543230806492,32052.0,0.9405029327343067,Private_nonprofit
New Castle School of Trades,44814.0,,8315.0,,,6394.0,,Private_forprofit
New Castle School of Trades - East Liverpool Campus,44814.0,,8315.0,,,6394.0,,Private_forprofit
Northampton County Area Community College-Monroe,41566.0,5310.0,9500.0,5310.0,5.03879472693032,3146.0,4.707565162110616,Public
UPMC Shadyside - at UPMC Harrisburg,68801.0,20645.0,12000.0,20645.0,1.7513199321869701,30381.0,1.0745202593726342,Private_nonprofit
South Hills School of Business and Technology-Altoona,35539.0,18855.0,12000.0,18855.0,0.24842216918589233,-2881.0,,Private_forprofit
Tennessee College of Applied Technology-Jacksboro,36449.0,,,,,-1971.0,,Public
South College-Asheville,36642.0,17935.0,9500.0,17935.0,0.5133537775299694,-1778.0,,Private_forprofit
South College-Nashville,36642.0,17935.0,9500.0,17935.0,0.5133537775299694,-1778.0,,Private_forprofit
South College-Atlanta,36642.0,17935.0,9500.0,17935.0,0.5133537775299694,-1778.0,,Private_forprofit
South College - Indianapolis,36642.0,17935.0,9500.0,17935.0,0.5133537775299694,-1778.0,,Private_forprofit
South College - Orlando,36642.0,17935.0,9500.0,17935.0,0.5133537775299694,-1778.0,,Private_forprofit
Austin Presbyterian Theological Seminary- YMCA Outdoor Center,,,,,,,,Private_nonprofit
San Jacinto College-North Campus,43062.0,1992.0,5750.0,1992.0,17.730923694779115,4642.0,1.6678155967255492,Public
San Jacinto College-South Campus,43062.0,1992.0,5750.0,1992.0,17.730923694779115,4642.0,1.6678155967255492,Public
San Jacinto Community College District - Generation Park Campus,43062.0,1992.0,5750.0,1992.0,17.730923694779115,4642.0,1.6678155967255492,Public
Texas A & M University Health Science Center,72097.0,11597.0,15000.0,11597.0,3.9234284728809175,33677.0,0.7897674971048491,Public
Snow College-Richfield Campus,41022.0,4564.0,4500.0,4564.0,7.002191060473269,2602.0,3.4834742505764797,Public
Bluefield College - Edward Via College of Osteopathic Medicine,48896.0,,13000.0,,,10476.0,,Private_nonprofit
Bryant & Stratton College-Richmond,32568.0,18607.0,9500.0,18607.0,0.23974848175417854,-5852.0,,Private_nonprofit
Bryant & Stratton College-Hampton,32568.0,18827.0,9500.0,18827.0,0.22526159239390237,-5852.0,,Private_nonprofit
Tidewater Tech - Priority Automotive Tidewater Tech Learning Center,31657.0,16337.0,9500.0,16337.0,0.3562465568953908,-6763.0,,Private_forprofit
Strayer University-Alexandria Campus,40092.0,13920.0,14000.0,13920.0,0.8744252873563219,1672.0,16.698564593301434,Private_forprofit
Strayer University-Woodbridge Campus,40092.0,13920.0,14000.0,13920.0,0.8744252873563219,1672.0,16.698564593301434,Private_forprofit
Strayer University-Loudoun Campus,40092.0,13920.0,14000.0,13920.0,0.8744252873563219,1672.0,16.698564593301434,Private_forprofit
Strayer University-Fredericksburg Campus,40092.0,13920.0,14000.0,13920.0,0.8744252873563219,1672.0,16.698564593301434,Private_forprofit
Strayer University-Chesterfield Campus,40092.0,13920.0,14000.0,13920.0,0.8744252873563219,1672.0,16.698564593301434,Private_forprofit
Strayer University-Newport News Campus,40092.0,13920.0,14000.0,13920.0,0.8744252873563219,1672.0,16.698564593301434,Private_forprofit
Strayer University-Virginia Beach Campus,40092.0,13920.0,14000.0,13920.0,0.8744252873563219,1672.0,16.698564593301434,Private_forprofit
Union Presbyterian Seminary-Charlotte,,,,,,,,Private_nonprofit
Shoreline Community College - CNC Machinists Program  Georgetown SSC,52009.0,5317.0,7123.0,5317.0,7.441978559337972,13589.0,0.9154463168739422,Public
Shoreline Community College - Dental Hygiene,52009.0,10173.0,7123.0,10173.0,3.412267767620171,13589.0,1.2727941717565678,Public
Washington State University-Vancouver,68905.0,11597.0,14853.0,11597.0,3.660860567388118,30485.0,0.8676398228637034,Public
Washington State University-Spokane,68905.0,,14853.0,,,30485.0,,Public
Washington State University-Tri Cities,68905.0,11932.0,14853.0,11932.0,3.530003352329869,30485.0,0.8786288338527144,Public
Washington State University - Everett Campus,68905.0,,14853.0,,,30485.0,,Public
NUC University - Arecibo,24785.0,8054.0,9500.0,8054.0,0.8978147504345667,-13635.0,,Private_forprofit
NUC University - Rio Grande,24785.0,8054.0,9500.0,8054.0,0.8978147504345667,-13635.0,,Private_forprofit
NUC University - Ponce,24785.0,8054.0,9500.0,8054.0,0.8978147504345667,-13635.0,,Private_forprofit
NUC University - Caguas,24785.0,8054.0,9500.0,8054.0,0.8978147504345667,-13635.0,,Private_forprofit
NUC University - Mayaguez,24785.0,8054.0,9500.0,8054.0,0.8978147504345667,-13635.0,,Private_forprofit
NUC University - South Florida,24785.0,9884.0,9500.0,9884.0,0.5464386887899636,-13635.0,,Private_forprofit
NUC University - Florida Technical College - Lakeland,24785.0,15923.0,9500.0,15923.0,-0.04006782641462036,-13635.0,,Private_forprofit
NUC University - Florida Technical College - Deland,24785.0,15923.0,9500.0,15923.0,-0.04006782641462036,-13635.0,,Private_forprofit
NUC University - Florida Technical College - Kissimmee,24785.0,15923.0,9500.0,15923.0,-0.04006782641462036,-13635.0,,Private_forprofit
NUC University - Florida Technical College - Pembroke Pines,24785.0,15923.0,9500.0,15923.0,-0.04006782641462036,-13635.0,,Private_forprofit
NUC University - Florida Technical College - Cutler Bay,24785.0,15923.0,9500.0,15923.0,-0.04006782641462036,-13635.0,,Private_forprofit
NUC University - IBC Technical Division - Ponce,24785.0,11137.0,9500.0,11137.0,0.3724521864056748,-13635.0,,Private_forprofit
NUC University - IBC Technical Division - Mayaguez,24785.0,11137.0,9500.0,11137.0,0.3724521864056748,-13635.0,,Private_forprofit
NUC University - IBC Technical Division - Guayama,24785.0,11137.0,9500.0,11137.0,0.3724521864056748,-13635.0,,Private_forprofit
NUC University - IBC Technical Division - Fajardo,24785.0,11137.0,9500.0,11137.0,0.3724521864056748,-13635.0,,Private_forprofit
NUC University - IBC Technical Division - Manati,24785.0,11137.0,9500.0,11137.0,0.3724521864056748,-13635.0,,Private_forprofit
NUC University - IBC Technical Division - Los Colobos,24785.0,11137.0,9500.0,11137.0,0.3724521864056748,-13635.0,,Private_forprofit
NUC University - IBC Technical Division - Moca,24785.0,11137.0,9500.0,11137.0,0.3724521864056748,-13635.0,,Private_forprofit
NUC University - IBC Technical Division - Aguadilla,24785.0,11137.0,9500.0,11137.0,0.3724521864056748,-13635.0,,Private_forprofit
NUC University - IBC Technical Division - Caguas,24785.0,11137.0,9500.0,11137.0,0.3724521864056748,-13635.0,,Private_forprofit
NUC University - IBC Technical Division - Arecibo,24785.0,11137.0,9500.0,11137.0,0.3724521864056748,-13635.0,,Private_forprofit
NUC University - IBC Technical Division - Escorial,24785.0,11137.0,9500.0,11137.0,0.3724521864056748,-13635.0,,Private_forprofit
NUC University - IBC Technical Division - Bayamon,24785.0,11137.0,9500.0,11137.0,0.3724521864056748,-13635.0,,Private_forprofit
NUC University - IBC Technical Division - Yauco,24785.0,11137.0,9500.0,11137.0,0.3724521864056748,-13635.0,,Private_forprofit
NUC University - Florida Technical College - Orlando,24785.0,15923.0,9500.0,15923.0,-0.04006782641462036,-13635.0,,Private_forprofit
NUC University - Florida Technical College - Tampa,24785.0,15923.0,9500.0,15923.0,-0.04006782641462036,-13635.0,,Private_forprofit
University of the Virgin Islands-Albert A. Sheen,38681.0,5622.0,9500.0,5622.0,4.190501600853788,261.0,57.93869731800766,Public
Purdue University - Purdue Polytechnic Anderson,72424.0,6518.0,15000.0,6518.0,7.810064436943848,34004.0,0.6328079049523585,Public
Purdue University - Purdue Polytechnic Indianapolis,72424.0,7400.0,15000.0,7400.0,6.76,34004.0,0.6587460298788378,Public
Purdue University - Purdue Polytechnic South Bend,72424.0,6518.0,15000.0,6518.0,7.810064436943848,34004.0,0.6328079049523585,Public
Purdue University - Purdue Polytechnic New Albany,72424.0,6518.0,15000.0,6518.0,7.810064436943848,34004.0,0.6328079049523585,Public
Purdue University - Purdue Polytechnic Columbus,72424.0,6518.0,15000.0,6518.0,7.810064436943848,34004.0,0.6328079049523585,Public
Purdue University - Purdue Polytechnic Kokomo,72424.0,6518.0,15000.0,6518.0,7.810064436943848,34004.0,0.6328079049523585,Public
Purdue University - Purdue Polytechnic Richmond,72424.0,6518.0,15000.0,6518.0,7.810064436943848,34004.0,0.6328079049523585,Public
Purdue University - Purdue Polytechnic Lafayette,72424.0,6518.0,15000.0,6518.0,7.810064436943848,34004.0,0.6328079049523585,Public
Purdue University - Purdue Polytechnic Vincennes,72424.0,7400.0,15000.0,7400.0,6.76,34004.0,0.6587460298788378,Public
Purdue University - Westgate Academy,72424.0,11000.0,15000.0,11000.0,4.220363636363636,34004.0,0.7646159275379367,Public
Fayette County Career & Technical Institute -,49229.0,,12440.0,,,10809.0,,Public
ECPI University-Newport News,42837.0,18484.0,13915.0,18484.0,0.5647046093919065,4417.0,7.335069051392348,Private_forprofit
ECPI University-Greensboro,42837.0,18484.0,13915.0,18484.0,0.5647046093919065,4417.0,7.335069051392348,Private_forprofit
ECPI University-Charlotte,42837.0,18484.0,13915.0,18484.0,0.5647046093919065,4417.0,7.335069051392348,Private_forprofit
ECPI University-Greenville,42837.0,18484.0,13915.0,18484.0,0.5647046093919065,4417.0,7.335069051392348,Private_forprofit
ECPI University-Manassas,42837.0,18964.0,13915.0,18964.0,0.5251001898333685,4417.0,7.443740095087163,Private_forprofit
ECPI University-Charleston,42837.0,18484.0,13915.0,18484.0,0.5647046093919065,4417.0,7.335069051392348,Private_forprofit
ECPI University-Raleigh,42837.0,18484.0,13915.0,18484.0,0.5647046093919065,4417.0,7.335069051392348,Private_forprofit
ECPI University-Columbia,42837.0,18484.0,13915.0,18484.0,0.5647046093919065,4417.0,7.335069051392348,Private_forprofit
ECPI University-Culinary Institute of Virginia,42837.0,18484.0,13915.0,18484.0,0.5647046093919065,4417.0,7.335069051392348,Private_forprofit
ECPI University-Virginia Beach Health Sciences,42837.0,18484.0,13915.0,18484.0,0.5647046093919065,4417.0,7.335069051392348,Private_forprofit
ECPI University-Richmond South,42837.0,18484.0,13915.0,18484.0,0.5647046093919065,4417.0,7.335069051392348,Private_forprofit
ECPI University-Innsbrook,42837.0,18484.0,13915.0,18484.0,0.5647046093919065,4417.0,7.335069051392348,Private_forprofit
ECPI University-Richmond West,42837.0,18484.0,13915.0,18484.0,0.5647046093919065,4417.0,7.335069051392348,Private_forprofit
ECPI University - Roanoke,42837.0,18484.0,13915.0,18484.0,0.5647046093919065,4417.0,7.335069051392348,Private_forprofit
ECPI University - Orlando,42837.0,22885.0,13915.0,22885.0,0.26379724710509067,4417.0,8.331446683269187,Private_forprofit
ECPI University - San Antonio,42837.0,18484.0,13915.0,18484.0,0.5647046093919065,4417.0,7.335069051392348,Private_forprofit
Paul Mitchell The School Boise -Paul Mitchell The School Coeur d'Alene,25719.0,,9500.0,,,-12701.0,,Private_forprofit
Northwest Technology Center-Fairview,32501.0,,,,,-5919.0,,Public
Rob Roy Academy - Woonsocket,30033.0,,5500.0,,,-8387.0,,Private_forprofit
College of the Marshall Islands - Kwajalein Campus,,7458.0,,7458.0,,,,Public
Nuvani Institute-Uvalde,19484.0,,3862.0,,,-18936.0,,Private_forprofit
Nuvani Institute-Del Rio,22354.0,,4242.0,,,-16066.0,,Private_forprofit
Nuvani Institute-South Campus,22354.0,,4242.0,,,-16066.0,,Private_forprofit
Everglades University-Orlando,47597.0,20768.0,18950.0,20768.0,0.3793817411402157,9177.0,4.327993897787948,Private_nonprofit
Everglades University-Sarasota,47597.0,20768.0,18950.0,20768.0,0.3793817411402157,9177.0,4.327993897787948,Private_nonprofit
Everglades University - Tampa,47597.0,20768.0,18950.0,20768.0,0.3793817411402157,9177.0,4.327993897787948,Private_nonprofit
Everglades University - Miami,47597.0,20768.0,18950.0,20768.0,0.3793817411402157,9177.0,4.327993897787948,Private_nonprofit
Florida National University-South Campus,33928.0,16088.0,16492.0,16088.0,0.08378915962207857,-4492.0,,Private_forprofit
Florida National University Training Center,33928.0,16088.0,16492.0,16088.0,0.08378915962207857,-4492.0,,Private_forprofit
Connecticut Aero Tech  School,,,,,,,,Public
Indian Capital Technology Center-Sallisaw,33208.0,,,,,-5212.0,,Public
Indian Capital Technology Center-Stilwell,33208.0,,,,,-5212.0,,Public
Indian Capital Technology Center-Tahlequah,33208.0,,,,,-5212.0,,Public
Indian Capital Technology Center School  District Number 4 - Coweta,33208.0,,,,,-5212.0,,Public
Central California School of Continuing Education -,41223.0,9895.0,5150.0,9895.0,2.6455785750378977,2803.0,5.367463432037103,Private_forprofit
Compu-Med Vocational Careers Corp,22226.0,,,,,-16194.0,,Private_forprofit
Osceola Technical College - St. Cloud Campus,38484.0,,,,,64.0,,Public
Osceola Technical College - Poinciana Campus,38484.0,,,,,64.0,,Public
Southeastern College-Miami Lakes,41200.0,23584.0,12039.0,23584.0,0.23647388059701493,2780.0,12.814028776978418,Private_forprofit
Strayer University-Rockville Campus,40092.0,13920.0,14000.0,13920.0,0.8744252873563219,1672.0,16.698564593301434,Private_forprofit
Strayer University-Anne Arundel Campus,40092.0,13920.0,14000.0,13920.0,0.8744252873563219,1672.0,16.698564593301434,Private_forprofit
Strayer University-White Marsh Campus,40092.0,13920.0,14000.0,13920.0,0.8744252873563219,1672.0,16.698564593301434,Private_forprofit
Blue Cliff College,22177.0,,8265.0,,,-16243.0,,Private_forprofit
Texas Barber College - Branch Campus #1,21262.0,,9500.0,,,-17158.0,,Private_forprofit
Texas Barber College - Branch Campus #2,21262.0,,9500.0,,,-17158.0,,Private_forprofit
Texas Barber College - Branch Campus #5,21262.0,,9500.0,,,-17158.0,,Private_forprofit
Strayer University-Nashville Campus,40092.0,13920.0,14000.0,13920.0,0.8744252873563219,1672.0,16.698564593301434,Private_forprofit
Strayer University-Shelby Oaks Campus,40092.0,13920.0,14000.0,13920.0,0.8744252873563219,1672.0,16.698564593301434,Private_forprofit
Strayer University-Knoxville Campus,40092.0,13920.0,14000.0,13920.0,0.8744252873563219,1672.0,16.698564593301434,Private_forprofit
Strayer University-Center City Campus,40092.0,13920.0,14000.0,13920.0,0.8744252873563219,1672.0,16.698564593301434,Private_forprofit
Strayer University-Allentown Campus,40092.0,13920.0,14000.0,13920.0,0.8744252873563219,1672.0,16.698564593301434,Private_forprofit
Leston College -,16002.0,,,,,-22418.0,,Private_forprofit
Paul Mitchell The School Great Lakes - Sarasota,16715.0,,8389.0,,,-21705.0,,Private_forprofit
SAE Institute of Technology-New York,39544.0,23399.0,9245.0,23399.0,0.29488439676909267,1124.0,29.04270462633452,Private_forprofit
SAE Institute of Technology-Atlanta,39544.0,17027.0,9245.0,17027.0,0.7794679039173078,1124.0,23.373665480427047,Private_forprofit
SAE Institute of Technology-Miami,39544.0,22799.0,9245.0,22799.0,0.328961796570025,1124.0,28.508896797153024,Private_forprofit
SAE Institute of Technology-Chicago,39544.0,17027.0,9245.0,17027.0,0.7794679039173078,1124.0,23.373665480427047,Private_forprofit
Aviator College of Aeronautical Science & Technology -  Kissimmee,67739.0,16978.0,12000.0,16978.0,2.2830133113440922,29319.0,0.9883693168252669,Private_forprofit
Rasmussen University-Aurora,39080.0,13546.0,13000.0,13546.0,0.9252915989960135,660.0,40.22121212121212,Private_forprofit
Rasmussen University-Romeoville/Joliet,39080.0,13546.0,13000.0,13546.0,0.9252915989960135,660.0,40.22121212121212,Private_forprofit
Rasmussen University-Mokena/Tinley Park,39080.0,13546.0,13000.0,13546.0,0.9252915989960135,660.0,40.22121212121212,Private_forprofit
Strayer University-Orlando East Campus,40092.0,13920.0,14000.0,13920.0,0.8744252873563219,1672.0,16.698564593301434,Private_forprofit
Strayer University-Baymeadows Campus,40092.0,13920.0,14000.0,13920.0,0.8744252873563219,1672.0,16.698564593301434,Private_forprofit
Strayer University-Miramar Campus,40092.0,13920.0,14000.0,13920.0,0.8744252873563219,1672.0,16.698564593301434,Private_forprofit
Academy Di Capelli -,,,6333.0,,,,,Private_forprofit
Dragon Rises College of Oriental Medicine - Bradenton,,,,,,,,Private_nonprofit
Dayton School of Medical Massage-Lima,31071.0,18122.0,9500.0,18122.0,0.19032115660523122,-7349.0,,Private_forprofit
Cincinnati School of Medical Massage,31071.0,18122.0,9500.0,18122.0,0.19032115660523122,-7349.0,,Private_forprofit
Cleveland Institute of Medical Massage,31071.0,18122.0,9500.0,18122.0,0.19032115660523122,-7349.0,,Private_forprofit
Columbus School of Medical Massage,31071.0,18122.0,9500.0,18122.0,0.19032115660523122,-7349.0,,Private_forprofit
Strayer University-Huntsville Campus,40092.0,13920.0,14000.0,13920.0,0.8744252873563219,1672.0,16.698564593301434,Private_forprofit
Strayer University - Montgomery Campus,40092.0,13920.0,14000.0,13920.0,0.8744252873563219,1672.0,16.698564593301434,Private_forprofit
Rasmussen University-Wausau,39080.0,11982.0,13000.0,11982.0,1.1765982306793523,660.0,37.85151515151515,Private_forprofit
Coastline Beauty College - Hemet,11585.0,,,,,-26835.0,,Private_forprofit
Elevate Salon Institute,16853.0,,6333.0,,,-21567.0,,Private_forprofit
Academy of Hair Design - Austin,25129.0,,7917.0,,,-13291.0,,Private_forprofit
Bryant & Stratton College-Bayshore,32568.0,19025.0,9500.0,19025.0,0.21250985545335085,-5852.0,,Private_nonprofit
Bryant & Stratton College-Racine,32568.0,19347.0,9500.0,19347.0,0.19232956013852276,-5852.0,,Private_nonprofit
Strayer University-North Charlotte,40092.0,13920.0,14000.0,13920.0,0.8744252873563219,1672.0,16.698564593301434,Private_forprofit
Strayer University-South Charlotte,40092.0,13920.0,14000.0,13920.0,0.8744252873563219,1672.0,16.698564593301434,Private_forprofit
Strayer University-North Raleigh Campus,40092.0,13920.0,14000.0,13920.0,0.8744252873563219,1672.0,16.698564593301434,Private_forprofit
Strayer University-South Raleigh Campus,40092.0,13920.0,14000.0,13920.0,0.8744252873563219,1672.0,16.698564593301434,Private_forprofit
Cambridge College of Healthcare & Technology,47792.0,14908.0,11125.0,14908.0,1.459551918433056,9372.0,2.7777422108408025,Private_forprofit
Cambridge College of Healthcare & Technology - Miami Gardens,47792.0,14908.0,11125.0,14908.0,1.459551918433056,9372.0,2.7777422108408025,Private_forprofit
Celebrity School of Beauty - Hialeah,15626.0,,6232.0,,,-22794.0,,Private_forprofit
Jersey College - Tampa,66087.0,,16010.0,,,27667.0,,Private_forprofit
Jersey College - Ewing,66087.0,,16010.0,,,27667.0,,Private_forprofit
Jersey College - Jacksonville,66087.0,,16010.0,,,27667.0,,Private_forprofit
Jersey College - Fort Lauderdale,66087.0,,16010.0,,,27667.0,,Private_forprofit
Jersey College - Largo,66087.0,,16010.0,,,27667.0,,Private_forprofit
Jersey College - Port Charlotte,66087.0,,16010.0,,,27667.0,,Private_forprofit
Jersey College - Fort Wayne,66087.0,,16010.0,,,27667.0,,Private_forprofit
Jersey College - Brooksville,66087.0,,16010.0,,,27667.0,,Private_forprofit
Jersey College - Naples,66087.0,,16010.0,,,27667.0,,Private_forprofit
Jersey College - Cleveland,66087.0,,16010.0,,,27667.0,,Private_forprofit
Jersey College - Melbourne,66087.0,,16010.0,,,27667.0,,Private_forprofit
Jersey College - Scranton,66087.0,,16010.0,,,27667.0,,Private_forprofit
Jersey College - Tucson,66087.0,,16010.0,,,27667.0,,Private_forprofit
Jersey College - Knoxville,66087.0,,16010.0,,,27667.0,,Private_forprofit
Jersey College - Jenkintown,66087.0,,16010.0,,,27667.0,,Private_forprofit
Utah County Campus,27153.0,,7667.0,,,-11267.0,,Private_forprofit
L'esprit Academy - Royal Oak,22440.0,,6333.0,,,-15980.0,,Private_forprofit
Strayer University-Cobb Campus,40092.0,13920.0,14000.0,13920.0,0.8744252873563219,1672.0,16.698564593301434,Private_forprofit
Strayer University-Morrow Campus,40092.0,13920.0,14000.0,13920.0,0.8744252873563219,1672.0,16.698564593301434,Private_forprofit
Strayer University-Lithonia Campus,40092.0,13920.0,14000.0,13920.0,0.8744252873563219,1672.0,16.698564593301434,Private_forprofit
Strayer University-Savannah Campus,40092.0,13920.0,14000.0,13920.0,0.8744252873563219,1672.0,16.698564593301434,Private_forprofit
Strayer University-Augusta Campus,40092.0,13920.0,14000.0,13920.0,0.8744252873563219,1672.0,16.698564593301434,Private_forprofit
Strayer University - Macon Campus,40092.0,13920.0,14000.0,13920.0,0.8744252873563219,1672.0,16.698564593301434,Private_forprofit
Strayer University-Columbia Campus,40092.0,13920.0,14000.0,13920.0,0.8744252873563219,1672.0,16.698564593301434,Private_forprofit
Strayer University-Charleston Campus,40092.0,13920.0,14000.0,13920.0,0.8744252873563219,1672.0,16.698564593301434,Private_forprofit
Strayer University-Northwest Houston,40092.0,13920.0,14000.0,13920.0,0.8744252873563219,1672.0,16.698564593301434,Private_forprofit
Strayer University-Cedar Hill,40092.0,13920.0,14000.0,13920.0,0.8744252873563219,1672.0,16.698564593301434,Private_forprofit
Strayer University-North Dallas,40092.0,13920.0,14000.0,13920.0,0.8744252873563219,1672.0,16.698564593301434,Private_forprofit
Strayer University-San Antonio,40092.0,13920.0,14000.0,13920.0,0.8744252873563219,1672.0,16.698564593301434,Private_forprofit
Strayer University - Northwest Houston Campus,40092.0,13920.0,14000.0,13920.0,0.8744252873563219,1672.0,16.698564593301434,Private_forprofit
Unitek College,79550.0,,9769.0,,,41130.0,,Private_forprofit
Keweenaw Bay Ojibwa Community College - Wabanung Campus,22340.0,975.0,,975.0,,-16080.0,,Public
Cinta Aveda Institute - San Jose,34937.0,,5500.0,,,-3483.0,,Private_forprofit
Relay Graduate School of Education - Newark,,,,,,,,Private_nonprofit
Relay Graduate School of Education - New Orleans,,,,,,,,Private_nonprofit
Relay Graduate School of Education - Delaware,,,,,,,,Private_nonprofit
Relay Graduate School of Education - Memphis,,,,,,,,Private_nonprofit
Relay Graduate School of Education - Houston,,,,,,,,Private_nonprofit
Relay Graduate School of Education - Chicago,,,,,,,,Private_nonprofit
Relay Graduate School of Education - Baton Rouge,,,,,,,,Private_nonprofit
Relay Graduate School of Education - Philadelphia & Camden,,,,,,,,Private_nonprofit
Relay Graduate School of Education - Denver,,,,,,,,Private_nonprofit
Relay Graduate School of Education - Nashville,,,,,,,,Private_nonprofit
Relay Graduate School of Education - San Antonio,,,,,,,,Private_nonprofit
Relay Graduate School of Education - Dallas-Fort Worth,,,,,,,,Private_nonprofit
Relay Graduate School of Education - Washington D.C,,,,,,,,Private_nonprofit
Relay Graduate School of Education - Atlanta,,,,,,,,Private_nonprofit
Relay Graduate School of Education - California,,,,,,,,Private_nonprofit
Relay Graduate School of Education - Indiana,,,,,,,,Private_nonprofit
Relay Graduate School of Education - Connecticut,,,,,,,,Private_nonprofit
Salon Institute - Columbus Campus,,,9833.0,,,,,Private_forprofit
Digital Film Academy - Atlanta,,,5500.0,,,,,Private_forprofit
Rasmussen University - Overland Park,39080.0,15340.0,13000.0,15340.0,0.7001303780964798,660.0,42.93939393939394,Private_forprofit
Rocky Vista University - Southern Utah,,,,,,,,Private_forprofit
Designer Barber & Stylist School -,,,10203.0,,,,,Private_forprofit
Sharp Edgez Barber Institute - Buffalo,,,5426.0,,,,,Private_forprofit
Chrysm Institute of Esthetics (The) - Hampton,,,6333.0,,,,,Private_forprofit
Lynnes Welding Training - Ramsey,,,3385.0,,,,,Private_forprofit
Lynnes Welding Training-Bismarck,,,3385.0,,,,,Private_forprofit
Networks Barber College,,,15900.0,,,,,Private_forprofit
East-West Healing Arts Institute - Milwaukee,,,8444.0,,,,,Private_forprofit
Alliance Computing Solutions - NYC,,,5709.0,,,,,Private_forprofit
Bay Area Medical Academy - San Jose Satellite Location,,,8291.0,,,,,Private_forprofit
High Desert Medical College - Bakerfield,,,9500.0,,,,,Private_forprofit
High Desert Medical College - Temecula,,,9500.0,,,,,Private_forprofit
University of West Los Angeles - Chatsworth,,,,,,,,Private_forprofit
Georgia Military College - Zebulon,39257.0,8112.0,5500.0,8112.0,3.1613658777120315,837.0,16.262843488649942,Public
Georgia Military College - Valdosta,39257.0,8112.0,5500.0,8112.0,3.1613658777120315,837.0,16.262843488649942,Public
Georgia Military College - Augusta,39257.0,8112.0,5500.0,8112.0,3.1613658777120315,837.0,16.262843488649942,Public
Georgia Military College - Fairburn,39257.0,8112.0,5500.0,8112.0,3.1613658777120315,837.0,16.262843488649942,Public
Georgia Military College - Robins,39257.0,8112.0,5500.0,8112.0,3.1613658777120315,837.0,16.262843488649942,Public
Georgia Military College - Columbus,39257.0,8112.0,5500.0,8112.0,3.1613658777120315,837.0,16.262843488649942,Public
Georgia Military College - Madison,39257.0,8112.0,5500.0,8112.0,3.1613658777120315,837.0,16.262843488649942,Public
Georgia Military College - Stone Mountain,39257.0,8112.0,5500.0,8112.0,3.1613658777120315,837.0,16.262843488649942,Public
Georgia Military College - Fayetteville,39257.0,8112.0,5500.0,8112.0,3.1613658777120315,837.0,16.262843488649942,Public
Georgia Military College - Dublin,39257.0,8112.0,5500.0,8112.0,3.1613658777120315,837.0,16.262843488649942,Public
Georgia Military College - Rockdale,39257.0,8112.0,5500.0,8112.0,3.1613658777120315,837.0,16.262843488649942,Public
American College of Barbering - Florence,,,9399.0,,,,,Private_forprofit
Phipps Academy of Barbering - Bradley,,,6556.0,,,,,Private_forprofit
Alabama School of Nail Technology & Cosmetology - Saraland,,,16500.0,,,,,Private_forprofit
HCI College - Fort Lauderdale Campus,,20029.0,18312.0,20029.0,,,,Private_forprofit
Virginia University of Integrative Medicine - New Jersey,,,,,,,,Private_nonprofit
Virginia University of Integrative Medicine - Georgia,,,,,,,,Private_nonprofit
ABC Adult School - Cabrillo Lane,,,,,,,,Public
Mystros Barber Academy - Missouri City,,,7959.0,,,,,Private_nonprofit
Urban Barber College - San Jose,,,9855.0,,,,,Private_forprofit
Wilton Simpson Technical College,,,,,,,,Public
College Unbound - Newport/Aquidneck Island,,10488.0,7690.0,10488.0,,,,Private_nonprofit
Valley College - Fairlawn - School of Nursing,24900.0,,9418.0,,,-13520.0,,Private_forprofit
Western Maricopa Education Center - Southwest Campus,,,,,,,,Public
Western Maricopa Education Center - Northeast Campus,,,,,,,,Public
Burlington County Institute of Technology - Adult Education -,,,,,,,,Public
